Keyword,Position,Previous position,Search Volume,Keyword Difficulty,CPC,URL,Traffic,Traffic (%),Traffic Cost,Competition,Number of Results,Trends,Timestamp,SERP Features by Keyword,Keyword Intents,Position Type
reedy,1,1,4400,71,0.21,https://www.reedyandcompany.com/,3520,19.45,739.00,0.02,12300000,"[54,54,66,66,44,44,54,54,44,54,44,44]",2026-04-22,"Knowledge panel, Image pack, Sitelinks, Video, Image, Related searches",navigational,Organic
reedy and company,1,1,4400,52,0.46,https://www.reedyandcompany.com/,3520,19.45,1619.00,0.02,8940000,"[44,36,44,44,44,36,36,36,36,36,29,29]",2026-04-22,"Knowledge panel, Sitelinks, Video, Related searches",navigational,Organic
reedy and company memphis tennessee,1,1,2900,47,0.46,https://www.reedyandcompany.com/,2320,12.82,1067.00,0.02,199000,"[3,81,100,100,43,54,1,0,24,36,43,54]",2026-04-25,"Knowledge panel, Sitelinks, Video, People also ask, Related searches",navigational,Organic
reedy & company memphis,1,1,2900,47,0.46,https://www.reedyandcompany.com/,2320,12.82,1067.00,0.02,258000,"[3,81,100,100,43,54,1,13,24,36,43,54]",2026-04-26,"Knowledge panel, Sitelinks, Video, People also ask, Related searches",navigational,Organic
reedy & company,1,1,720,51,0.46,https://www.reedyandcompany.com/rental-properties/,576,3.18,264.00,0.02,0,"[20,20,20,20,24,20,36,27,13,16,20,16]",2026-03-11,"Knowledge panel, Sitelinks, Video, Related searches",navigational,Organic
for rent houses memphis,4,7,6600,44,0.42,https://www.reedyandcompany.com/rental-properties/,429,2.37,180.00,0.64,4990000,"[2,81,100,81,81,81,0,3,23,54,36,81]",2026-04-27,"Video, Image, Related searches",informational,Organic
reedy and company memphis tn,1,1,480,48,0.54,https://www.reedyandcompany.com/,384,2.12,207.00,0.23,122,"[81,54,67,44,44,54,54,44,54,54,36,29]",2026-03-31,"Knowledge panel, Sitelinks, Video, People also ask, Related searches",navigational,Organic
reedy company,1,1,320,50,0.46,https://www.reedyandcompany.com/,256,1.41,117.00,0.02,123,"[8,8,7,7,7,7,8,8,100,11,8,11]",2026-03-23,"Knowledge panel, Sitelinks, Video, Related searches",navigational,Organic
houses for rent memphis tn,5,5,3600,44,0.42,https://www.reedyandcompany.com/rental-properties/,158,0.87,66.00,0.64,110,"[44,44,44,36,44,36,36,29,29,24,24,24]",2026-04-24,"Video, Related searches",informational,Organic
houses for rent in memphis tn,4,4,2400,43,0.42,https://www.reedyandcompany.com/rental-properties/,156,0.86,65.00,0.64,3060000,"[44,10,19,19,15,15,36,10,13,15,15,36]",2026-04-23,"Video, Ads bottom, Related searches",informational,Organic
reedy and company memphis,1,1,170,43,0.54,https://www.reedyandcompany.com/,136,0.75,73.00,0.23,120,"[100,35,66,28,43,82,23,28,53,12,17,17]",2026-03-21,"Knowledge panel, Sitelinks, Video, Related searches",navigational,Organic
reedy and company in memphis tennessee,1,1,170,36,0.54,https://www.reedyandcompany.com/,136,0.75,73.00,0.23,97,"[43,43,28,28,53,82,35,28,53,53,66,35]",2026-03-26,"Knowledge panel, Video, Related searches","informational, transactional",Organic
houses for rent memphis,3,3,1600,39,0.42,https://www.reedyandcompany.com/rental-properties/,131,0.72,55.00,0.64,9670000,"[65,55,55,44,44,34,65,55,55,55,44,65]",2026-04-16,"Video, Related searches",informational,Organic
reedy company memphis tn,1,1,140,42,0.54,https://www.reedyandcompany.com/,112,0.61,60.00,0.23,114000,"[80,66,66,52,52,80,33,52,66,52,33,52]",2026-03-26,"Knowledge panel, Sitelinks, Video, Related searches",navigational,Organic
homes for rent memphis tn,5,5,2400,40,0.49,https://www.reedyandcompany.com/rental-properties/,105,0.58,51.00,0.61,3580000,"[53,44,44,53,44,44,44,35,35,35,35,35]",2026-04-24,"Video, Related searches",commercial,Organic
tenancy at will,1,0,2400,19,0.44,https://www.reedyandcompany.com/blog/tenant-at-will-explained-everything-you-need-to-know/,98,0.54,43.00,0.02,25400000,"[53,44,44,44,44,44,44,35,35,35,24,29]",2026-04-27,"Sitelinks, Video, Video Carousel, People also ask, Related searches, Discussions and forums, AI overview",informational,People also ask
reedy & company memphis property rentals photos,1,1,110,26,0.36,https://www.reedyandcompany.com/rental-properties/,88,0.48,31.00,0.22,9340,"[80,65,100,80,53,53,26,11,11,7,11,11]",2026-04-08,"Knowledge panel, Video, Image, People also ask, Related searches","informational, transactional",Organic
reedyandcompany,1,1,110,41,0.00,https://www.reedyandcompany.com/,88,0.48,0.00,0,76,"[34,34,28,34,34,28,34,34,28,34,34,28]",2026-04-13,"Knowledge panel, Sitelinks, Video, Related searches",navigational,Organic
reedy & company memphis property rentals,1,1,90,33,0.63,https://www.reedyandcompany.com/rental-properties/,72,0.39,45.00,0.32,125000,"[10,10,12,12,7,10,10,12,5,5,5,5]",2026-04-01,"Knowledge panel, Video, Related searches",navigational,Organic
reedy and company houses for rent,1,1,70,25,0.24,https://www.reedyandcompany.com/rental-properties/,56,0.3,13.00,0.45,206000,"[5,5,5,5,12,23,23,17,17,28,23,23]",2026-04-10,"Knowledge panel, Video, Related searches",transactional,Organic
reedy and company tenant portal login memphis tn,1,1,70,25,0.00,https://www.reedyandcompany.com/,56,0.3,0.00,0.01,755,"[36,45,18,36,100,81,63,45,36,36,63,81]",2026-03-16,"Sitelinks, Related searches","navigational, transactional",Organic
reedy rentals,1,1,70,36,0.77,https://www.reedyandcompany.com/rental-properties/,56,0.3,43.00,0.27,1330000,"[50,78,35,100,64,35,28,28,21,14,14,50]",2026-04-06,"Knowledge panel, Top stories, Sitelinks, Video, Related searches",informational,Organic
reddy company,1,1,70,54,0.51,https://www.reedyandcompany.com/,56,0.3,28.00,0.03,0,"[26,26,19,19,15,26,42,15,26,42,26,53]",2026-03-08,"Local pack, Sitelinks, Video, Related searches",navigational,Organic
ready and company,1,1,70,34,0.46,https://www.reedyandcompany.com/,56,0.3,25.00,0.02,3070000000,"[0,0,0,0,1,1,1,1,1,1,1,1]",2026-04-25,"Knowledge panel, Sitelinks, Video, People also ask, Related searches",navigational,Organic
reedy rentals memphis,1,1,70,32,0.63,https://www.reedyandcompany.com/,56,0.3,35.00,0.32,0,"[11,11,15,23,18,15,11,11,6,8,8,3]",2026-03-15,"Knowledge panel, Sitelinks, Video, Related searches",navigational,Organic
reedy company rentals memphis tn,1,1,70,28,0.63,https://www.reedyandcompany.com/rental-properties/,56,0.3,35.00,0.32,123000,"[17,17,23,23,17,12,17,17,10,12,12,5]",2026-03-30,"Knowledge panel, Video, Related searches",navigational,Organic
reedy and company rentals,1,1,70,33,0.63,https://www.reedyandcompany.com/rental-properties/,56,0.3,35.00,0.32,0,"[11,11,11,18,15,11,11,11,6,8,8,3]",2026-03-19,"Knowledge panel, Video, Related searches",navigational,Organic
rental properties near me,13,13,18100,62,0.51,https://www.reedyandcompany.com/rental-properties/,54,0.29,27.00,0.66,196000000,"[36,66,36,36,36,29,36,44,36,44,36,36]",2026-04-25,"Local pack, Video, People also ask, Related searches",transactional,Organic
tenancy at will,6,5,2400,19,0.44,https://www.reedyandcompany.com/blog/tenant-at-will-explained-everything-you-need-to-know/,52,0.28,22.00,0.02,25400000,"[53,44,44,44,44,44,44,35,35,35,24,29]",2026-04-27,"Sitelinks, Video, Video Carousel, People also ask, Related searches, Discussions and forums, AI overview",informational,Organic
reedy property management,2,2,390,25,0.36,https://www.reedyandcompany.com/,51,0.28,18.00,0.11,1240000,"[54,54,44,44,54,54,66,44,44,44,44,44]",2026-04-09,"Local pack, Sitelinks, Video, Image, Related searches",navigational,Organic
homes for rent,36,36,165000,61,0.57,https://www.reedyandcompany.com/rental-properties/,49,0.27,27.00,0.65,578000000,"[67,67,67,67,67,67,67,67,67,67,81,100]",2026-04-24,"Knowledge panel, Related searches",informational,Organic
memphis rental homes,4,4,720,50,0.49,https://www.reedyandcompany.com/rental-properties/,46,0.25,22.00,0.61,5650000,"[36,36,20,27,10,13,20,16,20,13,13,13]",2026-04-19,"Local pack, Video, Image, Related searches",commercial,Organic
home rentals in memphis,5,5,1900,50,0.42,https://www.reedyandcompany.com/rental-properties/,45,0.24,18.00,0.64,37200000,"[0,0,0,0,0,0,1,4,29,66,44,100]",2026-04-24,"Local pack, Video, Related searches",commercial,Organic
property management memphis tn,2,2,1000,49,2.86,https://www.reedyandcompany.com/,44,0.24,125.00,0.47,0,"[81,62,81,100,81,81,55,36,45,62,45,45]",2026-03-15,"Local pack, Sitelinks, Video, Image, Related searches",commercial,Organic
reedy company rentals,1,1,50,29,12.94,https://www.reedyandcompany.com/rental-properties/,40,0.22,517.00,0.32,1310000,"[7,7,3,10,10,7,4,7,4,5,5,4]",2026-04-23,"Knowledge panel, Video, People also ask, Related searches",navigational,Organic
reedy and company rentals memphis tn,1,1,50,32,0.63,https://www.reedyandcompany.com/,40,0.22,25.00,0.32,18500,"[7,7,3,10,10,7,4,7,4,5,5,2]",2026-03-30,"Knowledge panel, Sitelinks, Video, People also ask, Related searches",navigational,Organic
reedy & company memphis property rentals memphis tn,1,1,50,27,0.63,https://www.reedyandcompany.com/rental-properties/,40,0.22,25.00,0.32,62600,"[7,7,3,10,10,7,4,7,4,5,5,2]",2026-03-23,"Knowledge panel, Video, Related searches",navigational,Organic
apt house,1,1,480,81,0.99,https://www.reedyandcompany.com/blog/apartment-vs-a-house-which-is-better-for-your-needs/,39,0.21,38.00,0.2,301000000,"[16,11,16,8,46,37,16,100,7,13,31,20]",2026-04-15,"Image pack, Video, People also ask, Related searches",informational,Image pack
homes for rent in memphis tn,7,7,1300,38,0.49,https://www.reedyandcompany.com/rental-properties/,39,0.21,19.00,0.61,2680000,"[36,19,19,19,24,15,24,10,24,13,15,19]",2026-04-20,"Video, Related searches",informational,Organic
rental companies in memphis,2,2,880,57,1.09,https://www.reedyandcompany.com/,38,0.21,41.00,0.43,21500000,"[100,66,41,30,36,24,30,16,20,24,30,30]",2026-04-23,"Local pack, Sitelinks, Video, Related searches",commercial,Organic
homes for rent memphis,5,5,880,30,0.42,https://www.reedyandcompany.com/rental-properties/,38,0.21,15.00,0.64,110,"[30,30,30,30,36,24,100,30,30,36,36,36]",2026-04-02,"Video, Related searches",commercial,Organic
houses for rent in memphis,6,6,1000,37,0.42,https://www.reedyandcompany.com/rental-properties/,35,0.19,14.00,0.64,9640000,"[24,8,16,13,7,100,13,13,16,10,10,13]",2026-03-27,"Video, Related searches",informational,Organic
ready company,2,2,260,29,0.56,https://www.reedyandcompany.com/,34,0.18,19.00,0.09,88,"[53,43,66,66,82,82,66,100,66,53,82,82]",2026-04-20,"Sitelinks, Video, People also ask, Related searches",navigational,Organic
rental,37,37,49500,89,0.66,https://www.reedyandcompany.com/rental-properties/,34,0.18,22.00,0.33,2810000000,"[81,54,66,66,66,81,66,81,66,66,54,81]",2026-04-25,"Video, Image, Related searches",commercial,Organic
reedy and co,1,1,40,45,0.46,https://www.reedyandcompany.com/,32,0.17,14.00,0.02,6450000,"[9,14,23,19,14,9,14,9,9,14,4,100]",2026-03-27,"Knowledge panel, Sitelinks, Video, Related searches",navigational,Organic
reedy & company memphis tn,1,1,40,48,0.54,https://www.reedyandcompany.com/,32,0.17,17.00,0.23,120,"[11,34,3,3,11,11,11,19,3,11,19,53]",2026-03-27,"Knowledge panel, Sitelinks, Video, Related searches",navigational,Organic
house rent in memphis tn,5,5,720,49,0.42,https://www.reedyandcompany.com/rental-properties/,31,0.17,13.00,0.64,119,"[0,0,0,0,0,0,0,0,0,0,0,100]",2026-03-13,"Sitelinks, Image, Related searches",informational,Organic
for rent memphis tn,4,4,480,49,0.65,https://www.reedyandcompany.com/rental-properties/,31,0.17,20.00,0.73,9370000,"[31,25,31,25,25,31,31,20,13,25,20,25]",2026-03-14,"Sitelinks, Video, Related searches",commercial,Organic
memphis houses for rent,7,7,1300,42,0.42,https://www.reedyandcompany.com/rental-properties/,31,0.17,13.00,0.64,5470000,"[54,13,20,20,81,29,20,16,20,16,20,36]",2026-04-09,"Video, Related searches",informational,Organic
tenant at will,5,5,720,21,0.41,https://www.reedyandcompany.com/blog/tenant-at-will-explained-everything-you-need-to-know/,31,0.17,12.00,0.03,0,"[16,16,20,20,20,20,20,20,16,16,13,13]",2026-03-11,"Knowledge panel, Sitelinks, Video, Video Carousel, Related searches",informational,Organic
rent in memphis tn,4,4,480,42,0.65,https://www.reedyandcompany.com/rental-properties/,31,0.17,20.00,0.73,129,"[5,36,45,24,76,5,13,100,76,10,5,6]",2026-04-01,"Video, Related searches",informational,Organic
memphis tennessee rental properties,1,1,480,45,0.79,https://www.reedyandcompany.com/rental-properties/,29,0.16,22.00,0.58,5960000,"[24,45,62,100,45,20,24,16,13,10,10,16]",2026-04-11,"Local pack, Video, Image, People also ask, Related searches, AI overview",commercial,AI overview
2 bedroom houses,1,1,720,23,0.65,https://www.reedyandcompany.com/blog/2-bedroom-houses-for-rent-does-size-matter-a-guide-for-renters/,29,0.16,18.00,0.74,221000000,"[24,13,13,13,13,13,13,8,13,24,10,13]",2026-04-18,"Image pack, Video, Image, Video Carousel, People also ask, Related searches",informational,Image pack
acceptable reasons for late rent payments,1,1,210,8,2.02,https://www.reedyandcompany.com/blog/18-acceptable-reasons-for-late-rent-payments-a-landlords-guide/,27,0.14,54.00,0.02,16500000,"[24,20,16,16,20,20,20,20,20,13,13,8]",2026-04-26,"Sitelinks, Video, People also ask, Related searches, Discussions and forums, AI overview",informational,Organic
reedy property,3,3,590,39,1.72,https://www.reedyandcompany.com/,25,0.13,43.00,0.08,116,"[88,72,72,72,32,48,59,59,39,48,39,39]",2026-03-28,"Local pack, Sitelinks, Video, Related searches",informational,Organic
reedy homes,1,1,30,46,0.90,https://www.reedyandcompany.com/,24,0.13,21.00,0.3,1930000,"[40,40,40,40,60,100,60,40,60,40,60,60]",2026-03-25,"Knowledge panel, Sitelinks, Video, Image, Related searches",navigational,Organic
apartment home,2,2,1600,81,1.72,https://www.reedyandcompany.com/blog/apartment-vs-a-house-which-is-better-for-your-needs/,23,0.12,39.00,0.4,1460000000,"[43,100,8,13,8,19,15,2,28,2,2,8]",2026-04-19,"Image pack, Sitelinks, Video, Image, Video Carousel, Related searches, AI overview",informational,Image pack
reed and company,2,2,170,26,0.46,https://www.reedyandcompany.com/,22,0.12,10.00,0.02,110,"[22,43,66,35,22,100,43,22,22,18,14,29]",2026-04-06,"Local pack, Sitelinks, Video, Image, Related searches",commercial,Organic
digital landlord,1,1,170,4,4.79,https://www.reedyandcompany.com/blog/the-ultimate-guide-on-how-to-become-a-digital-landlord/,22,0.12,105.00,0.04,123,"[7,7,8,5,7,5,8,16,8,7,8,8]",2026-03-06,"Sitelinks, Video, Video Carousel, Related searches, Short videos, AI overview",informational,Organic
reedy real estate,2,2,170,33,1.23,https://www.reedyandcompany.com/,22,0.12,27.00,0.08,126,"[53,65,100,65,65,80,80,53,65,80,53,42]",2026-03-26,"Local pack, Sitelinks, Video, Image, People also ask, Related searches",commercial,Organic
apartment houses,1,1,480,97,0.99,https://www.reedyandcompany.com/blog/apartment-vs-a-house-which-is-better-for-your-needs/,21,0.11,20.00,0.2,175000000,"[24,30,8,41,30,10,5,8,10,24,16,8]",2026-04-16,"Local pack, Image pack, Video, Related searches",commercial,Image pack
property management memphis,4,4,720,54,2.86,https://www.reedyandcompany.com/,21,0.11,60.00,0.47,0,"[46,37,31,37,68,46,37,31,46,25,37,25]",2026-03-11,"Local pack, Sitelinks, Video, Image, Related searches",commercial,Organic
property manager duties,6,6,880,27,0.53,https://www.reedyandcompany.com/blog/a-property-manager-duties-checklist-for-beginners/,21,0.11,11.00,0.12,93500000,"[36,16,16,20,27,24,27,20,24,27,20,20]",2026-04-05,"Sitelinks, Video, Related searches, Short videos, AI overview",informational,Organic
rental companies in memphis tn,2,2,480,53,1.09,https://www.reedyandcompany.com/,21,0.11,22.00,0.43,0,"[44,13,11,20,5,11,11,13,44,20,3,3]",2026-03-09,"Local pack, Sitelinks, Video, Related searches",commercial,Organic
property managment companies near me,1,1,320,53,4.76,https://www.reedyandcompany.com/,20,0.11,95.00,0.34,797000000,"[0,7,3,3,66,4,13,4,4,1,0,0]",2026-04-01,"Local pack, Related searches",transactional,Organic
unprofessional property manager,1,1,140,1,0.00,https://www.reedyandcompany.com/blog/tell-tale-signs-you-have-an-unprofessional-property-manager-and-what-to-do/,18,0.09,0.00,0.03,6510000,"[21,81,81,100,65,28,34,21,21,28,21,21]",2026-04-20,"Sitelinks, Video, Related searches, AI overview",informational,Organic
reedy & company,2,2,720,51,0.46,https://www.reedyandcompany.com/,18,0.09,8.00,0.02,0,"[20,20,20,20,24,20,36,27,13,16,20,16]",2026-03-11,"Knowledge panel, Sitelinks, Video, Related searches",navigational,Organic
renting in memphis,9,9,720,49,0.83,https://www.reedyandcompany.com/rental-properties/,17,0.09,14.00,0.68,65700000,"[13,100,100,100,67,67,13,13,76,55,55,45]",2026-04-12,"Video, Related searches",informational,Organic
rental companies memphis tn,2,2,390,56,1.09,https://www.reedyandcompany.com/,17,0.09,18.00,0.43,4330000,"[72,72,48,26,32,39,39,26,26,21,21,21]",2026-04-13,"Local pack, Sitelinks, Video, Image, Related searches",commercial,Organic
aparmtent,1,1,1000,93,0.00,https://www.reedyandcompany.com/blog/what-are-the-different-types-of-apartments/,17,0.09,0.00,0,1890000000,"[5,8,19,10,8,8,10,15,10,0,0,0]",2026-04-11,"Local pack, Video, Image, Ads bottom, Related searches, Things to know",commercial,Things to know
memphis property management,5,5,720,52,2.86,https://www.reedyandcompany.com/,17,0.09,48.00,0.47,0,"[100,25,68,20,25,25,52,52,37,25,25,25]",2026-03-13,"Local pack, Video, Image, Related searches",commercial,Organic
memphis rental agencies,5,5,720,55,1.09,https://www.reedyandcompany.com/,17,0.09,18.00,0.43,6310000,"[8,2,10,66,54,66,4,24,36,30,41,3]",2026-03-31,"Local pack, Sitelinks, Video, Image, Related searches",commercial,Organic
memphis rentals,5,5,720,60,0.83,https://www.reedyandcompany.com/rental-properties/,17,0.09,14.00,0.68,0,"[88,100,59,100,88,72,48,72,59,72,48,72]",2026-03-13,"Local pack, Video, Image, Related searches",commercial,Organic
house for rent memphis tn,7,7,720,36,0.42,https://www.reedyandcompany.com/rental-properties/,17,0.09,7.00,0.64,21600000,"[30,24,24,24,24,20,24,24,24,16,20,24]",2026-04-03,"Video, Related searches",commercial,Organic
can a property manager evict a tenant,1,1,70,5,0.90,https://www.reedyandcompany.com/blog/can-a-property-manager-evict-a-tenant/,17,0.09,15.00,0.1,2890000,"[11,11,11,17,11,64,82,100,52,29,64,64]",2026-04-26,"Video, Featured snippet, People also ask, Related searches, Discussions and forums",informational,Organic
rental property near me,12,12,5400,64,0.51,https://www.reedyandcompany.com/rental-properties/,16,0.08,8.00,0.66,414000000,"[29,10,29,10,10,29,19,19,16,24,16,8]",2026-04-22,"Local pack, Video, Related searches, AI overview","informational, transactional",Organic
rental management companies near me,7,7,2400,68,5.62,https://www.reedyandcompany.com/,16,0.08,89.00,0.59,219000000,"[66,23,35,35,19,8,19,23,29,19,16,16]",2026-04-26,"Local pack, People also ask, Related searches",transactional,Organic
shelby pointe townhomes,10,10,390,22,0.59,http://www.reedyandcompany.com/shelby-pointe,16,0.08,9.00,0.13,113,"[29,23,36,36,44,44,54,36,44,44,44,44]",2026-03-27,"Knowledge panel, Video, Image, People also ask, Related searches",informational,Knowledge panel
for rent memphis,4,4,260,48,0.65,https://www.reedyandcompany.com/rental-properties/,16,0.08,10.00,0.73,23500000,"[28,54,100,100,66,28,35,28,28,28,23,23]",2026-03-13,"Video, Related searches",informational,Organic
houses for rent in memphis tennessee,4,4,260,40,0.46,https://www.reedyandcompany.com/rental-properties/,16,0.08,7.00,0.6,5630000,"[24,20,24,30,20,20,20,20,20,20,16,16]",2026-04-11,"Video, Related searches",informational,Organic
section 8 homes in memphis tn,10,10,720,18,0.62,https://www.reedyandcompany.com/blog/section-8-houses-for-rent-by-owner-tips-for-memphis-landlords/,15,0.08,9.00,0.13,4540000,"[13,55,100,100,100,76,8,55,67,45,36,45]",2026-04-09,"People also ask, Related searches, See results about",informational,Organic
rental companies memphis,2,2,320,55,1.09,https://www.reedyandcompany.com/,14,0.07,15.00,0.43,11000000,"[100,66,54,36,54,36,36,29,36,23,29,29]",2026-04-20,"Local pack, Sitelinks, Video, Related searches, Discussions and forums",commercial,Organic
house apt,1,1,170,100,1.22,https://www.reedyandcompany.com/blog/apartment-vs-a-house-which-is-better-for-your-needs/,14,0.07,17.00,0.35,0,"[13,8,6,10,13,76,6,8,0,0,0,0]",2026-03-13,"Local pack, Image pack, Video, Related searches",commercial,Image pack
memphis tennessee rental properties,3,3,480,45,0.79,https://www.reedyandcompany.com/rental-properties/,14,0.07,11.00,0.58,5960000,"[24,45,62,100,45,20,24,16,13,10,10,16]",2026-04-11,"Local pack, Video, Image, People also ask, Related searches, AI overview",commercial,Organic
tenant reference letter,4,4,590,16,0.76,https://www.reedyandcompany.com/blog/the-tenant-reference-letter-tips-and-best-practices-for-memphis-landlords/,14,0.07,10.00,0.68,131,"[88,72,88,88,72,59,26,26,32,39,39,39]",2026-03-26,"Image pack, Sitelinks, Video, Image, Video Carousel, People also ask, Related searches",informational,Organic
homes for rent in memphis,5,5,320,25,0.42,https://www.reedyandcompany.com/rental-properties/,14,0.07,5.00,0.64,5840000,"[16,13,10,13,13,13,30,36,30,30,30,24]",2026-03-14,Related searches,commercial,Organic
duplex for rent near me,20,20,9900,67,0.43,https://www.reedyandcompany.com/rental-properties/,14,0.07,6.00,0.67,34500000,"[54,29,24,24,24,29,24,29,24,29,24,19]",2026-04-25,"Local pack, People also ask, Related searches",transactional,Organic
memphis rental properties,4,4,480,50,0.79,https://www.reedyandcompany.com/rental-properties/,14,0.07,11.00,0.58,4450000,"[24,24,30,41,20,16,16,20,13,16,13,20]",2026-04-15,"Local pack, Sitelinks, Video, Related searches",commercial,Organic
are landlords responsible for unpaid utility bills,2,2,170,1,0.00,https://www.reedyandcompany.com/blog/are-landlords-responsible-for-unpaid-utility-bills/,13,0.07,0.00,0,545000,"[80,65,65,65,53,53,53,65,80,80,34,65]",2026-03-15,"Sitelinks, Video, Related searches, AI overview",informational,Organic
places to rent memphis,5,5,390,48,0.83,https://www.reedyandcompany.com/rental-properties/,13,0.07,10.00,0.68,0,"[21,7,9,7,88,88,17,17,100,72,4,7]",2026-03-14,"Local pack, Video, Ads bottom, Related searches",commercial,Organic
reedy & company memphis property rentals reviews,2,2,170,18,0.48,https://www.reedyandcompany.com/,13,0.07,6.00,0.08,6220,"[80,53,80,100,80,80,80,53,34,53,53,42]",2026-04-06,"Knowledge panel, Sitelinks, Video, Related searches, AI overview","commercial, informational",Organic
property manager resume,4,4,1000,24,1.10,https://www.reedyandcompany.com/blog/9-key-skills-needed-for-becoming-a-property-manager/,12,0.06,13.00,0.31,111000000,"[30,30,24,30,30,34,34,34,34,44,34,24]",2026-04-17,"Image pack, Sitelinks, Related searches, Things to know, AI overview",informational,Things to know
tenant recommendation letter,5,5,590,13,0.76,https://www.reedyandcompany.com/blog/the-tenant-reference-letter-tips-and-best-practices-for-memphis-landlords/,12,0.06,9.00,0.68,8140000,"[36,45,67,45,55,67,55,36,30,30,30,24]",2026-04-13,"Image pack, Sitelinks, Video, Image, Video Carousel, People also ask, Related searches",informational,Organic
apatment,1,1,720,91,0.00,https://www.reedyandcompany.com/blog/what-are-the-different-types-of-apartments/,12,0.06,0.00,0,1910000000,"[2,0,1,2,1,0,0,0,0,0,0,0]",2026-04-10,"Local pack, Video, Image, Related searches, Things to know",commercial,Things to know
acceptable reasons for late rent payments,1,1,210,8,2.02,https://www.reedyandcompany.com/blog/18-acceptable-reasons-for-late-rent-payments-a-landlords-guide/,12,0.06,24.00,0.02,16500000,"[24,20,16,16,20,20,20,20,20,13,13,8]",2026-04-26,"Sitelinks, Video, People also ask, Related searches, Discussions and forums, AI overview",informational,AI overview
reedy realty,1,1,50,52,0.39,https://www.reedyandcompany.com/rental-properties/,12,0.06,4.00,0.12,359000,"[64,50,50,35,35,28,50,28,21,21,28,21]",2026-03-05,"Local pack, Sitelinks, Video, Image, Related searches",commercial,Organic
property management companies near me,13,13,8100,66,4.76,https://www.reedyandcompany.com/,12,0.06,57.00,0.34,734000000,"[66,54,36,54,66,36,44,29,44,36,29,36]",2026-04-26,"Local pack, People also ask, Related searches",transactional,Organic
reedy and associates,1,1,50,38,0.00,https://www.reedyandcompany.com/,12,0.06,0.00,0.03,0,"[5,5,7,7,7,5,7,7,5,5,3,7]",2026-03-18,"Knowledge panel, Top stories, Sitelinks, Video, Related searches","informational, transactional",Organic
what can a landlord look at during an inspection,1,1,390,6,0.13,https://www.reedyandcompany.com/blog/what-can-a-landlord-look-at-during-an-inspection/,12,0.06,1.00,0.04,22700000,"[39,39,39,39,32,26,39,32,39,48,39,39]",2026-04-09,"Sitelinks, Video, People also ask, Related searches, Discussions and forums, AI overview",informational,AI overview
can a landlord evict you for no reason,6,6,590,5,0.46,https://www.reedyandcompany.com/blog/can-a-landlord-evict-you-for-no-reason/,11,0.06,5.00,0.09,3610000,"[67,55,67,45,36,36,30,67,36,30,45,45]",2026-04-12,"Sitelinks, Video, People also ask, Related searches, AI overview",informational,Organic
rental properties memphis tn,4,4,390,40,0.79,https://www.reedyandcompany.com/rental-properties/,11,0.06,8.00,0.58,0,"[20,62,30,24,16,16,20,16,20,16,8,13]",2026-03-11,"Local pack, Video, Image, Related searches",commercial,Organic
memphis homes for rent by owner,5,5,390,23,0.24,https://www.reedyandcompany.com/rental-properties/,11,0.06,2.00,0.49,92,"[30,30,20,36,16,30,24,20,24,24,24,20]",2026-03-11,"Video, Related searches, AI overview",informational,Organic
tenant letter of recommendation,3,3,170,17,0.76,https://www.reedyandcompany.com/blog/the-tenant-reference-letter-tips-and-best-practices-for-memphis-landlords/,11,0.06,8.00,0.68,8780000,"[11,28,44,54,54,15,23,44,23,23,23,18]",2026-04-24,"Image pack, Sitelinks, Video, Image, Video Carousel, People also ask, Related searches, Discussions and forums",informational,Organic
reedy and company memphis tennessee,4,4,2900,47,0.46,https://www.reedyandcompany.com/blog/rehab-your-property-with-reedy-companys-professional-help/,11,0.06,5.00,0.02,199000,"[3,81,100,100,43,54,1,0,24,36,43,54]",2026-04-25,"Knowledge panel, Sitelinks, Video, People also ask, Related searches",navigational,People also ask
2 bedroom house,9,9,2900,26,0.65,https://www.reedyandcompany.com/blog/2-bedroom-houses-for-rent-does-size-matter-a-guide-for-renters/,11,0.06,7.00,0.74,1630000000,"[65,65,81,65,65,65,81,65,54,65,65,65]",2026-04-24,"Image pack, Video, Image, Ads bottom, People also ask, Related searches, AI overview",informational,Organic
house for rent memphis,7,7,390,37,0.42,https://www.reedyandcompany.com/rental-properties/,11,0.06,4.00,0.64,44900000,"[24,30,30,30,24,24,45,24,36,30,36,24]",2026-04-12,"Video, Related searches",commercial,Organic
at will tenants,5,5,480,18,0.44,https://www.reedyandcompany.com/blog/tenant-at-will-explained-everything-you-need-to-know/,11,0.06,4.00,0.02,148,"[44,100,81,100,81,100,81,66,81,44,81,66]",2026-04-02,"Sitelinks, Video, Featured snippet, Video Carousel, People also ask, Related searches",informational,Organic
property management companies memphis,1,1,170,50,4.09,https://www.reedyandcompany.com/,11,0.06,44.00,0.54,113,"[35,23,35,28,35,28,53,53,53,100,82,43]",2026-04-06,"Local pack, Sitelinks, Video, Related searches",commercial,Organic
apartmetn,2,2,720,91,0.79,https://www.reedyandcompany.com/blog/what-are-the-different-types-of-apartments/,10,0.05,7.00,0.25,1910000000,"[12,2,0,19,8,2,19,8,4,12,7,4]",2026-04-09,"Local pack, Video, Image, Related searches, Things to know",commercial,Things to know
rental houses in memphis tn,10,10,480,29,0.42,https://www.reedyandcompany.com/rental-properties/,10,0.05,4.00,0.64,3390000,"[36,54,100,36,100,66,66,66,66,81,54,81]",2026-03-24,"Video, Related searches",commercial,Organic
midsouth best rentals memphis,6,6,3600,42,0.57,https://www.reedyandcompany.com/blog/the-realities-of-owning-a-memphis-rental-property-what-to-expect/,10,0.05,5.00,0.07,116000,"[1,100,44,0,1,1,0,0,36,36,0,2]",2026-04-25,"Knowledge panel, Sitelinks, Video, People also ask, Related searches","commercial, navigational",People also ask
rental of properties,28,28,14800,85,0.67,https://www.reedyandcompany.com/rental-properties/,10,0.05,6.00,0.39,156,"[24,29,54,100,81,29,24,67,10,54,8,8]",2026-04-27,"Local pack, Video, People also ask, Related searches, AI overview","commercial, informational",Organic
reedy & company memphis property rentals reviews,1,1,170,18,0.48,https://www.reedyandcompany.com/property-management/,10,0.05,4.00,0.08,6220,"[80,53,80,100,80,80,80,53,34,53,53,42]",2026-04-06,"Knowledge panel, Sitelinks, Video, Related searches, AI overview","commercial, informational",AI overview
rental in memphis tn,10,10,480,43,0.65,https://www.reedyandcompany.com/rental-properties/,10,0.05,6.00,0.73,6200000,"[4,10,10,10,5,8,13,22,10,13,2,5]",2026-03-07,"Video, Image, Hotels Pack, Related searches",informational,Organic
home rental companies memphis tn,1,1,140,53,0.85,https://www.reedyandcompany.com/,9,0.04,7.00,0.47,171,"[43,29,22,14,10,14,29,54,35,35,29,29]",2026-04-06,"Local pack, Sitelinks, Video, Related searches",commercial,Organic
reedy property management,7,7,390,25,0.36,https://www.reedyandcompany.com/rental-properties/,9,0.04,3.00,0.11,1240000,"[54,54,44,44,54,54,66,44,44,44,44,44]",2026-04-09,"Local pack, Sitelinks, Video, Image, Related searches",navigational,Organic
rental home memphis,6,6,260,43,0.42,https://www.reedyandcompany.com/rental-properties/,9,0.04,3.00,0.64,50300000,"[0,10,0,36,81,54,10,5,19,100,3,7]",2026-04-11,"Local pack, Video, Image, Related searches",informational,Organic
chambliss village,2,2,70,18,0.43,https://chamblissvillage.reedyandcompany.com/,9,0.04,3.00,0.12,0,"[63,45,81,45,18,63,100,100,100,63,63,45]",2026-03-08,"Knowledge panel, Sitelinks, Related searches",informational,Organic
memphis rental companies,1,1,140,50,1.09,https://www.reedyandcompany.com/,9,0.04,9.00,0.43,0,"[20,16,16,6,6,5,6,5,5,6,5,5]",2026-03-15,"Local pack, Sitelinks, Video, Image, Related searches",commercial,Organic
rental homes memphis,6,6,260,29,0.46,https://www.reedyandcompany.com/rental-properties/,9,0.04,4.00,0.6,11800000,"[36,29,29,23,23,23,36,44,44,36,36,36]",2026-03-20,"Video, Image, Related searches",commercial,Organic
best locations to buy rental property,6,6,480,17,1.13,https://www.reedyandcompany.com/blog/figuring-out-the-best-place-to-buy-a-rental-property/,9,0.04,10.00,0.24,0,"[36,10,100,4,81,8,8,24,30,5,8,20]",2026-03-14,"Sitelinks, Video, Related searches, Discussions and forums, AI overview",commercial,Organic
apartment vs home,1,1,260,12,0.00,https://www.reedyandcompany.com/blog/apartment-vs-a-house-which-is-better-for-your-needs/,9,0.04,0.00,0,764000000,"[81,81,44,44,54,66,100,28,35,18,15,11]",2026-04-23,"Sitelinks, Video, People also ask, Related searches, Discussions and forums, AI overview",commercial,AI overview
property manager duties checklist,1,1,70,9,2.54,https://www.reedyandcompany.com/blog/a-property-manager-duties-checklist-for-beginners/,9,0.04,22.00,0.36,3870000,"[33,42,42,23,14,33,42,42,19,23,23,23]",2026-04-14,"Image pack, Video, Related searches, AI overview",informational,Organic
can you negotiate rent with a property management company,4,4,390,10,0.00,https://www.reedyandcompany.com/blog/can-you-negotiate-rent-with-a-property-management-company/,9,0.04,0.00,0.01,181,"[66,66,66,81,66,66,66,66,66,66,66,66]",2026-03-11,"Sitelinks, Video, Related searches, Discussions and forums, AI overview",informational,Organic
property managements near me,1,1,140,60,4.45,https://www.reedyandcompany.com/,9,0.04,40.00,0.38,0,"[13,7,0,1,0,0,0,2,2,1,0,1]",2026-03-06,"Local pack, Video, Related searches",transactional,Organic
home for rent in memphis,6,6,260,42,0.42,https://www.reedyandcompany.com/rental-properties/,9,0.04,3.00,0.64,0,"[0,81,0,36,81,54,0,7,19,100,3,10]",2026-03-14,"Video, Related searches",informational,Organic
house rental companies in memphis tn,1,1,140,53,0.85,https://www.reedyandcompany.com/,9,0.04,7.00,0.47,5930000,"[65,19,80,80,53,34,42,53,53,53,53,53]",2026-04-17,"Local pack, Sitelinks, Video, Related searches",commercial,Organic
places to rent,30,30,12100,82,0.50,https://www.reedyandcompany.com/rental-properties/,8,0.04,4.00,0.68,2250000000,"[54,36,44,36,29,36,36,29,29,29,24,24]",2026-04-23,"Video, Related searches, AI overview",informational,Organic
apartment',1,1,480,87,0.79,https://www.reedyandcompany.com/blog/what-are-the-different-types-of-apartments/,8,0.04,6.00,0.25,1950000000,"[0,54,0,0,0,0,0,0,0,0,0,65]",2026-04-10,"Local pack, Video, Image, Ads bottom, Related searches, Things to know",commercial,Things to know
property management near me,29,29,12100,67,4.46,https://www.reedyandcompany.com/,8,0.04,35.00,0.3,1170000000,"[36,16,29,36,16,67,54,19,67,44,36,29]",2026-04-26,"Local pack, People also ask, Related searches",transactional,Organic
property management near me,30,30,12100,67,4.46,https://www.reedyandcompany.com/,8,0.04,35.00,0.3,1170000000,"[36,16,29,36,16,67,54,19,67,44,36,29]",2026-04-26,"Local pack, People also ask, Related searches",transactional,Organic
houses in memphis for rent,5,5,170,46,0.42,https://www.reedyandcompany.com/rental-properties/,7,0.03,2.00,0.64,5370000,"[12,9,15,15,15,15,29,36,23,29,36,29]",2026-04-13,"Video, Related searches",informational,Organic
memphis tn rental homes,5,5,170,43,0.49,https://www.reedyandcompany.com/rental-properties/,7,0.03,3.00,0.61,110,"[11,11,11,15,18,11,35,54,44,35,35,35]",2026-04-12,"Local pack, Video, Image, Related searches",informational,Organic
can a landlord break a rent to own contract,2,2,90,0,0.30,https://www.reedyandcompany.com/blog/can-a-landlord-break-a-rent-to-own-contract/,7,0.03,2.00,0.04,165,"[12,10,7,7,15,10,12,10,12,10,12,7]",2026-03-28,"Sitelinks, Video, Related searches, AI overview",informational,Organic
rental properties in memphis tn,4,4,260,39,0.79,https://www.reedyandcompany.com/rental-properties/,7,0.03,5.00,0.58,108,"[30,2,7,3,10,10,3,54,3,2,2,2]",2026-03-28,"Local pack, Video, Related searches",commercial,Organic
they will kick us out by the manager means,1,1,210,20,0.00,https://www.reedyandcompany.com/blog/can-a-property-manager-evict-a-tenant/,7,0.03,0.00,0,78,"[0,0,0,100,0,0,0,0]",2026-04-19,"Sitelinks, Related searches, AI overview",informational,AI overview
luxury property marketing,2,2,90,15,0.00,https://www.reedyandcompany.com/blog/12-key-strategies-for-luxury-property-marketing-success/,7,0.03,0.00,0.33,133000000,"[3,1,3,2,4,5,5,6,5,6,8,10]",2026-04-02,"Image pack, Sitelinks, Video, Related searches, Things to know, AI overview",informational,Organic
memphis tn rentals,6,6,260,42,0.65,https://www.reedyandcompany.com/rental-properties/,7,0.03,4.00,0.73,129,"[22,35,29,22,18,66,100,66,66,81,66,66]",2026-03-30,"Local pack, Video, Image, Related searches",commercial,Organic
property management companies memphis tn,3,3,210,50,3.74,https://www.reedyandcompany.com/,7,0.03,26.00,0.4,130,"[44,44,44,28,23,35,44,44,35,44,28,35]",2026-03-28,"Local pack, Sitelinks, Video, People also ask, Related searches",commercial,Organic
best area to buy rental property,5,5,320,13,1.13,https://www.reedyandcompany.com/blog/figuring-out-the-best-place-to-buy-a-rental-property/,7,0.03,7.00,0.24,187,"[81,4,45,10,20,13,6,8,20,6,5,4]",2026-03-27,"Sitelinks, Video, Related searches, Discussions and forums, AI overview",commercial,Organic
rental properties memphis,2,2,170,46,0.79,https://www.reedyandcompany.com/rental-properties/,7,0.03,5.00,0.58,6650000,"[53,65,53,34,21,28,100,53,53,34,53,65]",2026-04-23,"Local pack, Video, Related searches",commercial,Organic
reedy & company,5,5,720,51,0.46,https://www.reedyandcompany.com/property-management/,7,0.03,3.00,0.02,0,"[20,20,20,20,24,20,36,27,13,16,20,16]",2026-03-11,"Knowledge panel, Sitelinks, Video, Related searches",navigational,Organic
private owners,10,10,1300,24,0.71,https://www.reedyandcompany.com/blog/risks-of-private-owners-renting-houses-how-to-protect-your-property/,6,0.03,4.00,0.46,134,"[29,16,35,24,18,24,29,24,35,29,35,16]",2026-04-14,"Video, People also ask, Related searches, AI overview",informational,Organic
how to calculate vacancy rate,6,6,320,9,0.00,https://www.reedyandcompany.com/blog/what-is-your-vacancy-rate-keeping-your-cash-flow-stable/,6,0.03,0.00,0.01,16700000,"[66,81,81,100,81,81,66,66,43,54,43,35]",2026-04-20,"Sitelinks, Video, Video Carousel, People also ask, Related searches, AI overview",informational,Organic
what rights do tenants have without a lease,8,8,1300,17,0.75,https://www.reedyandcompany.com/blog/understanding-tenant-rights-without-a-lease-agreement/,6,0.03,4.00,0.07,36500000,"[66,54,54,54,66,54,66,79,66,54,36,24]",2026-04-21,"Sitelinks, Video, People also ask, Related searches, Discussions and forums, AI overview",informational,Organic
rental property memphis tn,5,5,210,52,0.79,https://www.reedyandcompany.com/rental-properties/,6,0.03,4.00,0.58,6080000,"[24,16,16,8,16,16,13,13,8,13,10,16]",2026-04-11,"Local pack, Sitelinks, Video, Image, Related searches",commercial,Organic
what are my rights as a tenant without a lease,7,7,320,10,0.41,https://www.reedyandcompany.com/blog/understanding-tenant-rights-without-a-lease-agreement/,6,0.03,2.00,0.08,173,"[16,13,10,16,13,13,16,16,16,13,8,8]",2026-04-03,"Video, Related searches, Discussions and forums, AI overview",informational,Organic
rent home memphis,9,9,260,40,0.42,https://www.reedyandcompany.com/rental-properties/,6,0.03,2.00,0.64,34700000,"[0,81,0,36,81,15,0,7,19,100,3,7]",2026-04-17,"Video, Image, People also ask, Related searches",informational,Organic
living in memphis,5,5,260,14,0.79,https://www.reedyandcompany.com/blog/everything-you-need-to-know-about-living-in-memphis-tn/,6,0.03,4.00,0.05,125,"[44,44,44,44,44,36,44,36,36,29,36,29]",2026-04-16,"Sitelinks, Video, Image, Video Carousel, Related searches, AI overview",informational,Organic
memphis rent,7,7,210,51,0.83,https://www.reedyandcompany.com/rental-properties/,6,0.03,4.00,0.68,33400000,"[3,3,100,1,2,0,55,2,8,5,5,3]",2026-04-11,"Video, Image, Related searches",informational,Organic
memphis home rental companies,2,2,140,53,0.85,https://www.reedyandcompany.com/,6,0.03,5.00,0.47,10200000,"[100,66,66,66,42,33,42,80,66,66,66,66]",2026-04-01,"Local pack, Sitelinks, Video, Image, Related searches",commercial,Organic
can a landlord break a rent-to-own contract,3,3,260,3,0.30,https://www.reedyandcompany.com/blog/can-a-landlord-break-a-rent-to-own-contract/,6,0.03,1.00,0.04,13700000,"[32,26,32,21,17,21,26,26,26,21,21,14]",2026-04-24,"Sitelinks, Video, People also ask, Related searches, AI overview",informational,Organic
renters letter of recommendation,5,5,210,14,0.76,https://www.reedyandcompany.com/blog/the-tenant-reference-letter-tips-and-best-practices-for-memphis-landlords/,6,0.03,4.00,0.68,0,"[36,29,36,29,29,23,7,15,15,29,10,10]",2026-03-07,"Image pack, Sitelinks, Video, Image, Related searches, AI overview",informational,Organic
home for rent memphis,7,7,210,44,0.42,https://www.reedyandcompany.com/rental-properties/,6,0.03,2.00,0.64,128,"[1,2,3,2,4,3,1,3,1,3,3,0]",2026-03-07,"Video, Related searches",informational,Organic
rental house,19,19,4400,89,0.53,https://www.reedyandcompany.com/rental-properties/,6,0.03,3.00,0.54,2440000000,"[10,10,16,13,13,24,24,13,13,13,13,13]",2026-04-24,"Local pack, Video, Image, Related searches, AI overview",informational,Organic
reedy and associates,2,2,50,38,0.00,https://www.reedyandcompany.com/rental-properties/,6,0.03,0.00,0.03,0,"[5,5,7,7,7,5,7,7,5,5,3,7]",2026-03-18,"Knowledge panel, Top stories, Sitelinks, Video, Related searches","informational, transactional",Organic
2 bd house for rent,10,10,480,13,0.33,https://www.reedyandcompany.com/blog/2-bedroom-houses-for-rent-does-size-matter-a-guide-for-renters/,6,0.03,1.00,0.66,52700000,"[48,39,39,59,26,48,48,32,48,48,48,100]",2026-04-20,"Video, Related searches",informational,Organic
memphis home rentals,5,5,210,41,0.49,https://www.reedyandcompany.com/rental-properties/,5,0.02,2.00,0.61,11100000,"[100,3,7,3,7,3,14,21,21,21,21,21]",2026-04-26,"Local pack, Sitelinks, Video, Image, Related searches",commercial,Organic
what do property managers charge,3,3,170,29,1.46,https://www.reedyandcompany.com/blog/how-much-do-property-management-companies-charge-rates-explained/,5,0.02,7.00,0.45,110000000,"[100,80,100,100,65,65,80,65,53,53,53,34]",2026-04-25,"Sitelinks, Video, People also ask, Related searches, AI overview",informational,Organic
homes available for rent near me,31,31,8100,69,0.41,https://www.reedyandcompany.com/rental-properties/,5,0.02,2.00,0.62,159000000,"[2,2,1,7,5,5,3,7,100,29,3,5]",2026-04-26,"Local pack, Related searches, AI overview","informational, transactional",Organic
graceland flats,3,3,390,23,0.39,https://gracelandflats.reedyandcompany.com/,5,0.02,1.00,0.25,142,"[30,24,36,36,24,45,55,45,24,30,24,24]",2026-04-08,"Local pack, Sitelinks, Video, Image, Related searches",informational,Organic
effective marketing strategies for affluent homeowners,1,1,40,5,0.00,https://www.reedyandcompany.com/blog/12-key-strategies-for-luxury-property-marketing-success/,5,0.02,0.00,0,37200000,"[33,100,44,0]",2026-04-08,"Video, Video Carousel, AI overview",informational,Organic
signs of bad property management,1,1,70,0,0.00,https://www.reedyandcompany.com/blog/tell-tale-signs-you-have-an-unprofessional-property-manager-and-what-to-do/,5,0.02,0.00,0.33,0,"[27,27,27,18,27,27,100,100,63,100,100,100]",2026-03-12,"Video, Discussions and forums, AI overview",informational,Organic
graceland flats apartments,3,3,320,19,0.59,https://gracelandflats.reedyandcompany.com/,5,0.02,2.00,0.24,105,"[44,35,28,44,35,54,81,81,100,66,66,54]",2026-04-06,"Knowledge panel, Sitelinks, Related searches",navigational,Organic
rental agencies memphis tn,6,6,260,51,1.09,https://www.reedyandcompany.com/,5,0.02,5.00,0.43,0,"[10,4,4,4,54,20,4,3,8,10,10,10]",2026-03-11,"Local pack, Video, Image, Related searches",commercial,Organic
management company near me,1,1,90,55,3.87,https://www.reedyandcompany.com/,5,0.02,19.00,0.47,1840000000,"[8,2,3,1,1,1,11,7,8,2,4,4]",2026-04-25,"Local pack, Video, People also ask, Related searches",transactional,Organic
graceland apts,2,2,320,22,0.79,https://gracelandflats.reedyandcompany.com/,5,0.02,3.00,0.15,27800,"[14,17,7,9,26,39,7,59,100,59,7,11]",2026-03-26,"Local pack, Image, Related searches",commercial,Organic
recommendation letter for a tenant,6,6,170,16,0.76,https://www.reedyandcompany.com/blog/the-tenant-reference-letter-tips-and-best-practices-for-memphis-landlords/,5,0.02,3.00,0.68,0,"[43,81,100,81,65,65,65,53,43,21,21,34]",2026-03-14,"Image pack, Video, Image, Related searches, Discussions and forums",informational,Organic
luxury real estate marketing ideas,5,5,170,14,4.43,https://www.reedyandcompany.com/blog/12-key-strategies-for-luxury-property-marketing-success/,5,0.02,22.00,0.85,44700000,"[65,42,80,65,80,80,80,100,53,42,34,26]",2026-04-16,"Sitelinks, Video, Ads bottom, Video Carousel, Related searches, AI overview",informational,Organic
best metrics to evaluate commercial property investments,1,1,90,6,0.00,https://www.reedyandcompany.com/blog/8-key-metrics-to-enhance-your-real-estate-portfolio-management/,5,0.02,0.00,0,58700000,"[0,82,82,100,64,41,17]",2026-04-09,"Sitelinks, Video, Related searches, Discussions and forums, AI overview",commercial,AI overview
for rent in memphis tn,6,6,170,54,0.65,https://www.reedyandcompany.com/rental-properties/,5,0.02,3.00,0.73,13500000,"[5,53,100,100,82,28,35,35,35,23,17,35]",2026-04-08,"Local pack, Related searches",informational,Organic
holmes pointe,10,10,110,21,0.53,https://reedyandcompany.com/holmes-pointe,4,0.02,2.00,0.38,0,"[53,65,19,15,26,100,80,53,34,26,19,53]",2026-03-18,"Knowledge panel, Image pack, Sitelinks, Video, Image, Related searches",informational,Knowledge panel
what do property management companies charge,4,4,140,29,1.74,https://www.reedyandcompany.com/blog/how-much-do-property-management-companies-charge-rates-explained/,4,0.02,6.00,0.48,189,"[53,53,43,43,34,43,43,43,43,34,100,34]",2026-04-11,"Sitelinks, Video, Related searches, AI overview",informational,Organic
home for rent memphis tn,9,9,210,35,0.42,https://www.reedyandcompany.com/rental-properties/,4,0.02,1.00,0.64,26000000,"[10,6,5,8,8,6,16,20,16,16,13,13]",2026-04-01,"Video, Related searches",informational,Organic
rental houses memphis tn,6,6,140,35,0.42,https://www.reedyandcompany.com/rental-properties/,4,0.02,1.00,0.64,2660000,"[52,42,42,42,33,33,80,100,100,100,100,100]",2026-03-10,"Video, Image, Related searches",commercial,Organic
best place to buy and rent property,7,7,260,28,1.13,https://www.reedyandcompany.com/blog/figuring-out-the-best-place-to-buy-a-rental-property/,4,0.02,4.00,0.24,690000000,"[12,15,29,15,100,100,5,7,19,12,10,12]",2026-03-28,"Sitelinks, Video, Related searches, Discussions and forums, AI overview",commercial,Organic
can a landlord look in my closet,5,5,170,20,0.00,https://www.reedyandcompany.com/blog/what-can-a-landlord-look-at-during-an-inspection/,4,0.02,0.00,0,8390000,"[53,43,35,43,35,28,43,43,53,53,66,43]",2026-04-17,"Sitelinks, Video, Featured snippet, People also ask, Related searches",informational,Organic
late rent payment,1,1,260,12,2.59,https://www.reedyandcompany.com/blog/paying-rent-late-what-should-landlords-do/,4,0.02,10.00,0.29,0,"[44,54,44,35,54,54,54,44,66,35,35,35]",2026-03-07,"Sitelinks, Video, Related searches, AI overview",informational,AI overview
what is tenant at will,4,4,70,8,0.02,https://www.reedyandcompany.com/blog/tenant-at-will-explained-everything-you-need-to-know/,4,0.02,0.00,0.01,223000000,"[15,12,9,6,6,5,6,6,6,12,19,12]",2026-03-24,"Knowledge panel, Sitelinks, Video, Video Carousel, Related searches",informational,Organic
when can a landlord legally reject an esa in tennessee,2,2,50,0,0.00,https://www.reedyandcompany.com/blog/when-can-a-landlord-legally-reject-an-esa/,4,0.02,0.00,0.11,0,"[57,100,71,100,71,100,71,57,57,42,57,42]",2026-03-15,"Sitelinks, Video, Related searches, AI overview",informational,Organic
apartments that look like houses,1,1,110,43,1.47,https://www.reedyandcompany.com/blog/apartment-vs-a-house-which-is-better-for-your-needs/,4,0.02,5.00,0.41,0,"[52,41,41,64,52,52,82,82,100,52,64,52]",2026-03-16,"Image pack, Sitelinks, Video, Image, Related searches, Discussions and forums",informational,Image pack
section 8 houses for rent private owners,3,3,70,26,0.38,https://www.reedyandcompany.com/blog/section-8-houses-for-rent-by-owner-tips-for-memphis-landlords/,4,0.02,1.00,0.4,94100000,"[9,9,19,12,12,12,29,6,6,5,2,4]",2026-04-26,"Video, People also ask, Related searches, AI overview",informational,Organic
property managers checklist,1,1,70,9,5.48,https://www.reedyandcompany.com/blog/a-property-manager-duties-checklist-for-beginners/,4,0.02,21.00,0.95,188000000,"[28,50,64,35,50,28,64,50,35,35,35,100]",2026-04-09,"Image pack, Sitelinks, Video, Related searches, AI overview",informational,AI overview
property managers checklist,3,3,70,9,5.48,https://www.reedyandcompany.com/blog/a-property-manager-duties-checklist-for-beginners/,4,0.02,21.00,0.95,188000000,"[28,50,64,35,50,28,64,50,35,35,35,100]",2026-04-09,"Image pack, Sitelinks, Video, Related searches, AI overview",informational,Organic
property management responsibilities list,3,3,70,22,0.89,https://www.reedyandcompany.com/blog/a-property-manager-duties-checklist-for-beginners/,4,0.02,3.00,0.09,138,"[41,29,41,23,29,0,41,82,100,41,23,11]",2026-04-09,"Sitelinks, Video, Related searches, AI overview",informational,Organic
rental,50,50,49500,89,0.66,https://www.reedyandcompany.com/rental-properties/,4,0.02,2.00,0.33,2810000000,"[81,54,66,66,66,81,66,81,66,66,54,81]",2026-04-25,"Video, Image, Related searches",commercial,Organic
reedys,3,3,260,54,0.21,https://www.reedyandcompany.com/,4,0.02,0.00,0.02,0,"[16,2,10,2,0,0,1,0,0,1,1,1]",2026-03-13,"Knowledge panel, Sitelinks, Video, Image, Related searches",informational,Organic
memphis homes for rent,6,6,480,43,0.49,https://www.reedyandcompany.com/rental-properties/,4,0.02,1.00,0.61,6410000,"[39,32,32,32,32,39,59,59,59,72,59,88]",2026-04-10,"Video, Related searches",informational,Organic
how much do property managers charge,11,14,2900,36,2.96,https://www.reedyandcompany.com/blog/how-much-do-property-management-companies-charge-rates-explained/,4,0.02,11.00,0.45,114000000,"[81,43,100,81,81,100,65,81,54,43,43,43]",2026-04-27,"Sitelinks, Video, People also ask, Related searches, Discussions and forums, AI overview",informational,Organic
rental homes of america memphis tn,13,13,1000,24,0.49,https://www.reedyandcompany.com/rental-properties/,4,0.02,1.00,0.61,106,"[7,100,0,0,82,100,1,5,65,44,0,0]",2026-04-17,"Local pack, Video, Related searches",informational,Organic
getwell pointe,4,4,70,19,0.80,https://www.reedyandcompany.com/property-management/multi-family/,4,0.02,3.00,0.12,0,"[11,11,15,15,11,23,18,8,6,5,5,5]",2026-03-16,"Knowledge panel, Image, Related searches",informational,Organic
homes for rent 38119,9,9,170,13,0.40,https://www.reedyandcompany.com/rental-properties/,4,0.02,1.00,0.48,106,"[53,43,43,35,43,35,43,43,53,35,35,43]",2026-04-07,Related searches,informational,Organic
graceland pointe,8,6,170,19,0.56,https://www.reedyandcompany.com/property-management/multi-family/,4,0.02,2.00,0.14,78,"[66,82,66,66,66,23,35,28,12,12,12,23]",2026-04-27,"Knowledge panel, Video, Image, People also ask, Related searches",informational,Organic
graceland apartments,5,5,480,23,0.79,https://gracelandflats.reedyandcompany.com/,4,0.02,3.00,0.15,0,"[26,26,21,17,32,48,59,59,100,59,59,48]",2026-03-10,"Local pack, Sitelinks, Image, Related searches",navigational,Organic
what are the duties of a property manager,5,5,140,15,0.16,https://www.reedyandcompany.com/blog/a-property-manager-duties-checklist-for-beginners/,4,0.02,0.00,0.18,93900000,"[35,28,35,35,35,28,43,35,35,28,28,23]",2026-03-23,"Sitelinks, Video, Related searches, AI overview",informational,Organic
property management checklist,5,5,170,19,5.48,https://www.reedyandcompany.com/blog/a-property-manager-duties-checklist-for-beginners/,4,0.02,21.00,0.95,116000000,"[65,65,80,53,65,65,65,65,65,65,100,65]",2026-03-09,"Image pack, Sitelinks, Video, Related searches, AI overview",informational,Organic
for rent in memphis,5,5,110,54,0.65,https://www.reedyandcompany.com/rental-properties/,4,0.02,2.00,0.73,113,"[26,42,34,42,42,34,80,65,34,42,26,42]",2026-04-27,"Local pack, Video, Related searches",informational,Organic
pictures of houses for rent,1,1,110,35,0.24,https://www.reedyandcompany.com/blog/2-bedroom-houses-for-rent-does-size-matter-a-guide-for-renters/,4,0.02,0.00,0.09,48800000,"[52,52,52,52,42,42,66,52,42,52,42,52]",2026-04-01,"Image pack, Image, Related searches",informational,Image pack
property manager duties checklist,1,1,70,9,2.54,https://www.reedyandcompany.com/blog/a-property-manager-duties-checklist-for-beginners/,4,0.02,10.00,0.36,3870000,"[33,42,42,23,14,33,42,42,19,23,23,23]",2026-04-14,"Image pack, Video, Related searches, AI overview",informational,AI overview
family renting house,3,3,140,18,0.43,https://www.reedyandcompany.com/blog/rent-to-a-family-member-tax-rules-you-should-know/,4,0.02,1.00,0.5,148,"[42,80,33,42,80,66,80,33,66,80,80,66]",2026-03-14,"Sitelinks, Video, Video Carousel, Related searches, Discussions and forums",informational,Organic
reedy properties,2,2,70,47,1.72,https://www.reedyandcompany.com/,4,0.02,6.00,0.08,0,"[33,33,66,42,33,23,23,23,19,19,9,19]",2026-03-19,"Local pack, Sitelinks, Video, Related searches",commercial,Organic
house for rent in memphis tn,7,7,140,36,0.42,https://www.reedyandcompany.com/rental-properties/,4,0.02,1.00,0.64,7450000,"[0,13,6,16,5,13,20,20,13,13,3,5]",2026-04-24,"Video, Related searches",informational,Organic
move out inspection checklist,10,10,590,11,1.04,https://www.reedyandcompany.com/blog/ultimate-move-out-inspection-checklist-for-a-smooth-transition/,4,0.02,4.00,0.34,0,"[30,36,45,45,55,100,55,76,45,20,45,13]",2026-03-14,"Image pack, Video, Related searches, AI overview",informational,Organic
memphis homes for rent 38116,9,9,170,14,0.24,https://www.reedyandcompany.com/rental-properties/,4,0.02,0.00,0.45,340000,"[43,53,28,53,53,82,43,35,17,23,23,35]",2026-03-05,"Image, Related searches",informational,Organic
rental property memphis,3,3,140,48,0.79,https://www.reedyandcompany.com/rental-properties/,4,0.02,3.00,0.58,11400000,"[80,100,80,80,65,53,53,34,26,15,15,11]",2026-04-26,"Local pack, Sitelinks, Video, Related searches",commercial,Organic
tenant at will meaning,1,1,110,14,0.00,https://www.reedyandcompany.com/blog/tenant-at-will-explained-everything-you-need-to-know/,4,0.02,0.00,0.01,65100000,"[50,50,78,64,78,78,78,100,100,100,78,100]",2026-04-23,"Sitelinks, Video, People also ask, Related searches, AI overview",informational,People also ask
property rentals near me,18,18,2900,89,0.47,https://www.reedyandcompany.com/rental-properties/,4,0.02,1.00,0.69,133000000,"[81,7,5,8,4,5,13,8,5,8,4,3]",2026-04-25,"Local pack, Sitelinks, Video, Ads bottom, Related searches",transactional,Organic
rental of properties,34,34,14800,85,0.67,https://www.reedyandcompany.com/rental-properties/,4,0.02,2.00,0.39,156,"[24,29,54,100,81,29,24,67,10,54,8,8]",2026-04-27,"Local pack, Video, People also ask, Related searches, AI overview","commercial, informational",Organic
homes for rent 38115,8,8,170,18,0.35,https://www.reedyandcompany.com/rental-properties/,4,0.02,1.00,0.49,429000,"[43,35,23,28,43,82,35,53,28,43,43,43]",2026-03-07,"Image, Related searches",commercial,Organic
tenant screening checklist,9,9,260,14,1.41,https://www.reedyandcompany.com/blog/tenant-screening-checklist-a-helpful-tool-for-landlords/,4,0.02,5.00,0.22,1890000,"[19,15,23,19,23,19,66,100,81,19,4,19]",2026-04-07,"Sitelinks, Video, Related searches, AI overview",informational,Organic
reedy and company in memphis tennessee,2,2,170,36,0.54,https://www.reedyandcompany.com/rental-properties/,4,0.02,2.00,0.23,97,"[43,43,28,28,53,82,35,28,53,53,66,35]",2026-03-26,"Knowledge panel, Video, Related searches","informational, transactional",Organic
how long can a landlord leave you without heat,7,7,170,15,0.00,https://www.reedyandcompany.com/blog/how-long-can-a-landlord-leave-you-without-heat/,4,0.02,0.00,0.01,161,"[37,13,8,7,2,3,2,2,3,11,11,13]",2026-03-23,"Sitelinks, Video, Related searches, AI overview",informational,Organic
rent homes memphis,4,4,70,31,0.46,https://www.reedyandcompany.com/rental-properties/,4,0.02,1.00,0.6,126,"[21,43,12,21,34,28,15,34,21,21,15,21]",2026-03-16,Related searches,informational,Organic
property manager responsibilities list,5,5,140,21,0.89,https://www.reedyandcompany.com/blog/a-property-manager-duties-checklist-for-beginners/,4,0.02,3.00,0.09,156,"[1,2,72,2,26,17,7,5,17,11,7,4]",2026-03-29,"Video, Related searches, AI overview",informational,Organic
renters rights without a lease,7,7,170,10,0.27,https://www.reedyandcompany.com/blog/understanding-tenant-rights-without-a-lease-agreement/,4,0.02,1.00,0.15,34000000,"[53,43,53,43,43,43,43,35,35,28,28,28]",2026-04-07,"Sitelinks, Video, Related searches, AI overview",informational,Organic
living in memphis tennessee,5,5,170,13,0.79,https://www.reedyandcompany.com/blog/everything-you-need-to-know-about-living-in-memphis-tn/,4,0.02,3.00,0.05,54200000,"[43,43,35,28,17,17,66,35,53,43,43,43]",2026-04-10,"Sitelinks, Video, Video Carousel, Related searches, AI overview",informational,Organic
reedy & company,8,8,720,51,0.46,https://www.reedyandcompany.com/blog/navigating-the-best-property-management-companies-in-memphis/,4,0.02,1.00,0.02,0,"[20,20,20,20,24,20,36,27,13,16,20,16]",2026-03-11,"Knowledge panel, Sitelinks, Video, Related searches",navigational,Organic
good tenant letter,1,1,70,12,0.00,https://www.reedyandcompany.com/blog/the-tenant-reference-letter-tips-and-best-practices-for-memphis-landlords/,4,0.02,0.00,0.33,63000000,"[5,5,5,5,5,5,12,12,10,10,100,10]",2026-04-23,"Image pack, Video, Image, Video Carousel, People also ask, Related searches, Discussions and forums, AI overview",informational,People also ask
rent a house in memphis,4,4,70,41,0.42,https://www.reedyandcompany.com/rental-properties/,4,0.02,1.00,0.64,18700000,"[3,2,7,0,0,0,2,0,0,0,0,0]",2026-04-12,"Local pack, Video, Related searches",commercial,Organic
houses for rent that accept hud by owner,1,1,110,29,0.21,https://www.reedyandcompany.com/blog/section-8-houses-for-rent-by-owner-tips-for-memphis-landlords/,3,0.01,0.00,0.29,117,"[78,78,78,78,50,78,64,78,78,78,78,100]",2026-03-22,"People also ask, Related searches, AI overview",informational,AI overview
rental homes in memphis,10,10,140,28,0.46,https://www.reedyandcompany.com/rental-properties/,3,0.01,1.00,0.6,12100000,"[5,4,7,7,4,4,17,26,21,21,21,21]",2026-03-28,"Video, Related searches",commercial,Organic
rental realtors,15,15,2400,83,1.04,https://www.reedyandcompany.com/rental-properties/,3,0.01,3.00,0.51,158,"[54,29,66,3,19,36,13,16,16,2,16,7]",2026-04-25,"Local pack, Video, People also ask, Related searches",commercial,Organic
appartment building,1,1,170,55,1.30,https://www.reedyandcompany.com/blog/what-are-the-different-types-of-apartments/,3,0.01,3.00,0.05,175,"[0,0,7,0,0,3,0,0,0,0,7,0]",2026-04-09,"Local pack, Video, Image, Video Carousel, People also ask, Related searches, Things to know",commercial,Things to know
rentals memphis tn,6,6,140,44,0.65,https://www.reedyandcompany.com/rental-properties/,3,0.01,1.00,0.73,19900000,"[23,15,15,12,15,12,19,19,19,19,15,15]",2026-04-06,"Local pack, Sitelinks, Video, Image, Related searches",commercial,Organic
rental management companies near me,14,14,2400,68,5.62,https://www.reedyandcompany.com/,3,0.01,16.00,0.59,219000000,"[66,23,35,35,19,8,19,23,29,19,16,16]",2026-04-26,"Local pack, People also ask, Related searches",transactional,Organic
eviction notice tennessee,4,4,210,13,1.22,https://www.reedyandcompany.com/blog/can-a-landlord-evict-you-for-no-reason/,3,0.01,3.00,0.56,39000,"[28,35,82,53,66,66,66,66,43,35,43,35]",2026-04-01,"Image pack, Video, People also ask, Related searches, AI overview",informational,Organic
tenant at will rights,4,4,90,49,0.20,https://www.reedyandcompany.com/blog/tenant-at-will-explained-everything-you-need-to-know/,3,0.01,0.00,0.11,148,"[26,26,19,26,42,34,42,42,42,26,26,34]",2026-04-07,"Sitelinks, Video, Video Carousel, Related searches, AI overview",informational,Organic
rental agencies memphis,2,2,50,50,1.09,https://www.reedyandcompany.com/,3,0.01,3.00,0.43,0,"[12,5,12,2,82,2,7,5,5,5,2,2]",2026-03-08,"Local pack, Sitelinks, Video, Related searches",commercial,Organic
no lease agreement what are my rights,9,9,140,10,0.91,https://www.reedyandcompany.com/blog/understanding-tenant-rights-without-a-lease-agreement/,3,0.01,2.00,0.09,185,"[28,23,23,23,23,23,23,23,15,18,11,15]",2026-03-29,"Sitelinks, Related searches, AI overview",informational,Organic
graceland farms apartments,10,10,90,26,1.35,http://www.reedyandcompany.com/graceland-pointe,3,0.01,4.00,0.11,102000,"[52,33,23,33,33,33,42,52,42,66,66,66]",2026-03-27,"Knowledge panel, Image, Related searches",informational,Knowledge panel
home rentals memphis,4,4,110,39,0.42,https://www.reedyandcompany.com/rental-properties/,3,0.01,1.00,0.64,47000000,"[9,1,5,4,6,2,12,9,12,100,6,9]",2026-04-17,"Local pack, Sitelinks, Video, Related searches",commercial,Organic
homes to rent memphis,6,6,90,42,0.42,https://www.reedyandcompany.com/rental-properties/,3,0.01,1.00,0.64,6260000,"[0,6,0,14,10,81,0,10,10,29,35,14]",2026-04-11,"Local pack, Video, Related searches",informational,Organic
section 8 homes for rent in memphis tn,8,8,140,13,0.28,https://www.reedyandcompany.com/blog/section-8-houses-for-rent-by-owner-tips-for-memphis-landlords/,3,0.01,0.00,0.47,1200000,"[35,43,12,28,43,43,35,17,35,35,53,66]",2026-04-15,Related searches,informational,Organic
homes for rent 38116,10,10,140,30,0.26,https://www.reedyandcompany.com/rental-properties/,3,0.01,0.00,0.5,427000,"[18,14,29,29,29,29,22,35,29,29,29,43]",2026-03-07,Related searches,informational,Organic
letter of recommendation tenant,5,5,170,14,0.76,https://www.reedyandcompany.com/blog/the-tenant-reference-letter-tips-and-best-practices-for-memphis-landlords/,3,0.01,2.00,0.68,9200000,"[53,80,100,80,53,80,80,53,42,26,19,42]",2026-04-24,"Image pack, Sitelinks, Video, Image, Video Carousel, People also ask, Related searches",informational,Organic
graceland apartments memphis tn,1,1,30,24,0.71,https://gracelandflats.reedyandcompany.com/,3,0.01,2.00,0.61,0,"[18,18,18,18,18,18,100,18,18,18,18,18]",2026-03-10,"Local pack, Related searches",commercial,Organic
property manager checklist,5,5,110,1,5.48,https://www.reedyandcompany.com/blog/a-property-manager-duties-checklist-for-beginners/,3,0.01,16.00,0.95,0,"[28,17,28,17,17,17,28,28,35,28,43,35]",2026-03-09,"Sitelinks, Video, Related searches, AI overview",commercial,Organic
homes for rent 38125,16,16,880,27,0.51,https://www.reedyandcompany.com/rental-properties/,3,0.01,1.00,0.54,598000,"[100,100,100,88,88,88,72,88,72,72,59,72]",2026-04-03,"Image, Related searches",commercial,Organic
houses to rent in memphis tn,5,5,90,38,0.42,https://www.reedyandcompany.com/rental-properties/,3,0.01,1.00,0.64,2560000,"[28,28,78,50,50,78,35,78,35,78,100,35]",2026-04-12,Related searches,informational,Organic
home rental agencies in memphis tn,4,4,110,52,0.85,https://www.reedyandcompany.com/,3,0.01,2.00,0.47,12900000,"[53,65,65,42,53,42,15,26,26,42,19,15]",2026-04-02,"Local pack, Sitelinks, Video, Related searches",commercial,Organic
can i be evicted for no reason,5,5,90,12,0.51,https://www.reedyandcompany.com/blog/can-a-landlord-ask-you-to-vacate-for-no-reason-find-out-here/,3,0.01,1.00,0.18,15700000,"[100,42,52,52,52,42,42,33,33,23,23,19]",2026-04-07,"Sitelinks, Video, Related searches, AI overview",informational,Organic
property management company memphis,1,1,50,50,4.09,https://www.reedyandcompany.com/,3,0.01,12.00,0.54,0,"[22,22,22,22,44,22,100,77,100,100,77,77]",2026-03-08,"Local pack, Sitelinks, Video, Related searches",commercial,Organic
property management checklists,1,1,90,10,5.48,https://www.reedyandcompany.com/blog/a-property-manager-duties-checklist-for-beginners/,3,0.01,16.00,0.95,0,"[9,12,15,12,21,9,28,28,21,34,100,28]",2026-03-16,"Image pack, Video, Related searches, AI overview",informational,AI overview
tenant at will georgia,1,1,90,22,0.33,https://www.reedyandcompany.com/blog/tenant-at-will-explained-everything-you-need-to-know/,3,0.01,0.00,0.07,132,"[42,34,34,42,34,34,42,34,34,26,34,19]",2026-04-23,"Video, People also ask, Related searches, AI overview",informational,People also ask
section 8 houses for rent in memphis tn,8,8,140,17,0.28,https://www.reedyandcompany.com/blog/section-8-houses-for-rent-by-owner-tips-for-memphis-landlords/,3,0.01,0.00,0.47,569000,"[28,28,44,28,23,23,23,18,28,15,18,23]",2026-04-07,"Video, Related searches, AI overview",informational,Organic
best property management companies in memphis tn,3,3,110,48,2.63,https://www.reedyandcompany.com/,3,0.01,7.00,0.52,113,"[41,41,64,41,41,52,100,82,82,64,64,64]",2026-03-27,"Local pack, Sitelinks, People also ask, Related searches, Discussions and forums, AI overview",commercial,Organic
home rental companies in memphis,2,2,90,55,0.85,https://www.reedyandcompany.com/,3,0.01,2.00,0.47,18500000,"[34,19,15,11,42,15,42,53,53,53,53,53]",2026-04-24,"Local pack, Sitelinks, Video, Ads bottom, Related searches, Discussions and forums",commercial,Organic
houses for rent by owner in memphis tn,9,9,140,34,0.24,https://www.reedyandcompany.com/rental-properties/,3,0.01,0.00,0.49,3510000,"[29,19,29,15,19,15,10,10,5,12,7,12]",2026-03-20,Related searches,commercial,Organic
how to introduce yourself to neighbors,5,5,110,13,0.00,https://www.reedyandcompany.com/blog/new-neighbors-how-to-introduce-yourself-to-the-community/,3,0.01,0.00,0,11700000,"[34,28,34,34,43,28,34,53,43,43,43,34]",2026-04-19,"Sitelinks, Video, Related searches, Short videos, AI overview",informational,Organic
how much do management companies charge for rentals,4,4,110,31,2.85,https://www.reedyandcompany.com/blog/how-much-do-property-management-companies-charge-rates-explained/,3,0.01,8.00,0.52,183,"[42,34,34,53,80,34,42,42,26,42,34,26]",2026-04-06,"Sitelinks, Video, Related searches, AI overview",informational,Organic
private owned homes for rent memphis tn,10,10,140,22,0.23,https://www.reedyandcompany.com/rental-properties/,3,0.01,0.00,0.59,6450000,"[65,26,53,42,65,100,53,42,53,65,53,65]",2026-04-21,"Video, Related searches",informational,Organic
rental houses memphis,8,8,170,42,0.42,https://www.reedyandcompany.com/rental-properties/,3,0.01,1.00,0.64,7290000,"[35,43,18,18,14,14,22,35,100,43,43,54]",2026-04-04,"Local pack, Video, Related searches",commercial,Organic
renting without a lease agreement,4,4,70,9,2.11,https://www.reedyandcompany.com/blog/understanding-tenant-rights-without-a-lease-agreement/,3,0.01,6.00,0.05,98700000,"[100,64,52,41,52,41,41,41,41,29,29,17]",2026-04-10,"Sitelinks, Video, Related searches, AI overview",informational,Organic
rental services property management,8,8,170,71,7.66,https://www.reedyandcompany.com/,3,0.01,22.00,0.03,263000000,"[66,28,28,53,100,43,82,35,53,17,23,17]",2026-04-09,"Local pack, Sitelinks, Related searches",commercial,Organic
real estate investment metrics,1,1,50,18,1.93,https://www.reedyandcompany.com/blog/8-key-metrics-to-enhance-your-real-estate-portfolio-management/,3,0.01,5.00,0.38,120,"[14,9,52,100,33,19,23,19,9,14,14,9]",2026-03-19,"Sitelinks, Video, People also ask, Related searches, AI overview",informational,AI overview
homes apartment,1,1,40,69,1.07,https://www.reedyandcompany.com/blog/apartment-vs-a-house-which-is-better-for-your-needs/,3,0.01,3.00,0.23,401000000,"[0,0,0,2,0,0,2,5,2,100,2,2]",2026-04-12,"Local pack, Image pack, Video, Image, People also ask, Related searches",commercial,Image pack
home rentals memphis tn,7,7,140,36,0.42,https://www.reedyandcompany.com/rental-properties/,3,0.01,1.00,0.64,25200000,"[66,6,8,8,8,6,23,35,35,28,28,28]",2026-04-04,"Local pack, Video, Related searches",commercial,Organic
houses for rent by owner in memphis,10,10,170,34,0.46,https://www.reedyandcompany.com/rental-properties/,3,0.01,1.00,0.6,6430000,"[53,81,100,100,65,65,21,34,65,65,34,28]",2026-04-03,"Video, Related searches",informational,Organic
rentals memphis,6,6,140,47,0.83,https://www.reedyandcompany.com/rental-properties/,3,0.01,2.00,0.68,46200000,"[52,66,66,52,80,52,52,66,80,80,52,52]",2026-04-11,"Local pack, Video, Image, Related searches",commercial,Organic
tenant at will california,1,1,90,11,1.27,https://www.reedyandcompany.com/blog/tenant-at-will-explained-everything-you-need-to-know/,3,0.01,3.00,0.13,62800000,"[43,28,28,34,21,34,34,28,28,21,21,15]",2026-04-28,"Video, People also ask, Related searches, AI overview",informational,People also ask
apartment stairwell,1,1,90,24,0.00,https://www.reedyandcompany.com/blog/what-are-the-different-types-of-apartments/,3,0.01,0.00,0,7930000,"[33,52,52,42,42,33,52,42,52,52,52,33]",2026-03-20,"Image pack, Sitelinks, Video, Image, Video Carousel, People also ask, Related searches",informational,People also ask
landlord repair notice to tenant,1,1,90,14,1.07,https://www.reedyandcompany.com/blog/landlord-repair-notice-to-tenant-how-to-properly-notify-tenants-in-memphis-tn/,3,0.01,3.00,0.18,183,"[53,28,28,10,23,23,35,23,12,12,12,12]",2026-04-15,"Image pack, Sitelinks, Video, Related searches, Discussions and forums, AI overview",informational,AI overview
rental home memphis tn,7,7,140,42,0.42,https://www.reedyandcompany.com/rental-properties/,3,0.01,1.00,0.64,21200000,"[0,0,1,100,59,1,3,3,2,1,1,3]",2026-03-20,"Local pack, Video, Image, Related searches",commercial,Organic
does a landlord have to give a reason for eviction,1,1,30,12,0.54,https://www.reedyandcompany.com/blog/can-a-landlord-ask-you-to-vacate-for-no-reason-find-out-here/,3,0.01,1.00,0.19,0,"[45,45,27,18,18,100,18,27,18,18,18,18]",2026-03-08,"Video, Related searches, Discussions and forums, AI overview",informational,Organic
property management companies in memphis tn,3,3,90,50,3.74,https://www.reedyandcompany.com/,3,0.01,11.00,0.4,4360000,"[65,11,15,19,19,26,42,42,42,53,42,53]",2026-04-02,"Local pack, Sitelinks, Video, Related searches",commercial,Organic
reedy & company memphis property rentals reviews,10,10,170,18,0.48,https://www.reedyandcompany.com/property-management/,3,0.01,1.00,0.08,6220,"[80,53,80,100,80,80,80,53,34,53,53,42]",2026-04-06,"Knowledge panel, Sitelinks, Video, Related searches, AI overview","commercial, informational",Organic
read and company,7,7,480,44,0.00,https://www.reedyandcompany.com/,3,0.01,0.00,0,0,"[66,44,66,54,54,66,100,81,66,66,66,81]",2026-03-10,"Knowledge panel, Video, Related searches","informational, transactional",Organic
apartment or home,1,1,90,26,1.04,https://www.reedyandcompany.com/blog/apartment-vs-a-house-which-is-better-for-your-needs/,3,0.01,3.00,0.2,1400000000,"[52,66,52,66,100,66,66,52,4,0,4,0]",2026-04-24,"Sitelinks, Video, Video Carousel, People also ask, Related searches, Discussions and forums, AI overview",informational,AI overview
eviction notice house,1,1,70,45,1.40,https://www.reedyandcompany.com/blog/how-to-evict-a-tenant-your-guide-to-the-eviction-process/,3,0.01,4.00,0.54,30700000,"[55,55,55,77,77,77,77,77,77,100,77,44]",2026-04-11,"Image pack, Video, Video Carousel, Related searches, AI overview",informational,Image pack
reedy and company in memphis tennessee,3,3,170,36,0.54,https://www.reedyandcompany.com/contact-us/,3,0.01,1.00,0.23,97,"[43,43,28,28,53,82,35,28,53,53,66,35]",2026-03-26,"Knowledge panel, Video, Related searches","informational, transactional",Organic
real estate investing memphis,3,3,50,36,6.43,https://www.reedyandcompany.com/investments/,3,0.01,19.00,0.27,2630000,"[28,28,71,71,57,71,100,100,100,100,100,100]",2026-04-08,"Local pack, Sitelinks, Video, Related searches, AI overview",informational,Organic
house for rent in memphis,10,10,140,35,0.42,https://www.reedyandcompany.com/rental-properties/,3,0.01,1.00,0.64,22700000,"[5,1,4,1,5,6,13,16,16,13,13,13]",2026-03-19,"Video, Related searches",informational,Organic
landlord painting responsibilities,1,1,110,8,0.00,https://www.reedyandcompany.com/blog/can-a-landlord-charge-for-painting-the-rental-property/,3,0.01,0.00,0.01,2730000,"[29,18,22,29,18,18,29,29,29,29,22,18]",2026-03-27,"Sitelinks, Video, People also ask, Related searches, Discussions and forums, AI overview",informational,AI overview
landlord letter of reference,12,12,1000,16,0.96,https://www.reedyandcompany.com/blog/the-tenant-reference-letter-tips-and-best-practices-for-memphis-landlords/,3,0.01,2.00,0.77,34100000,"[31,68,100,84,84,37,37,46,37,31,13,16]",2026-04-20,"Image pack, Video, Image, People also ask, Related searches",informational,Organic
negotiating rent with a property management company,2,2,40,11,0.00,https://www.reedyandcompany.com/blog/can-you-negotiate-rent-with-a-property-management-company/,3,0.01,0.00,0,9290000,"[7,7,7,7,7,7,26,26,26,26,26,26]",2026-04-17,"Sitelinks, Video, Related searches, AI overview",informational,Organic
duties property manager,6,6,140,15,0.53,https://www.reedyandcompany.com/blog/a-property-manager-duties-checklist-for-beginners/,3,0.01,1.00,0.12,98900000,"[0,81,43,53,100,81,100,0,65,3,6,3]",2026-03-29,"Video, Related searches, AI overview",informational,Organic
2 bedroom house rent,8,8,390,15,0.33,https://www.reedyandcompany.com/blog/2-bedroom-houses-for-rent-does-size-matter-a-guide-for-renters/,3,0.01,0.00,0.66,173000000,"[0,35,3,3,0,7,3,8,1,0,2,13]",2026-04-23,"Image pack, Video, Related searches",informational,Image pack
how much does a property management company charge,6,6,170,31,2.69,https://www.reedyandcompany.com/blog/how-much-do-property-management-companies-charge-rates-explained/,3,0.01,8.00,0.49,425000000,"[43,35,43,14,29,14,29,54,29,29,100,35]",2026-04-11,"Sitelinks, Video, Related searches, Discussions and forums, AI overview",informational,Organic
memphis property management companies,9,9,260,52,4.09,https://www.reedyandcompany.com/,3,0.01,12.00,0.54,0,"[66,28,35,28,44,23,100,44,54,23,28,23]",2026-03-17,"Local pack, Sitelinks, Video, Related searches",commercial,Organic
what is a tenant at will,7,7,140,20,0.13,https://www.reedyandcompany.com/blog/tenant-at-will-explained-everything-you-need-to-know/,3,0.01,0.00,0.02,0,"[42,33,42,52,66,42,42,100,80,100,66,66]",2026-03-05,"Knowledge panel, Sitelinks, Video Carousel, Related searches",informational,Organic
what can a landlord look at during an inspection,4,4,390,6,0.13,https://www.reedyandcompany.com/blog/what-can-a-landlord-look-at-during-an-inspection/,3,0.01,0.00,0.04,22700000,"[39,39,39,39,32,26,39,32,39,48,39,39]",2026-04-09,"Sitelinks, Video, People also ask, Related searches, Discussions and forums, AI overview",informational,Organic
private owners section 8 houses for rent,6,6,140,26,0.38,https://www.reedyandcompany.com/blog/section-8-houses-for-rent-by-owner-tips-for-memphis-landlords/,3,0.01,1.00,0.51,139,"[15,12,12,15,19,19,15,19,19,29,12,19]",2026-04-03,"Video, People also ask, Related searches, AI overview",informational,Organic
houses for rent 38127,9,9,140,14,0.23,https://www.reedyandcompany.com/rental-properties/,3,0.01,0.00,0.47,124,"[43,28,35,43,35,28,28,28,28,35,28,28]",2026-03-14,Related searches,informational,Organic
for rent by owner memphis,9,9,140,34,0.35,https://www.reedyandcompany.com/rental-properties/,3,0.01,1.00,0.67,35200000,"[28,23,35,28,43,35,53,28,28,35,53,35]",2026-03-31,"Video, Related searches",commercial,Organic
can you be evicted for no reason,6,6,210,15,0.05,https://www.reedyandcompany.com/blog/can-a-landlord-ask-you-to-vacate-for-no-reason-find-out-here/,3,0.01,0.00,0.07,198,"[65,53,53,53,81,81,81,100,65,43,34,34]",2026-03-24,"Sitelinks, Video, People also ask, Related searches, AI overview",informational,Organic
property management companies in memphis tennessee,1,1,50,52,3.74,https://www.reedyandcompany.com/,3,0.01,11.00,0.4,121,"[21,14,28,100,14,14,35,28,50,78,50,78]",2026-04-09,"Local pack, Sitelinks, Video, Related searches",commercial,Organic
how much should a property manager charge,13,13,1300,33,2.96,https://www.reedyandcompany.com/blog/how-much-do-property-management-companies-charge-rates-explained/,3,0.01,8.00,0.45,177,"[3,53,100,2,5,10,0,16,35,24,29,1]",2026-04-18,"Sitelinks, Video, Related searches, Discussions and forums, AI overview",informational,Organic
rental companies in memphis that accept bankruptcies,1,1,40,31,0.93,https://www.reedyandcompany.com/,2,0.01,1.00,0.26,85,"[9,33,23,23,19,9,14,14,9,14,14,14]",2026-04-25,"Local pack, Sitelinks, Video, People also ask, Related searches, Discussions and forums",commercial,Organic
can you let family live in your house rent free,4,4,50,4,0.00,https://www.reedyandcompany.com/blog/rent-to-a-family-member-tax-rules-you-should-know/,2,0.01,0.00,0.33,179,"[26,26,11,19,26,26,19,19,15,19,19,7]",2026-03-18,"Sitelinks, Video, Related searches, AI overview",informational,Organic
rental.houses near me,21,21,1900,66,0.41,https://www.reedyandcompany.com/rental-properties/,2,0.01,0.00,0.68,185000000,"[0,0,0,0,0,0,0,0,0,0,0,100]",2026-04-24,"Knowledge panel, Video, Related searches, AI overview","informational, transactional",Organic
home rental companies,20,20,1900,88,2.60,https://www.reedyandcompany.com/,2,0.01,5.00,0.65,394000000,"[66,66,10,8,35,29,29,44,29,35,35,18]",2026-04-23,"Local pack, Sitelinks, Video, People also ask, Related searches",commercial,Organic
5155 citation drive,6,6,70,22,0.00,https://www.reedyandcompany.com/blog/memphis-welcome-second-amazon-facility/,2,0.01,0.00,0.01,53,"[1,2,3,1,1,2,2,1,2,4,3,3]",2026-04-20,"People also ask, Related searches",informational,Organic
landlord responsibilities for repairs,3,3,40,25,0.17,https://www.reedyandcompany.com/blog/6-key-landlord-repair-obligations-explained/,2,0.01,0.00,0.15,146,"[11,15,19,15,19,3,34,19,3,42,3,3]",2026-04-14,"Sitelinks, Video, Related searches, Discussions and forums, AI overview",informational,Organic
new homes for rent,26,26,1900,63,1.36,https://www.reedyandcompany.com/rental-properties/,2,0.01,2.00,0.69,423000000,"[66,100,44,36,44,36,52,66,66,52,44,52]",2026-04-26,Related searches,informational,Organic
property for rent near me,26,26,1900,72,0.51,https://www.reedyandcompany.com/rental-properties/,2,0.01,1.00,0.67,438000000,"[8,7,19,36,4,29,29,8,10,5,10,5]",2026-04-21,"Video, Related searches, AI overview","informational, transactional",Organic
homes available for rent near me,45,45,8100,69,0.41,https://www.reedyandcompany.com/rental-properties/,2,0.01,0.00,0.62,159000000,"[2,2,1,7,5,5,3,7,100,29,3,5]",2026-04-26,"Local pack, Related searches, AI overview","informational, transactional",Organic
renting a room in your house to a family member,1,1,70,5,0.00,https://www.reedyandcompany.com/blog/rent-to-a-family-member-tax-rules-you-should-know/,2,0.01,0.00,0.1,140,"[15,12,6,12,6,12,15,6,43,34,34,34]",2026-04-15,"Sitelinks, Video, People also ask, Related searches, AI overview",informational,AI overview
rental letter of recommendation,5,5,90,12,0.94,https://www.reedyandcompany.com/blog/the-tenant-reference-letter-tips-and-best-practices-for-memphis-landlords/,2,0.01,1.00,0.72,125,"[5,0,11,15,6,5,8,11,11,8,100,8]",2026-03-14,"Image pack, Sitelinks, Video, Image, Related searches, AI overview",informational,Organic
rental property management memphis,3,3,70,41,1.53,https://www.reedyandcompany.com/,2,0.01,3.00,0.69,89100,"[33,9,23,19,19,9,52,42,52,42,42,42]",2026-04-02,"Local pack, Sitelinks, Related searches",commercial,Organic
property management groups near me,11,11,480,60,3.74,https://www.reedyandcompany.com/,2,0.01,7.00,0.4,393000000,"[30,30,30,30,100,76,36,36,24,30,20,20]",2026-03-27,"Local pack, Sitelinks, Video, Related searches",transactional,Organic
reedy & company memphis property rentals photos,2,2,110,26,0.36,https://www.reedyandcompany.com/,2,0.01,0.00,0.22,9340,"[80,65,100,80,53,53,26,11,11,7,11,11]",2026-04-08,"Knowledge panel, Video, Image, People also ask, Related searches","informational, transactional",Organic
houses for rent west memphis,11,11,210,27,0.15,https://www.reedyandcompany.com/rental-properties/,2,0.01,0.00,0.27,3220000,"[35,53,53,66,66,53,53,53,35,53,43,43]",2026-03-05,Related searches,informational,Organic
can landlords go through your stuff during an inspection,1,1,70,14,0.65,https://www.reedyandcompany.com/blog/what-can-a-landlord-look-at-during-an-inspection/,2,0.01,1.00,0.04,1890000,"[29,29,41,29,29,41,29,41,52,52,52,82]",2026-04-03,"Sitelinks, Video, People also ask, Related searches, AI overview",informational,AI overview
tenant at will eviction massachusetts,1,1,70,19,0.94,https://www.reedyandcompany.com/blog/tenant-at-will-explained-everything-you-need-to-know/,2,0.01,1.00,0.15,1620000,"[35,78,50,50,64,50,28,50,64,64,50,64]",2026-04-26,"Sitelinks, Video, People also ask, Related searches, Discussions and forums, AI overview",informational,People also ask
rental house near me,29,29,3600,67,0.41,https://www.reedyandcompany.com/rental-properties/,2,0.01,0.00,0.68,612000000,"[54,16,19,13,16,13,13,13,16,10,8,10]",2026-04-26,"Local pack, Video, People also ask, Related searches, AI overview","informational, transactional",Organic
rental house near me,31,31,3600,67,0.41,https://www.reedyandcompany.com/rental-properties/,2,0.01,0.00,0.68,612000000,"[54,16,19,13,16,13,13,13,16,10,8,10]",2026-04-26,"Local pack, Video, People also ask, Related searches, AI overview","informational, transactional",Organic
property management in memphis tn,4,4,90,50,2.86,https://www.reedyandcompany.com/,2,0.01,5.00,0.47,126,"[15,26,42,26,11,11,53,42,42,42,34,53]",2026-03-20,"Local pack, Sitelinks, Video, People also ask, Related searches",commercial,Organic
with whom you split the rent,23,23,1900,11,0.00,https://www.reedyandcompany.com/blog/how-to-split-rent-in-your-apartment/,2,0.01,0.00,0,20300000,"[29,29,29,29,29,66,29,29,0,0,0,0]",2026-03-08,"Sitelinks, Video, Related searches, AI overview",informational,Organic
rent reference letter,3,3,90,14,0.94,https://www.reedyandcompany.com/blog/the-tenant-reference-letter-tips-and-best-practices-for-memphis-landlords/,2,0.01,1.00,0.72,137000000,"[22,4,2,0,8,29,43,43,35,29,10,14]",2026-04-23,"Image pack, Video, Image, People also ask, Related searches, AI overview",informational,Organic
memphis rental property management,3,3,70,9,0.00,https://www.reedyandcompany.com/blog/unmatched-property-management-boost-your-property-investments/,2,0.01,0.00,0.33,85500,"[6,4,22,6,4,8,22,22,22,22,22,22]",2026-04-01,"Local pack, Related searches",commercial,Organic
property management checklists,6,6,90,10,5.48,https://www.reedyandcompany.com/blog/a-property-manager-duties-checklist-for-beginners/,2,0.01,10.00,0.95,0,"[9,12,15,12,21,9,28,28,21,34,100,28]",2026-03-16,"Image pack, Video, Related searches, AI overview",informational,Organic
property management company cost,10,10,590,35,2.66,https://www.reedyandcompany.com/blog/how-much-do-property-management-companies-charge-rates-explained/,2,0.01,5.00,0.24,540000000,"[16,79,66,5,24,16,7,54,4,7,4,4]",2026-04-21,"Sitelinks, Video, People also ask, Related searches, AI overview",informational,Organic
do landlords have to provide heat,4,4,110,19,0.33,https://www.reedyandcompany.com/blog/how-long-can-a-landlord-leave-you-without-heat/,2,0.01,0.00,0.01,16600000,"[66,43,23,17,17,12,12,12,12,35,53,53]",2026-04-24,"Sitelinks, Video, People also ask, Related searches, AI overview",informational,Organic
letter of reference from landlord,8,8,260,16,0.96,https://www.reedyandcompany.com/blog/the-tenant-reference-letter-tips-and-best-practices-for-memphis-landlords/,2,0.01,1.00,0.77,36800000,"[3,23,44,44,35,28,54,54,66,28,100,18]",2026-04-02,"Image pack, Video, Image, Video Carousel, Related searches, AI overview",informational,Organic
shift apartments,23,23,1900,19,1.39,https://www.reedyandcompany.com/property-management/multi-family/,2,0.01,2.00,0.19,40100000,"[65,36,43,43,43,54,65,43,22,29,43,43]",2026-04-22,"Local pack, Sitelinks, Video, Image, Related searches",navigational,Organic
two bedroom flats near me,6,6,260,20,1.77,https://www.reedyandcompany.com/blog/what-are-the-different-types-of-apartments/,2,0.01,3.00,0.91,45600000,"[35,28,44,35,81,66,35,23,23,66,81,5]",2026-03-05,"Local pack, Video, People also ask, Related searches",transactional,People also ask
landlord not fixing heat,1,1,40,15,0.00,https://www.reedyandcompany.com/blog/how-long-can-a-landlord-leave-you-without-heat/,2,0.01,0.00,0.06,13100000,"[22,43,4,4,4,4,4,4,2,4,4,4]",2026-03-02,"Sitelinks, Video, Video Carousel, People also ask, Related searches, AI overview",informational,People also ask
property management to do list,4,4,50,0,0.00,https://www.reedyandcompany.com/blog/a-property-manager-duties-checklist-for-beginners/,2,0.01,0.00,0,149,"[14,14,14,14,14,14,64,64,50,64,100,50]",2026-03-25,"Sitelinks, Video, Related searches, AI overview",informational,Organic
tenant referral letter,4,4,50,14,0.76,https://www.reedyandcompany.com/blog/the-tenant-reference-letter-tips-and-best-practices-for-memphis-landlords/,2,0.01,1.00,0.68,9170000,"[0,0,5,5,17,7,17,10,10,12,12,66]",2026-03-26,"Image pack, Sitelinks, Video, Image, People also ask, Related searches",informational,Organic
rentals in memphis,5,14,110,52,0.83,https://www.reedyandcompany.com/rental-properties/,2,0.01,1.00,0.68,42400000,"[15,2,4,1,2,2,5,10,12,100,7,7]",2026-04-27,"Local pack, Image pack, Video, Image, People also ask, Related searches",commercial,Organic
property manager duties list,3,3,50,18,0.68,https://www.reedyandcompany.com/blog/a-property-manager-duties-checklist-for-beginners/,2,0.01,1.00,0.14,75700000,"[35,21,21,28,28,28,50,35,35,35,35,35]",2026-04-10,"Sitelinks, Video, Related searches, AI overview",informational,Organic
property managers in memphis tn,2,2,50,50,2.86,https://www.reedyandcompany.com/,2,0.01,5.00,0.47,0,"[22,11,22,22,22,22,77,77,100,77,77,77]",2026-03-09,"Local pack, Sitelinks, Video, Image, Related searches",commercial,Organic
can a landlord remove your belongings without permission,4,4,320,24,1.27,https://www.reedyandcompany.com/blog/can-a-landlord-remove-your-belongings-without-permission-legal-insights/,2,0.01,2.00,0.04,1680000,"[36,36,36,44,36,36,44,54,54,54,54,54]",2026-03-22,"Sitelinks, Video, People also ask, Related searches, Discussions and forums, AI overview",informational,Organic
casas en renta memphis tn,5,5,50,35,0.37,https://www.reedyandcompany.com/rental-properties/,2,0.01,0.00,0.7,43700,"[14,28,35,50,28,64,50,50,21,28,28,21]",2026-04-12,"Image, Related searches",informational,Organic
no lease rental laws,6,6,90,22,0.27,https://www.reedyandcompany.com/blog/understanding-tenant-rights-without-a-lease-agreement/,2,0.01,0.00,0.15,155,"[28,34,21,34,43,43,28,21,34,34,12,28]",2026-04-11,"Sitelinks, Video, Related searches, AI overview",informational,Organic
how long can a landlord leave you without heating,10,10,110,23,0.00,https://www.reedyandcompany.com/blog/how-long-can-a-landlord-leave-you-without-heat/,2,0.01,0.00,0.01,22300000,"[13,8,6,5,5,5,3,3,5,13,13,13]",2026-03-20,"Sitelinks, Video, Related searches, AI overview",informational,Organic
signs of bad property management,1,1,70,0,0.00,https://www.reedyandcompany.com/blog/tell-tale-signs-you-have-an-unprofessional-property-manager-and-what-to-do/,2,0.01,0.00,0.33,0,"[27,27,27,18,27,27,100,100,63,100,100,100]",2026-03-12,"Video, Discussions and forums, AI overview",informational,AI overview
how long can landlord leave you without heating,6,6,70,7,0.00,https://www.reedyandcompany.com/blog/how-long-can-a-landlord-leave-you-without-heat/,2,0.01,0.00,0.01,17800000,"[0,0,0,14,0,14,10,10,14,35,35,35]",2026-04-16,"Sitelinks, Video, Related searches, AI overview",informational,Organic
memphis real estate investment,5,5,110,36,6.43,https://www.reedyandcompany.com/investments/,2,0.01,12.00,0.27,7090000,"[19,33,42,23,33,33,80,100,80,66,66,66]",2026-04-09,"Local pack, Sitelinks, Video, Video Carousel, Related searches",commercial,Organic
good tenant letter from landlord,4,4,110,14,0.63,https://www.reedyandcompany.com/blog/the-tenant-reference-letter-tips-and-best-practices-for-memphis-landlords/,2,0.01,1.00,0.53,38400000,"[3,3,18,3,3,3,18,18,18,18,100,8]",2026-04-21,"Image pack, Sitelinks, Video, Image, Ads bottom, Video Carousel, People also ask, Related searches, Discussions and forums, Ads middle",informational,Organic
investment properties memphis tn,8,8,110,24,2.80,https://www.reedyandcompany.com/investments/,2,0.01,5.00,0.32,0,"[100,33,19,66,100,33,42,52,52,52,42,52]",2026-03-08,"Local pack, Sitelinks, Video, Related searches",commercial,Organic
houses that accept section 8,16,16,1900,22,0.55,https://www.reedyandcompany.com/blog/section-8-houses-for-rent-by-owner-tips-for-memphis-landlords/,2,0.01,1.00,0.24,374000000,"[53,29,29,16,44,44,66,24,35,24,24,29]",2026-04-23,"Video, People also ask, Related searches, AI overview",informational,Organic
does mold make a house uninhabitable,4,4,70,14,0.00,https://www.reedyandcompany.com/blog/are-landlords-legally-responsible-for-mold-concerns/,2,0.01,0.00,0.06,156,"[3,5,6,5,5,5,5,5,3,5,100,5]",2026-04-22,"Sitelinks, Video, People also ask, Related searches, AI overview",informational,Organic
tenant at will form,2,2,70,17,1.24,https://www.reedyandcompany.com/blog/tenant-at-will-explained-everything-you-need-to-know/,2,0.01,2.00,0.91,174000000,"[100,42,33,33,42,33,23,23,33,23,23,19]",2026-04-24,"Image pack, Video, Ads bottom, People also ask, Related searches",informational,People also ask
luxury real estate marketing plan,1,1,70,10,0.00,https://www.reedyandcompany.com/blog/12-key-strategies-for-luxury-property-marketing-success/,2,0.01,0.00,0.09,123,"[14,21,14,28,28,35,28,64,100,64,78,78]",2026-03-05,"Video, Video Carousel, People also ask, Related searches, AI overview",informational,AI overview
checklist for property management,1,1,40,10,5.48,https://www.reedyandcompany.com/blog/a-property-manager-duties-checklist-for-beginners/,2,0.01,10.00,0.95,139,"[55,55,77,55,44,33,44,55,44,22,0,22]",2026-04-06,"Sitelinks, Video, Related searches, AI overview",informational,AI overview
reedy properties,4,4,70,47,1.72,https://www.reedyandcompany.com/rental-properties/,2,0.01,3.00,0.08,0,"[33,33,66,42,33,23,23,23,19,19,9,19]",2026-03-19,"Local pack, Sitelinks, Video, Related searches",commercial,Organic
rental home companies in memphis,3,3,70,52,0.85,https://www.reedyandcompany.com/,2,0.01,1.00,0.47,9360000,"[29,22,8,14,14,29,8,14,14,6,10,8]",2026-04-03,"Local pack, Sitelinks, Video, Related searches",commercial,Organic
houses for rent by owner in memphis,11,11,170,34,0.46,https://www.reedyandcompany.com/rental-properties/,2,0.01,0.00,0.6,6430000,"[53,81,100,100,65,65,21,34,65,65,34,28]",2026-04-03,"Video, Related searches",informational,Organic
reedy and company memphis tn,2,2,480,48,0.54,https://www.reedyandcompany.com/blog/navigating-the-best-property-management-companies-in-memphis/,2,0.01,1.00,0.23,122,"[81,54,67,44,44,54,54,44,54,54,36,29]",2026-03-31,"Knowledge panel, Sitelinks, Video, People also ask, Related searches",navigational,People also ask
reedy and company memphis tn,2,2,480,48,0.54,https://www.reedyandcompany.com/,2,0.01,1.00,0.23,122,"[81,54,67,44,44,54,54,44,54,54,36,29]",2026-03-31,"Knowledge panel, Sitelinks, Video, People also ask, Related searches",navigational,People also ask
memphis homes for rent 38116,11,11,170,14,0.24,https://www.reedyandcompany.com/rental-properties/,2,0.01,0.00,0.45,340000,"[43,53,28,53,53,82,43,35,17,23,23,35]",2026-03-05,"Image, Related searches",informational,Organic
real estate valuation metrics analysis,7,7,140,13,0.00,https://www.reedyandcompany.com/blog/8-key-metrics-to-enhance-your-real-estate-portfolio-management/,2,0.01,0.00,0,133,"[100,28,6,21,53,65]",2026-04-11,"Sitelinks, Video, Video Carousel, Related searches, AI overview",informational,Organic
homes for rent 38128,12,12,320,13,0.26,https://www.reedyandcompany.com/rental-properties/,2,0.01,0.00,0.51,420000,"[66,81,35,66,44,54,54,66,54,54,44,44]",2026-03-05,Related searches,informational,Organic
when can a landlord legally reject an esa,7,7,210,15,0.50,https://www.reedyandcompany.com/blog/when-can-a-landlord-legally-reject-an-esa/,2,0.01,1.00,0.21,110000,"[7,8,7,13,16,10,8,8,7,8,8,7]",2026-04-21,"Sitelinks, Video, People also ask, Related searches, AI overview",informational,Organic
rental property management companies,23,23,1600,81,5.70,https://www.reedyandcompany.com/,2,0.01,11.00,0.36,174000000,"[29,36,36,29,36,43,36,36,36,16,43,13]",2026-04-11,"Local pack, Sitelinks, Video, Related searches",commercial,Organic
rental property financial reports,1,1,70,10,0.00,https://www.reedyandcompany.com/blog/real-estate-finance-why-you-need-a-rental-property-income-statement/,2,0.01,0.00,0,147,"[9,6,3,3,3,0,12,21,100,65,12,12]",2026-03-12,"Sitelinks, Video, Related searches, AI overview",informational,AI overview
casas en renta memphis,5,5,50,35,0.38,https://www.reedyandcompany.com/rental-properties/,2,0.01,0.00,0.63,392000,"[11,5,41,11,100,64,29,17,23,17,17,23]",2026-04-12,"Video, Image, Related searches",informational,Organic
who is responsible for pest control in a rental property,1,1,70,8,0.00,https://www.reedyandcompany.com/blog/who-is-responsible-for-pest-control-when-renting/,2,0.01,0.00,0.02,10200000,"[10,12,12,7,12,10,35,28,28,12,17,5]",2026-04-21,"Sitelinks, People also ask, Related searches, AI overview",informational,AI overview
can the landlord charge for painting,3,3,90,0,0.00,https://www.reedyandcompany.com/blog/can-a-landlord-charge-for-painting-the-rental-property/,2,0.01,0.00,0,5880000,"[34,34,26,34,26,34,19,42,26,26,42,34]",2026-03-07,"Sitelinks, Video, Related searches, Discussions and forums, AI overview",informational,Organic
reedy & company memphis property rentals,2,2,90,33,0.63,https://www.reedyandcompany.com/,2,0.01,1.00,0.32,125000,"[10,10,12,12,7,10,10,12,5,5,5,5]",2026-04-01,"Knowledge panel, Video, Related searches",navigational,Organic
house rental,38,38,8100,89,0.57,https://www.reedyandcompany.com/rental-properties/,2,0.01,1.00,0.65,2340000000,"[36,20,13,24,16,16,36,13,13,44,16,8]",2026-04-22,"Local pack, Sitelinks, Video, Image, Related searches",commercial,Organic
innovative ways to access luxury property exposure,2,2,50,0,0.00,https://www.reedyandcompany.com/blog/12-key-strategies-for-luxury-property-marketing-success/,2,0.01,0.00,0,460000000,"[0,36,100,63,36,27]",2026-03-24,"Sitelinks, Video, Video Carousel",informational,Organic
negotiating rent with a property management company,1,1,40,11,0.00,https://www.reedyandcompany.com/blog/can-you-negotiate-rent-with-a-property-management-company/,2,0.01,0.00,0,9290000,"[7,7,7,7,7,7,26,26,26,26,26,26]",2026-04-17,"Sitelinks, Video, Related searches, AI overview",informational,AI overview
best areas to own rental property,5,5,110,21,0.72,https://www.reedyandcompany.com/blog/figuring-out-the-best-place-to-buy-a-rental-property/,2,0.01,1.00,0.21,129000000,"[80,65,34,26,15,53,53,65,34,53,26,26]",2026-03-20,"Sitelinks, Video, Ads bottom, Related searches, Discussions and forums, AI overview",commercial,Organic
property and rentals,38,38,9900,100,0.67,https://www.reedyandcompany.com/rental-properties/,2,0.01,1.00,0.39,503000000,"[0,0,0,100,100,54,0,5,44,81,81,66]",2026-04-24,"Local pack, Video, People also ask, Related searches",commercial,Organic
for rent in memphis tennessee,12,12,260,47,0.65,https://www.reedyandcompany.com/rental-properties/,2,0.01,1.00,0.73,12700000,"[0,54,100,100,66,35,35,28,23,23,18,23]",2026-03-30,"Video, Related searches",informational,Organic
reedy and associates,5,5,50,38,0.00,https://www.reedyandcompany.com/contact-us/,2,0.01,0.00,0.03,0,"[5,5,7,7,7,5,7,7,5,5,3,7]",2026-03-18,"Knowledge panel, Top stories, Sitelinks, Video, Related searches","informational, transactional",Organic
leco realty memphis,6,6,320,36,1.35,https://www.reedyandcompany.com/,2,0.01,2.00,0.02,88,"[23,29,44,100,44,36,23,54,36,36,23,23]",2026-03-27,"Knowledge panel, Related searches",informational,Organic
summer east apartments,2,2,110,21,0.65,https://summereast.reedyandcompany.com/,2,0.01,1.00,0.16,121,"[42,42,42,33,42,66,66,66,52,100,52,33]",2026-03-21,"Knowledge panel, Video, Related searches",informational,Organic
property management companies in memphis,6,6,90,50,4.09,https://www.reedyandcompany.com/,2,0.01,8.00,0.54,11100000,"[33,19,23,14,23,19,52,52,52,100,80,52]",2026-03-20,"Local pack, Sitelinks, Video, Related searches",commercial,Organic
vacation home market,5,5,90,37,0.00,https://www.reedyandcompany.com/blog/how-to-navigate-vacation-property-prices-in-2025/,2,0.01,0.00,0.18,344000000,"[3,3,5,8,15,3,100,18,3,11,3,8]",2026-04-14,"Sitelinks, Video, Related searches, Discussions and forums, AI overview","commercial, informational",Organic
good tenant letter,2,2,70,12,0.00,https://www.reedyandcompany.com/blog/the-tenant-reference-letter-tips-and-best-practices-for-memphis-landlords/,2,0.01,0.00,0.33,63000000,"[5,5,5,5,5,5,12,12,10,10,100,10]",2026-04-23,"Image pack, Video, Image, Video Carousel, People also ask, Related searches, Discussions and forums, AI overview",informational,Organic
best marketing strategies for luxury homes 2025,1,1,40,8,0.00,https://www.reedyandcompany.com/blog/12-key-strategies-for-luxury-property-marketing-success/,2,0.01,0.00,0,153000000,"[100,100,20]",2026-04-07,"Video, Related searches, AI overview","commercial, informational",AI overview
leasing companies memphis tn,2,2,50,53,0.00,https://www.reedyandcompany.com/,2,0.01,0.00,0.67,1990000,"[18,100,18,18,18,100,100,18,18,18,18,18]",2026-04-09,"Local pack, Sitelinks, Video, Related searches",commercial,Organic
at will tenancy,1,1,90,17,0.51,https://www.reedyandcompany.com/blog/tenant-at-will-explained-everything-you-need-to-know/,1,0,0.00,0.01,23200000,"[5,10,3,5,3,3,3,16,10,8,5,3]",2026-03-05,"Sitelinks, Video, People also ask, Related searches, AI overview",informational,People also ask
reedy property group,17,17,1000,22,1.72,https://www.reedyandcompany.com/,1,0,1.00,0.08,98,"[44,44,34,34,34,44,44,24,34,30,24,24]",2026-04-17,"Local pack, Video, Image, People also ask, Related searches",informational,Organic
homes for rent in memphis tennessee,11,11,110,34,0.42,https://www.reedyandcompany.com/rental-properties/,1,0,0.00,0.64,3110000,"[12,9,15,15,19,19,23,19,12,15,15,29]",2026-03-15,Related searches,informational,Organic
property rentals,33,33,1600,55,1.25,https://www.reedyandcompany.com/rental-properties/,1,0,1.00,0.38,152,"[19,19,19,36,19,19,16,8,13,13,16,16]",2026-03-08,"Video, Related searches, AI overview",informational,Organic
property management in memphis,5,5,70,50,2.86,https://www.reedyandcompany.com/,1,0,2.00,0.47,39400000,"[100,45,45,45,27,36,63,81,81,81,63,100]",2026-03-23,"Local pack, Sitelinks, Video, Image, Related searches",commercial,Organic
property management companies in tennessee,1,1,50,44,6.39,https://www.reedyandcompany.com/,1,0,6.00,0.41,70700000,"[35,64,35,35,50,35,35,35,21,21,14,14]",2026-04-01,"Local pack, Video, Related searches, AI overview",commercial,AI overview
importance of quick appliance repair for tenant satisfaction,9,9,50,0,0.00,https://www.reedyandcompany.com/blog/mastering-maintenance-requests-for-happy-tenants/,1,0,0.00,0,0,"[0,50,100,50,28,14,7]",2026-03-11,"Sitelinks, Video, Related searches, AI overview",informational,Organic
how much property manager charge,7,7,50,30,1.52,https://www.reedyandcompany.com/blog/how-much-do-property-management-companies-charge-rates-explained/,1,0,1.00,0.47,287000000,"[14,19,23,19,23,14,19,19,14,14,80,23]",2026-04-09,"Sitelinks, Video, Related searches, AI overview",informational,Organic
apartment units,10,10,170,49,1.09,https://www.reedyandcompany.com/blog/what-are-the-different-types-of-apartments/,1,0,1.00,0.1,0,"[35,44,28,35,28,18,18,18,28,35,28,23]",2026-03-14,"Local pack, Video, Related searches, AI overview","commercial, informational",Organic
can you let family live in your house rent free,1,1,50,4,0.00,https://www.reedyandcompany.com/blog/rent-to-a-family-member-tax-rules-you-should-know/,1,0,0.00,0.33,179,"[26,26,11,19,26,26,19,19,15,19,19,7]",2026-03-18,"Sitelinks, Video, Related searches, AI overview",informational,AI overview
homes for rent 38133,10,10,90,12,0.39,https://www.reedyandcompany.com/rental-properties/,1,0,0.00,0.66,110,"[34,42,42,42,42,34,42,26,34,42,34,34]",2026-04-22,"Video, Related searches",informational,Organic
tenant reference letter from landlord,6,6,90,10,0.96,https://www.reedyandcompany.com/blog/the-tenant-reference-letter-tips-and-best-practices-for-memphis-landlords/,1,0,0.00,0.77,11500000,"[54,19,10,1,1,1,7,3,2,3,15,3]",2026-04-10,"Image pack, Video, Image, People also ask, Related searches, Discussions and forums",informational,Organic
what does a property management company charge,3,3,30,31,1.74,https://www.reedyandcompany.com/blog/how-much-do-property-management-companies-charge-rates-explained/,1,0,1.00,0.48,184,"[77,22,33,22,55,11,33,33,44,33,11,22]",2026-04-02,"Sitelinks, Video, Related searches, AI overview",informational,Organic
reedy and company houses for rent,2,2,70,25,0.24,https://www.reedyandcompany.com/,1,0,0.00,0.45,206000,"[5,5,5,5,12,23,23,17,17,28,23,23]",2026-04-10,"Knowledge panel, Video, Related searches",transactional,Organic
reedy and company houses for rent,3,3,70,25,0.24,https://www.reedyandcompany.com/property-management/single-family/,1,0,0.00,0.45,206000,"[5,5,5,5,12,23,23,17,17,28,23,23]",2026-04-10,"Knowledge panel, Video, Related searches",transactional,Organic
memphis rental houses,9,9,70,51,0.42,https://www.reedyandcompany.com/rental-properties/,1,0,0.00,0.64,0,"[2,4,4,4,2,2,18,29,29,29,29,29]",2026-03-13,"Image, Related searches",commercial,Organic
house rent,34,34,6600,79,0.71,https://www.reedyandcompany.com/rental-properties/,1,0,0.00,0.55,142,"[19,54,29,44,24,13,24,16,13,13,13,16]",2026-04-26,"Local pack, Video, People also ask, Related searches, Things to know",commercial,Organic
memphis in houses for rent,10,10,50,12,0.42,https://www.reedyandcompany.com/rental-properties/,1,0,0.00,0.64,122,"[11,11,22,11,22,33,77,100,100,77,77,77]",2026-03-26,"Image, Related searches",informational,Organic
strategies to optimize property portfolio performance,8,8,70,3,0.00,https://www.reedyandcompany.com/blog/8-key-metrics-to-enhance-your-real-estate-portfolio-management/,1,0,0.00,0,139,"[81,100,45,81,27,9]",2026-04-04,"Sitelinks, AI overview",informational,Organic
memphis real estate investors,3,3,50,30,6.43,https://www.reedyandcompany.com/investments/,1,0,6.00,0.27,3350000,"[35,28,50,28,35,28,64,64,50,50,28,35]",2026-04-09,"Local pack, Video, Video Carousel, Related searches",commercial,Organic
real estate investor software,14,14,720,41,0.00,https://www.reedyandcompany.com/blog/a-guide-to-the-best-real-estate-investor-software/,1,0,0.00,0,149000000,"[54,81,100,81,100,100,100,100,81,29,67,100]",2026-04-09,"Sitelinks, Video, Video Carousel, Related searches, Discussions and forums, AI overview","commercial, informational",Organic
memphis rent houses,5,5,40,38,0.42,https://www.reedyandcompany.com/rental-properties/,1,0,0.00,0.64,124,"[0,0,0,0,0,1,0,0,0,0,2,0]",2026-04-03,"Video, Image, Related searches",informational,Organic
can a landlord make you pay for repairs,5,5,50,15,0.44,https://www.reedyandcompany.com/blog/can-a-landlord-make-a-tenant-pay-for-repairs/,1,0,0.00,0.05,35500000,"[12,5,17,5,5,5,12,28,12,12,12,12]",2026-04-25,"Sitelinks, Video, People also ask, Related searches, AI overview",informational,Organic
residential property management memphis,5,5,50,50,1.53,https://www.reedyandcompany.com/,1,0,1.00,0.69,139,"[50,21,35,35,14,14,78,50,35,50,50,50]",2026-03-23,"Local pack, Sitelinks, Video, Related searches",commercial,Organic
rent houses memphis tn,9,9,70,33,0.42,https://www.reedyandcompany.com/rental-properties/,1,0,0.00,0.64,2620000,"[19,100,19,15,15,3,15,26,26,26,19,26]",2026-03-27,"Video, Image, Related searches",informational,Organic
memphis tn property management,2,2,40,50,2.86,https://www.reedyandcompany.com/,1,0,2.00,0.47,0,"[28,14,42,28,14,14,57,100,100,57,71,71]",2026-03-12,"Local pack, Sitelinks, Video, Image, Related searches",commercial,Organic
questions to ask prospective renters,6,6,70,16,0.13,https://www.reedyandcompany.com/blog/7-essential-questions-to-ask-prospective-tenants/,1,0,0.00,0.49,2010000,"[42,66,19,19,66,52,14,14,33,14,23,14]",2026-04-04,"Sitelinks, Video, Related searches, Discussions and forums, AI overview","commercial, informational",Organic
chambliss village,9,9,70,18,0.43,https://chamblissvillage.reedyandcompany.com/mapsanddirections,1,0,0.00,0.12,0,"[63,45,81,45,18,63,100,100,100,63,63,45]",2026-03-08,"Knowledge panel, Sitelinks, Related searches",informational,Organic
section 8 houses for rent in memphis,8,8,70,10,0.28,https://www.reedyandcompany.com/blog/section-8-houses-for-rent-by-owner-tips-for-memphis-landlords/,1,0,0.00,0.47,115,"[9,43,21,21,28,34,3,3,12,21,9,21]",2026-03-31,"Video, Related searches",informational,Organic
portfolio performance evaluation metrics 2025,24,18,720,22,0.00,https://www.reedyandcompany.com/blog/8-key-metrics-to-enhance-your-real-estate-portfolio-management/,1,0,0.00,0,175000000,"[32,88,100,72]",2026-04-27,"Video, Video Carousel, AI overview",informational,Organic
when renting a house who pays utilities,7,7,90,11,0.00,https://www.reedyandcompany.com/blog/are-landlords-responsible-for-unpaid-utility-bills/,1,0,0.00,0.02,164,"[34,34,34,34,28,34,28,28,28,34,15,15]",2026-04-01,"Sitelinks, Video, People also ask, Related searches, AI overview",informational,Organic
is the tenant responsible for repairs,5,5,90,15,0.09,https://www.reedyandcompany.com/blog/can-a-landlord-make-a-tenant-pay-for-repairs/,1,0,0.00,0.11,9470000,"[27,100,100,100,63,100,100,63,36,27,100,36]",2026-04-04,"Sitelinks, Video, People also ask, Related searches, Discussions and forums, AI overview",informational,Organic
shelby pointe townhomes,14,14,390,22,0.59,https://www.reedyandcompany.com/property-management/multi-family/,1,0,0.00,0.13,113,"[29,23,36,36,44,44,54,36,44,44,44,44]",2026-03-27,"Knowledge panel, Video, Image, People also ask, Related searches",informational,Organic
best cities to buy rental property,16,16,720,34,1.13,https://www.reedyandcompany.com/blog/figuring-out-the-best-place-to-buy-a-rental-property/,1,0,1.00,0.24,106000000,"[66,41,41,30,41,24,36,24,24,20,20,24]",2026-04-23,"Sitelinks, Video, People also ask, Related searches, Discussions and forums, AI overview",commercial,Organic
can landlord evict for no reason,6,6,170,13,0.27,https://www.reedyandcompany.com/blog/can-a-landlord-ask-you-to-vacate-for-no-reason-find-out-here/,1,0,0.00,0.09,5530000,"[28,35,35,43,43,28,35,66,53,53,53,28]",2026-03-05,"Sitelinks, Video, People also ask, Related searches, Discussions and forums, AI overview",informational,Organic
memphis tn houses for rent,12,12,170,35,0.42,https://www.reedyandcompany.com/rental-properties/,1,0,0.00,0.64,2490000,"[43,43,43,43,43,34,100,28,65,53,53,81]",2026-04-04,"Video, Related searches",informational,Organic
houses for rent 38116,12,12,210,19,0.26,https://www.reedyandcompany.com/rental-properties/,1,0,0.00,0.5,511000,"[35,18,35,43,29,43,54,43,43,43,43,81]",2026-04-09,"Video, Related searches",informational,Organic
what is a landlord allowed to inspect,4,4,50,13,0.00,https://www.reedyandcompany.com/blog/what-can-a-landlord-look-at-during-an-inspection/,1,0,0.00,0.08,175,"[11,17,17,17,23,11,17,29,23,23,100,23]",2026-03-21,"Sitelinks, Video, People also ask, Related searches, AI overview",informational,Organic
leco realty inc,10,10,210,43,1.35,https://www.reedyandcompany.com/,1,0,1.00,0.02,0,"[19,29,29,10,19,54,12,19,54,10,5,15]",2026-03-13,"Knowledge panel, Related searches",informational,Organic
what does a landlord look for in an inspection,6,6,70,8,0.33,https://www.reedyandcompany.com/blog/what-can-a-landlord-look-at-during-an-inspection/,1,0,0.00,0.08,30300000,"[42,80,42,7,7,7,7,42,7,7,7,53]",2026-03-31,"Sitelinks, Video, Related searches, Discussions and forums, AI overview","commercial, informational",Organic
memphis investment properties,6,6,210,17,2.80,https://www.reedyandcompany.com/investments/,1,0,2.00,0.32,0,"[13,13,13,13,13,13,20,13,10,10,13,16]",2026-03-14,"Knowledge panel, Sitelinks, Video, Related searches",navigational,Organic
at will tenant rights,4,4,50,12,0.20,https://www.reedyandcompany.com/blog/tenant-at-will-explained-everything-you-need-to-know/,1,0,0.00,0.11,142000000,"[21,15,9,15,21,12,21,9,9,12,21,12]",2026-04-24,"Sitelinks, Video, Video Carousel, People also ask, Related searches, AI overview",informational,Organic
house rentals memphis,6,6,70,47,0.42,https://www.reedyandcompany.com/rental-properties/,1,0,0.00,0.64,23900000,"[29,29,41,11,29,29,41,41,52,41,41,29]",2026-04-13,"Local pack, Video, Related searches",commercial,Organic
memphis rental home,5,5,70,44,0.49,https://www.reedyandcompany.com/rental-properties/,1,0,0.00,0.61,15500000,"[2,1,2,2,2,2,10,15,15,15,15,12]",2026-03-13,"Local pack, Video, Image, Related searches",commercial,Organic
house apartment,4,4,590,61,1.22,https://www.reedyandcompany.com/blog/apartment-vs-a-house-which-is-better-for-your-needs/,1,0,1.00,0.35,0,"[24,55,67,36,76,30,67,67,20,100,20,16]",2026-03-11,"Local pack, Image pack, Video, Image, Related searches",commercial,Image pack
reedy company rentals,2,2,50,29,12.94,https://www.reedyandcompany.com/,1,0,12.00,0.32,1310000,"[7,7,3,10,10,7,4,7,4,5,5,4]",2026-04-23,"Knowledge panel, Video, People also ask, Related searches",navigational,Organic
how to write a reference letter for a tenant,7,7,70,13,0.00,https://www.reedyandcompany.com/blog/the-tenant-reference-letter-tips-and-best-practices-for-memphis-landlords/,1,0,0.00,0.99,0,"[50,64,64,50,35,21,50,64,35,35,35,28]",2026-03-15,"Image pack, Sitelinks, Video, Image, Related searches, Discussions and forums",informational,Organic
homes for rent 38116,11,11,140,30,0.26,https://www.reedyandcompany.com/rental-properties/,1,0,0.00,0.5,427000,"[18,14,29,29,29,29,22,35,29,29,29,43]",2026-03-07,Related searches,informational,Organic
tenant recommendation letter,9,9,590,13,0.76,https://www.reedyandcompany.com/blog/the-tenant-reference-letter-tips-and-best-practices-for-memphis-landlords/,1,0,0.00,0.68,8140000,"[36,45,67,45,55,67,55,36,30,30,30,24]",2026-04-13,"Image pack, Sitelinks, Video, Image, Video Carousel, People also ask, Related searches",informational,Organic
renting without lease or rental agreement,7,7,90,17,2.11,https://www.reedyandcompany.com/blog/understanding-tenant-rights-without-a-lease-agreement/,1,0,2.00,0.05,93500000,"[65,42,42,26,26,26,26,26,26,19,19,26]",2026-04-22,"Sitelinks, Video, People also ask, Related searches, AI overview",informational,Organic
best place to buy a rental property,6,6,210,25,1.63,https://www.reedyandcompany.com/blog/figuring-out-the-best-place-to-buy-a-rental-property/,1,0,1.00,0.25,351000000,"[16,20,10,16,13,13,13,20,20,13,13,20]",2026-03-05,"Sitelinks, Video, People also ask, Related searches, Discussions and forums, AI overview",commercial,Organic
home for rent in memphis tn,7,7,40,35,0.42,https://www.reedyandcompany.com/rental-properties/,1,0,0.00,0.64,13400000,"[3,1,2,2,3,1,12,15,5,1,1,4]",2026-03-10,"Video, Related searches",informational,Organic
memphis real estate investing,9,9,90,32,6.43,https://www.reedyandcompany.com/investments/,1,0,6.00,0.27,0,"[28,35,50,35,50,50,100,100,64,64,64,64]",2026-03-17,"Local pack, Sitelinks, Video, Related searches, AI overview",informational,Organic
section 8 houses for rent memphis tn,8,8,70,17,0.28,https://www.reedyandcompany.com/blog/section-8-houses-for-rent-by-owner-tips-for-memphis-landlords/,1,0,0.00,0.47,588000,"[5,52,100,64,64,52,52,52,41,5,17,17]",2026-04-01,"Video, People also ask, Related searches",informational,Organic
homes for rent in 38118,11,11,110,22,0.31,https://www.reedyandcompany.com/rental-properties/,1,0,0.00,0.51,458000,"[42,34,65,34,65,26,42,42,26,65,42,53]",2026-04-11,Related searches,commercial,Organic
what does a landlord inspection consist of,4,4,40,2,0.00,https://www.reedyandcompany.com/blog/what-can-a-landlord-look-at-during-an-inspection/,1,0,0.00,0.04,197,"[28,21,28,21,7,35,35,28,14,21,100,28]",2026-03-21,"Sitelinks, Video, Related searches, AI overview",informational,Organic
can landlords evict you for no reason,5,5,110,21,0.46,https://www.reedyandcompany.com/blog/can-a-landlord-evict-you-for-no-reason/,1,0,0.00,0.09,5070000,"[8,18,10,18,100,22,22,22,22,14,22,14]",2026-04-02,"Sitelinks, Video, Featured snippet, People also ask, Related searches, Short videos, Discussions and forums",informational,Organic
can landlords go through your stuff during an inspection,4,4,70,14,0.65,https://www.reedyandcompany.com/blog/what-can-a-landlord-look-at-during-an-inspection/,1,0,0.00,0.04,1890000,"[29,29,41,29,29,41,29,41,52,52,52,82]",2026-04-03,"Sitelinks, Video, People also ask, Related searches, AI overview",informational,Organic
how much do property managers charge per month,7,7,110,30,1.83,https://www.reedyandcompany.com/blog/how-much-do-property-management-companies-charge-rates-explained/,1,0,1.00,0.36,120000000,"[14,14,22,22,29,18,22,22,14,22,66,14]",2026-04-08,"Sitelinks, Video, Related searches, Discussions and forums, AI overview",informational,Organic
tenant letter of recommendation,4,4,170,17,0.76,https://www.reedyandcompany.com/blog/the-tenant-reference-letter-tips-and-best-practices-for-memphis-landlords/,1,0,0.00,0.68,8780000,"[11,28,44,54,54,15,23,44,23,23,23,18]",2026-04-24,"Image pack, Sitelinks, Video, Image, Video Carousel, People also ask, Related searches, Discussions and forums",informational,People also ask
recommendation letter tenant,7,7,90,10,0.76,https://www.reedyandcompany.com/blog/the-tenant-reference-letter-tips-and-best-practices-for-memphis-landlords/,1,0,0.00,0.68,9260000,"[1,8,15,5,3,5,8,8,8,6,100,6]",2026-04-08,"Image pack, Sitelinks, Video, Image, Video Carousel, People also ask, Related searches",informational,Organic
effective marketing strategies for affluent homeowners,1,1,40,5,0.00,https://www.reedyandcompany.com/blog/12-key-strategies-for-luxury-property-marketing-success/,1,0,0.00,0,37200000,"[33,100,44,0]",2026-04-08,"Video, Video Carousel, AI overview",informational,AI overview
apartment vs house,15,15,720,23,0.00,https://www.reedyandcompany.com/blog/apartment-vs-a-house-which-is-better-for-your-needs/,1,0,0.00,0,1090000000,"[67,45,67,67,55,55,76,67,55,45,45,45]",2026-04-17,"Sitelinks, Video, Video Carousel, People also ask, Related searches, Discussions and forums, AI overview",commercial,Organic
letter of reference from landlord,11,11,260,16,0.96,https://www.reedyandcompany.com/blog/the-tenant-reference-letter-tips-and-best-practices-for-memphis-landlords/,1,0,0.00,0.77,36800000,"[3,23,44,44,35,28,54,54,66,28,100,18]",2026-04-02,"Image pack, Video, Image, Video Carousel, Related searches, AI overview",informational,Organic
luxury real estate marketing strategies 2025,6,6,40,10,0.00,https://www.reedyandcompany.com/blog/12-key-strategies-for-luxury-property-marketing-success/,1,0,0.00,0,325000000,"[0,0,55,22,55,100,77,44]",2026-04-17,"Sitelinks, Video, Related searches","commercial, informational",Organic
rental property companies in memphis tn,3,3,40,53,0.80,https://www.reedyandcompany.com/,1,0,0.00,0.43,3110000,"[8,11,15,3,3,3,6,8,5,6,6,5]",2026-04-10,"Local pack, Sitelinks, Video, Related searches",commercial,Organic
unprofessional property manager,1,1,140,1,0.00,https://www.reedyandcompany.com/blog/tell-tale-signs-you-have-an-unprofessional-property-manager-and-what-to-do/,1,0,0.00,0.03,6510000,"[21,81,81,100,65,28,34,21,21,28,21,21]",2026-04-20,"Sitelinks, Video, Related searches, AI overview",informational,AI overview
renting homes near me,29,21,2400,67,0.54,https://www.reedyandcompany.com/rental-properties/,1,0,0.00,0.77,207000000,"[10,10,16,13,10,10,16,16,13,10,13,13]",2026-04-27,"Local pack, Video, Related searches",transactional,Organic
property rental companies in memphis tn,2,2,30,51,0.80,https://www.reedyandcompany.com/,1,0,0.00,0.43,12200000,"[45,45,45,18,18,18,18,18,18,18,18,18]",2026-04-02,"Local pack, Sitelinks, Video, Related searches",commercial,Organic
life in memphis tn,5,5,50,16,0.79,https://www.reedyandcompany.com/blog/everything-you-need-to-know-about-living-in-memphis-tn/,1,0,0.00,0.05,133000000,"[41,23,17,11,23,5,64,64,29,23,41,11]",2026-04-02,"Sitelinks, Video, Video Carousel, Related searches, AI overview",informational,Organic
if tenants don't pay utilities,7,7,50,14,0.00,https://www.reedyandcompany.com/blog/are-landlords-responsible-for-unpaid-utility-bills/,1,0,0.00,0.06,0,"[6,9,9,9,9,9,9,12,15,9,100,12]",2026-03-07,"Sitelinks, Video, Related searches, AI overview",informational,Organic
can landlord kick you out for no reason,5,5,70,6,1.16,https://www.reedyandcompany.com/blog/can-a-landlord-ask-you-to-vacate-for-no-reason-find-out-here/,1,0,1.00,0.05,141,"[12,17,12,23,12,17,10,17,17,17,17,12]",2026-03-05,"Sitelinks, People also ask, Related searches, AI overview",informational,Organic
apartment rental agency memphis,2,2,40,52,0.00,https://www.reedyandcompany.com/,1,0,0.00,0,111,"[100,100,75,100,100,75]",2026-04-26,"Local pack, Sitelinks, Video, Related searches",commercial,Organic
can a landlord charge for painting,6,6,40,4,0.00,https://www.reedyandcompany.com/blog/can-a-landlord-charge-for-painting-the-rental-property/,1,0,0.00,0,7060000,"[35,21,21,28,28,14,35,64,21,28,28,21]",2026-03-16,"Sitelinks, Video, Related searches, AI overview",informational,Organic
summer east apartments memphis,2,2,40,,0.00,https://summereast.reedyandcompany.com/,1,0,0.00,0,1430000,"[0,0,7,21,100,0,7,0,64,64,78,0]",2026-03-21,"Knowledge panel, Related searches",informational,Organic
rehab real estate,5,5,110,7,0.00,https://www.reedyandcompany.com/blog/property-rehab-a-lucrative-opportunity-for-real-estate-investors/,1,0,0.00,0.02,143,"[34,28,34,28,34,34,21,28,100,34,28,21]",2026-04-05,"Local pack, Video, Video Carousel, Related searches, AI overview",informational,Organic
luxury real estate marketing strategies,5,5,40,13,0.00,https://www.reedyandcompany.com/blog/12-key-strategies-for-luxury-property-marketing-success/,1,0,0.00,0,301000000,"[9,18,27,18,18,36,81,100,45,18]",2026-04-17,"Sitelinks, Video, Video Carousel, Related searches, AI overview",informational,Organic
reedy and company rentals memphis tn,2,2,50,32,0.63,https://www.reedyandcompany.com/rental-properties/,1,0,0.00,0.32,18500,"[7,7,3,10,10,7,4,7,4,5,5,2]",2026-03-30,"Knowledge panel, Sitelinks, Video, People also ask, Related searches",navigational,Organic
rental property management companies in memphis tn,3,1,30,51,0.80,https://www.reedyandcompany.com/,1,0,0.00,0.43,123,"[45,63,63,18,18,18,18,18,18,18,18,18]",2026-04-27,"Local pack, Sitelinks, Video, People also ask, Related searches",commercial,Organic
homes for rent by private owner memphis tn,12,12,140,36,0.23,https://www.reedyandcompany.com/rental-properties/,1,0,0.00,0.59,3500000,"[65,42,100,42,65,100,53,42,80,80,15,26]",2026-03-22,"Video, Related searches",informational,Organic
memphis rental,7,7,90,49,0.83,https://www.reedyandcompany.com/rental-properties/,1,0,0.00,0.68,33800000,"[1,3,2,0,3,20,4,2,3,3,16,3]",2026-03-20,"Local pack, Sitelinks, Video, Image, Related searches",commercial,Organic
house rentals memphis tn,5,5,40,40,0.42,https://www.reedyandcompany.com/rental-properties/,1,0,0.00,0.64,9600000,"[1,1,2,1,3,3,4,1,1,2,1,1]",2026-04-25,"Video, Related searches",informational,Organic
best place to own rental property,6,6,90,25,0.72,https://www.reedyandcompany.com/blog/figuring-out-the-best-place-to-buy-a-rental-property/,1,0,0.00,0.21,329000000,"[43,23,35,23,23,17,43,12,23,12,12,10]",2026-03-30,"Sitelinks, Video, Related searches, Discussions and forums, AI overview",commercial,Organic
leco realty,25,25,720,30,1.35,https://www.reedyandcompany.com/rental-properties/,1,0,1.00,0.02,0,"[52,31,31,37,31,46,37,46,37,37,31,25]",2026-03-11,"Knowledge panel, Image pack, Related searches",informational,Organic
2 br house for rent,21,21,1000,15,0.33,https://www.reedyandcompany.com/blog/2-bedroom-houses-for-rent-does-size-matter-a-guide-for-renters/,1,0,0.00,0.66,132000000,"[62,81,81,81,81,55,100,100,30,62,62,81]",2026-04-01,"Video, Related searches, AI overview",commercial,Organic
rental homes memphis tn,16,16,390,42,0.42,https://www.reedyandcompany.com/rental-properties/,1,0,0.00,0.64,0,"[16,24,81,16,13,13,10,20,45,20,16,20]",2026-03-10,"Local pack, Sitelinks, Video, Image, Related searches",commercial,Organic
tenancy at will agreement,1,2,30,5,1.39,https://www.reedyandcompany.com/blog/tenant-at-will-explained-everything-you-need-to-know/,1,0,1.00,0.34,25300000,"[78,14,14,14,28,14,14,21,14,28,14,14]",2026-04-27,"Image pack, Sitelinks, Video, People also ask, Related searches, Discussions and forums, AI overview",informational,People also ask
how to introduce yourself to new neighbors,1,1,50,24,0.00,https://www.reedyandcompany.com/blog/new-neighbors-how-to-introduce-yourself-to-the-community/,1,0,0.00,0.33,11200000,"[11,41,29,41,11,11,23,41,29,23,23,29]",2026-03-27,"Sitelinks, Video, Video Carousel, People also ask, Related searches, AI overview",informational,AI overview
getwell pointe apartments,9,9,170,26,0.45,https://www.reedyandcompany.com/property-management/multi-family/,1,0,0.00,0.14,20400,"[65,42,65,80,100,42,80,80,53,80,65,53]",2026-03-21,"Knowledge panel, Video, Image, People also ask, Related searches",informational,Organic
property management southaven ms,10,10,70,33,1.55,https://www.reedyandcompany.com/,1,0,1.00,0.43,1310000,"[50,35,50,64,78,64,50,35,50,50,50,50]",2026-03-26,"Knowledge panel, Sitelinks, Image, Related searches",informational,Organic
summereast apartments,2,2,50,22,0.65,https://summereast.reedyandcompany.com/,1,0,0.00,0.16,0,"[14,6,6,6,18,14,22,14,10,14,10,10]",2026-03-09,"Knowledge panel, Sitelinks, Image, Related searches",informational,Organic
memphis home for rent,6,6,50,34,0.49,https://www.reedyandcompany.com/rental-properties/,1,0,0.00,0.61,125,"[9,5,6,9,9,5,6,1,4,9,6,2]",2026-03-20,Related searches,informational,Organic
houses for rent in memphis tn 38104,10,10,70,19,0.35,https://www.reedyandcompany.com/rental-properties/,1,0,0.00,0.67,133,"[33,23,14,33,33,33,33,33,23,23,33,33]",2026-04-05,"Video, Related searches",informational,Organic
tenant reference letter sample,3,3,140,12,0.71,https://www.reedyandcompany.com/blog/the-tenant-reference-letter-tips-and-best-practices-for-memphis-landlords/,1,0,0.00,0.62,12200000,"[35,53,100,53,28,7,35,53,28,23,28,10]",2026-04-17,"Image pack, Sitelinks, Image, People also ask, Related searches, AI overview",informational,People also ask
how to find tenants fast,3,3,90,2,8.15,https://www.reedyandcompany.com/blog/quickly-and-effective-rentals-how-to-find-tenants-that-work/,1,0,8.00,0.46,54100000,"[19,9,52,52,9,9,33,52,52,52,100,33]",2026-04-09,"Sitelinks, Video, Video Carousel, Related searches, Discussions and forums, AI overview",informational,Organic
letter of recommendation rental,6,6,70,10,0.94,https://www.reedyandcompany.com/blog/the-tenant-reference-letter-tips-and-best-practices-for-memphis-landlords/,1,0,0.00,0.72,24600000,"[4,2,6,8,8,4,4,6,8,6,100,8]",2026-04-19,"Image pack, Video, Related searches, AI overview",informational,Organic
mid south best rentals memphis tn,6,6,590,39,0.57,https://www.reedyandcompany.com/blog/the-realities-of-owning-a-memphis-rental-property-what-to-expect/,1,0,0.00,0.07,503000,"[55,30,67,76,45,45,45,76,30,67,24,20]",2026-03-27,"Knowledge panel, Sitelinks, Video, People also ask, Related searches","commercial, navigational",People also ask
realty companies memphis tn,5,5,50,50,0.75,https://www.reedyandcompany.com/,1,0,0.00,0.73,5140000,"[23,33,33,33,52,14,14,33,19,19,14,19]",2026-03-22,"Local pack, Sitelinks, Video, Related searches",commercial,Organic
how long do landlords have to fix hot water,6,6,70,13,0.00,https://www.reedyandcompany.com/blog/how-long-do-landlords-have-to-fix-hot-water-in-memphis-tn/,1,0,0.00,0,4160000,"[52,52,64,41,29,41,23,0,29,41,29,41]",2026-04-12,"Sitelinks, Video, Related searches, Discussions and forums, AI overview",informational,Organic
memphis rental property management companies,3,3,30,50,0.65,https://www.reedyandcompany.com/,1,0,0.00,0.31,118,"[5,5,5,5,5,5,10,12,12,12,12,10]",2026-03-26,"Local pack, Sitelinks, Video, Related searches",commercial,Organic
property management duties and responsibilities,15,15,590,33,0.53,https://www.reedyandcompany.com/blog/a-property-manager-duties-checklist-for-beginners/,1,0,0.00,0.12,93500000,"[81,36,45,81,62,36,36,16,24,24,20,24]",2026-04-04,"Sitelinks, Video, Related searches, AI overview",informational,Organic
aparment house,1,1,30,65,0.99,https://www.reedyandcompany.com/blog/apartment-vs-a-house-which-is-better-for-your-needs/,1,0,0.00,0.2,897000000,"[0,0,0,0,0,0,82,2,2,2,2,2]",2026-03-20,"Instant answer, Image pack, Video, Image, Video Carousel, Related searches",informational,Image pack
what are my rights as a tenant without a lease,1,1,320,10,0.41,https://www.reedyandcompany.com/blog/understanding-tenant-rights-without-a-lease-agreement/,1,0,0.00,0.08,173,"[16,13,10,16,13,13,16,16,16,13,8,8]",2026-04-03,"Video, Related searches, Discussions and forums, AI overview",informational,AI overview
house apart,1,1,40,34,0.00,https://www.reedyandcompany.com/blog/apartment-vs-a-house-which-is-better-for-your-needs/,1,0,0.00,0.33,0,"[9,9,9,9,9,52,9,52,52,9,9,9]",2026-03-12,"Image pack, Video, Related searches, See results about, AI overview",informational,Image pack
do property management companies pay for repairs,8,8,50,0,0.00,https://www.reedyandcompany.com/blog/how-much-do-property-management-companies-charge-rates-explained/,1,0,0.00,0.04,157,"[77,55,55,55,44,22,77,77,55,55,44,22]",2026-04-11,"Sitelinks, Video, Related searches, AI overview",informational,Organic
how to find a tenant quickly,1,1,70,2,8.15,https://www.reedyandcompany.com/blog/quickly-and-effective-rentals-how-to-find-tenants-that-work/,1,0,8.00,0.46,62400000,"[17,17,64,64,11,17,41,52,52,41,100,52]",2026-04-09,"Sitelinks, Video, Ads bottom, Video Carousel, Related searches, Discussions and forums, AI overview",informational,AI overview
renting out a house for the first time,8,8,260,19,1.99,https://www.reedyandcompany.com/blog/a-beginners-guide-to-renting-out-a-house-for-the-first-time/,1,0,1.00,0.6,5750000000,"[44,44,66,54,36,36,19,29,23,29,66,15]",2026-04-13,"Sitelinks, Video, Video Carousel, Related searches, Discussions and forums, AI overview","commercial, informational",Organic
two room apartment london,5,5,110,14,0.32,https://www.reedyandcompany.com/blog/what-are-the-different-types-of-apartments/,1,0,0.00,0.21,106000000,"[52,52,82,82,82,82,41,52,41,52,52,52]",2026-03-04,"Video, People also ask, Related searches",commercial,People also ask
checklist for property management,6,6,40,10,5.48,https://www.reedyandcompany.com/blog/a-property-manager-duties-checklist-for-beginners/,1,0,5.00,0.95,139,"[55,55,77,55,44,33,44,55,44,22,0,22]",2026-04-06,"Sitelinks, Video, Related searches, AI overview",informational,Organic
rent homes in memphis,7,7,40,34,0.46,https://www.reedyandcompany.com/rental-properties/,1,0,0.00,0.6,6180000,"[18,5,3,15,5,3,5,8,1,5,8,3]",2026-04-13,"Local pack, Video, Related searches",commercial,Organic
move out inspection checklist,1,1,590,11,1.04,https://www.reedyandcompany.com/blog/ultimate-move-out-inspection-checklist-for-a-smooth-transition/,1,0,1.00,0.34,0,"[30,36,45,45,55,100,55,76,45,20,45,13]",2026-03-14,"Image pack, Video, Related searches, AI overview",informational,AI overview
home rentals,45,49,6600,98,0.85,https://www.reedyandcompany.com/rental-properties/,1,0,0.00,0.59,2570000000,"[16,19,19,29,19,19,19,19,19,19,19,19]",2026-04-27,"Local pack, Video, Related searches",informational,Organic
recommendation letter for tenant,9,9,170,13,0.76,https://www.reedyandcompany.com/blog/the-tenant-reference-letter-tips-and-best-practices-for-memphis-landlords/,1,0,0.00,0.68,0,"[34,100,43,53,53,34,81,43,28,53,34,34]",2026-03-07,"Image pack, Sitelinks, Video, Image, Video Carousel, Related searches",informational,Organic
air conditioner laws,1,1,70,24,0.00,https://www.reedyandcompany.com/blog/how-long-can-a-landlord-leave-you-without-heat/,1,0,0.00,0,85200000,"[100,0,0,0,42,100,9,42,42,0,52,52]",2026-03-04,"Image pack, Video, Video Carousel, People also ask, Related searches, AI overview",informational,People also ask
investing in memphis real estate,7,7,70,18,6.43,https://www.reedyandcompany.com/investments/,1,0,6.00,0.27,134,"[29,0,52,52,29,23,23,64,41,52,29,29]",2026-04-02,"Sitelinks, Video, Related searches, AI overview",informational,Organic
memphis realtors rentals,2,2,30,30,0.75,https://www.reedyandcompany.com/rental-properties/,1,0,0.00,0.48,131,"[15,15,15,15,11,11,11,11,11,11,7,7]",2026-04-02,"Local pack, Video, Image, Related searches",commercial,Organic
artsy and safe area to live in memphis tn,8,8,70,10,0.00,https://www.reedyandcompany.com/blog/how-to-select-the-best-area-to-rent-in-memphis-tn/,1,0,0.00,0,126,"[50,100,14]",2026-03-31,"Sitelinks, Video, Related searches, AI overview",informational,Organic
living in memphis,9,9,260,14,0.79,https://www.reedyandcompany.com/blog/everything-you-need-to-know-about-living-in-memphis-tn/,1,0,0.00,0.05,125,"[44,44,44,44,44,36,44,36,36,29,36,29]",2026-04-16,"Sitelinks, Video, Image, Video Carousel, Related searches, AI overview",informational,Organic
reedy & company memphis property rentals memphis tn,2,2,50,27,0.63,https://www.reedyandcompany.com/,1,0,0.00,0.32,62600,"[7,7,3,10,10,7,4,7,4,5,5,2]",2026-03-23,"Knowledge panel, Video, Related searches",navigational,Organic
how long does a landlord have to fix hot water,6,6,90,2,0.00,https://www.reedyandcompany.com/blog/how-long-do-landlords-have-to-fix-hot-water-in-memphis-tn/,1,0,0.00,0,145,"[34,28,21,28,28,28,21,28,15,28,21,28]",2026-04-20,"Sitelinks, Video, Related searches, Discussions and forums, AI overview",informational,Organic
property management tn,5,5,70,39,4.04,https://www.reedyandcompany.com/,1,0,4.00,0.08,0,"[14,14,21,14,14,7,100,78,78,78,50,7]",2026-03-09,"Local pack, Sitelinks, Video, Image, Related searches",commercial,Organic
short term rental agreement,18,18,1000,25,1.83,https://www.reedyandcompany.com/blog/how-to-craft-the-perfect-short-term-rental-agreement-today/,1,0,1.00,1,112000000,"[81,81,100,81,62,55,81,55,62,45,55,55]",2026-04-17,"Image pack, Sitelinks, Video, Related searches, Things to know, AI overview",informational,Organic
short term rental agreement,19,19,1000,25,1.83,https://www.reedyandcompany.com/blog/how-to-craft-the-perfect-short-term-rental-agreement-today/,1,0,1.00,1,112000000,"[81,81,100,81,62,55,81,55,62,45,55,55]",2026-04-17,"Image pack, Sitelinks, Video, Related searches, Things to know, AI overview",informational,Organic
income statement for rental property,8,8,260,17,5.91,https://www.reedyandcompany.com/blog/real-estate-finance-why-you-need-a-rental-property-income-statement/,1,0,5.00,0.62,133000000,"[5,15,15,66,66,81,100,66,28,23,5,8]",2026-04-09,"Image pack, Sitelinks, Video, People also ask, Related searches, AI overview",informational,Organic
reliant property management reviews,6,6,110,26,0.00,https://www.reedyandcompany.com/blog/what-is-included-in-a-property-management-report-a-landlords-guide/,1,0,0.00,0.02,79,"[19,15,15,5,15,6,9,9,6,19,36,29]",2026-04-13,"Knowledge panel, Sitelinks, Video, People also ask, Related searches, AI overview",commercial,People also ask
can a landlord deny an esa,15,15,390,20,0.40,https://www.reedyandcompany.com/blog/when-can-a-landlord-legally-reject-an-esa/,1,0,0.00,0.24,388000,"[54,35,81,54,44,54,66,66,66,66,81,54]",2026-04-01,"Sitelinks, Video, People also ask, Related searches, AI overview",informational,Organic
reedy company rentals memphis tn,2,2,70,28,0.63,https://www.reedyandcompany.com/,1,0,0.00,0.32,123000,"[17,17,23,23,17,12,17,17,10,12,12,5]",2026-03-30,"Knowledge panel, Video, Related searches",navigational,Organic
reedy company rentals memphis tn,3,3,70,28,0.63,https://www.reedyandcompany.com/property-management/single-family/,1,0,0.00,0.32,123000,"[17,17,23,23,17,12,17,17,10,12,12,5]",2026-03-30,"Knowledge panel, Video, Related searches",navigational,Organic
memphis investment property for sale,10,10,50,5,0.00,https://www.reedyandcompany.com/investments/,1,0,0.00,0,0,"[1,6,6,6,6,3,11,11,11,11,11,11]",2026-03-13,"Video, Related searches",transactional,Organic
best place to buy property to let,16,16,720,26,1.13,https://www.reedyandcompany.com/blog/figuring-out-the-best-place-to-buy-a-rental-property/,1,0,1.00,0.24,217,"[10,81,81,100,81,62,24,36,55,36,2,8]",2026-03-31,"Sitelinks, Video, Related searches, Discussions and forums, AI overview",commercial,Organic
introducing yourself to neighbors,6,6,50,16,0.00,https://www.reedyandcompany.com/blog/new-neighbors-how-to-introduce-yourself-to-the-community/,1,0,0.00,0.02,25000000,"[14,14,14,14,14,14,14,14,78,78,78,100]",2026-04-16,"Sitelinks, Video, Related searches, Short videos, AI overview",informational,Organic
memphis property manager,4,4,40,24,2.86,https://www.reedyandcompany.com/,1,0,2.00,0.47,12800000,"[42,28,42,42,42,28,100,57,71,57,71,71]",2026-04-21,"Local pack, Sitelinks, Video, Related searches",commercial,Organic
tennessee eviction laws no lease no rent,14,14,320,22,0.77,https://www.reedyandcompany.com/blog/can-a-landlord-evict-you-for-no-reason/,1,0,0.00,0.08,703000,"[54,44,36,36,66,66,66,66,66,66,9,9]",2026-03-28,"Sitelinks, Video, Related searches, AI overview",informational,Organic
best areas to buy rental property,8,8,170,23,0.00,https://www.reedyandcompany.com/blog/figuring-out-the-best-place-to-buy-a-rental-property/,1,0,0.00,0.04,1210000000,"[35,35,66,53,35,35,66,100,53,23,5,17]",2026-03-28,"Sitelinks, Video, Related searches, Discussions and forums, AI overview",commercial,Organic
houses for rent 38125,14,14,390,23,0.51,https://www.reedyandcompany.com/rental-properties/,1,0,0.00,0.54,461000,"[72,39,14,72,39,21,32,14,39,32,21,39]",2026-03-13,"Image, Related searches",informational,Organic
memphis rental homes by owner,12,12,170,23,0.24,https://www.reedyandcompany.com/rental-properties/,1,0,0.00,0.49,11500000,"[0,0,0,0,0,44,15,15,29,29,44,29]",2026-04-21,"Video, Related searches",informational,Organic
reedy and company in memphis tennessee,8,8,170,36,0.54,https://www.reedyandcompany.com/property-management/single-family/,1,0,0.00,0.23,97,"[43,43,28,28,53,82,35,28,53,53,66,35]",2026-03-26,"Knowledge panel, Video, Related searches","informational, transactional",Organic
reedy and company in memphis tennessee,10,10,170,36,0.54,https://www.reedyandcompany.com/blog/navigating-the-best-property-management-companies-in-memphis/,1,0,0.00,0.23,97,"[43,43,28,28,53,82,35,28,53,53,66,35]",2026-03-26,"Knowledge panel, Video, Related searches","informational, transactional",Organic
houses for rent in west memphis,14,14,320,22,0.19,https://www.reedyandcompany.com/rental-properties/,1,0,0.00,0.4,103,"[88,26,21,11,21,21,9,59,88,17,7,9]",2026-03-23,Related searches,"commercial, informational",Organic
casas en renta en memphis,7,7,50,35,0.38,https://www.reedyandcompany.com/rental-properties/,1,0,0.00,0.63,439000,"[52,9,9,52,52,52,9,9,9,9,9,9]",2026-03-20,"Video, Image, People also ask, Related searches",informational,Organic
rental property management memphis tn,2,2,40,50,0.80,https://www.reedyandcompany.com/,1,0,0.00,0.43,0,"[9,19,19,14,9,9,14,23,19,23,19,23]",2026-03-09,"Local pack, Sitelinks, Video, Related searches",commercial,Organic
compañias de renta de casas,1,1,50,50,1.01,https://www.reedyandcompany.com/rental-properties/,1,0,1.00,0.63,6450000,"[12,17,17,12,12,17,5,5,5,28,5,5]",2026-04-14,"Video, People also ask, FAQ, Related searches, AI overview",informational,AI overview
memphis property management rentals,5,5,50,50,0.80,https://www.reedyandcompany.com/,1,0,0.00,0.43,128,"[35,35,21,14,14,14,50,50,35,50,50,50]",2026-03-22,"Local pack, Sitelinks, Video, Related searches",commercial,Organic
what is a fixed lease,5,5,70,19,0.12,https://www.reedyandcompany.com/blog/maximize-rental-success-with-a-fixed-term-lease/,1,0,0.00,0.04,144,"[100,18,100,18,100,100,18,100,45,45,18,18]",2026-04-07,"Sitelinks, Video, People also ask, Related searches, AI overview",informational,Organic
rental homes in memphis tennessee,8,8,90,39,0.42,https://www.reedyandcompany.com/rental-properties/,1,0,0.00,0.64,110,"[8,8,4,2,2,4,22,35,29,35,35,35]",2026-03-10,"Local pack, Video, Image, Related searches",commercial,Organic
what to do when your property manager ignores you,2,2,50,0,0.00,https://www.reedyandcompany.com/blog/steps-to-take-when-your-property-manager-ignores-you/,1,0,0.00,0.02,8670000,"[21,6,21,9,15,12,28,21,9,21,21,15]",2026-03-27,"Sitelinks, Video, People also ask, Related searches, Discussions and forums, AI overview",informational,Organic
home rental companies memphis,2,2,30,53,0.85,https://www.reedyandcompany.com/,1,0,0.00,0.47,18100000,"[55,100,100,44,22,11,22,22,33,22,22,11]",2026-04-11,"Local pack, Sitelinks, Video, Related searches",commercial,Organic
house rental companies,30,30,1900,97,2.42,https://www.reedyandcompany.com/,1,0,2.00,0.59,246000000,"[53,35,53,35,44,35,35,44,13,29,35,18]",2026-04-24,"Local pack, Ads bottom, Related searches",commercial,Organic
rental management companies memphis tn,2,2,30,49,7.43,https://www.reedyandcompany.com/,1,0,7.00,0.68,5790000,"[14,14,14,14,14,14,21,28,28,21,28,28]",2026-04-03,"Local pack, Sitelinks, Video, Related searches",commercial,Organic
are landlords allowed to do inspections,1,1,50,3,0.00,https://www.reedyandcompany.com/blog/what-can-a-landlord-look-at-during-an-inspection/,1,0,0.00,0.01,8910000,"[11,11,23,17,17,64,17,23,17,17,17,100]",2026-03-06,"Sitelinks, Video, Related searches, AI overview",informational,AI overview
reedy & company memphis property rentals,3,3,90,33,0.63,https://www.reedyandcompany.com/property-management/single-family/,1,0,0.00,0.32,125000,"[10,10,12,12,7,10,10,12,5,5,5,5]",2026-04-01,"Knowledge panel, Video, Related searches",navigational,Organic
reedy & company memphis property rentals,4,4,90,33,0.63,https://www.reedyandcompany.com/contact-us/,1,0,0.00,0.32,125000,"[10,10,12,12,7,10,10,12,5,5,5,5]",2026-04-01,"Knowledge panel, Video, Related searches",navigational,Organic
how do property management companies charge,4,4,40,20,1.79,https://www.reedyandcompany.com/blog/how-much-do-property-management-companies-charge-rates-explained/,1,0,1.00,0.57,432000000,"[60,40,80,80,80,40,100,100,80,80,100,60]",2026-04-08,"Sitelinks, Video, Related searches, AI overview",informational,Organic
wilson townhomes memphis,1,1,40,19,0.50,https://www.reedyandcompany.com/property-management/multi-family/,1,0,0.00,0.21,93500,"[11,41,11,17,5,41,41,23,29,11,23,23]",2026-04-04,"Knowledge panel, Video, Related searches, AI overview",informational,AI overview
wilson townhomes memphis,4,4,40,19,0.50,https://www.reedyandcompany.com/property-management/multi-family/,1,0,0.00,0.21,93500,"[11,41,11,17,5,41,41,23,29,11,23,23]",2026-04-04,"Knowledge panel, Video, Related searches, AI overview",informational,Organic
wilson townhomes memphis,10,10,40,19,0.50,https://reedyandcompany.com/wilson-crossing,1,0,0.00,0.21,93500,"[11,41,11,17,5,41,41,23,29,11,23,23]",2026-04-04,"Knowledge panel, Video, Related searches, AI overview",informational,Knowledge panel
real estate rehabilitation,6,6,70,7,0.00,https://www.reedyandcompany.com/blog/giving-rehab-property-a-makeover-a-real-estate-investors-guide/,1,0,0.00,0.02,125,"[63,45,63,45,100,63,45,63,100,63,81,63]",2026-03-17,"Local pack, Video, Video Carousel, AI overview",informational,Organic
apperment,1,1,110,88,0.79,https://www.reedyandcompany.com/blog/what-are-the-different-types-of-apartments/,1,0,0.00,0.25,1920000000,"[13,0,0,7,0,0,7,8,0,0,0,0]",2026-04-10,"Local pack, Video, Image, Ads bottom, Related searches, Things to know",commercial,Things to know
property management duties list,3,3,30,28,0.68,https://www.reedyandcompany.com/blog/a-property-manager-duties-checklist-for-beginners/,1,0,0.00,0.14,141000000,"[80,40,40,40,80,80,40,40,40,40,40,40]",2026-04-02,"Video, Related searches, AI overview",informational,Organic
landlord painting responsibilities,4,4,110,8,0.00,https://www.reedyandcompany.com/blog/can-a-landlord-charge-for-painting-the-rental-property/,1,0,0.00,0.01,2730000,"[29,18,22,29,18,18,29,29,29,29,22,18]",2026-03-27,"Sitelinks, Video, People also ask, Related searches, Discussions and forums, AI overview",informational,Organic
houses for rent memphis tennessee,5,5,40,38,0.42,https://www.reedyandcompany.com/rental-properties/,1,0,0.00,0.64,5400000,"[4,52,9,42,33,4,19,23,9,23,4,4]",2026-04-12,"Video, Related searches",informational,Organic
rental homes companies in memphis tn,3,3,40,53,0.85,https://www.reedyandcompany.com/,1,0,0.00,0.47,2010000,"[4,4,0,0,4,0,23,33,33,52,42,33]",2026-04-18,"Local pack, Sitelinks, Video, People also ask, Related searches",commercial,Organic
amartment,1,1,90,87,0.79,https://www.reedyandcompany.com/blog/what-are-the-different-types-of-apartments/,1,0,0.00,0.25,1950000000,"[48,0,0,0,0,0,39,0,5,0,0,0]",2026-04-10,"Local pack, Video, Image, Related searches, Things to know",commercial,Things to know
management companies near me,19,19,1300,49,3.87,https://www.reedyandcompany.com/,1,0,3.00,0.47,1710000000,"[79,66,79,54,41,30,30,54,41,54,30,36]",2026-04-13,"Local pack, Sitelinks, Video, People also ask, Related searches",transactional,Organic
reedy and company rentals,2,2,70,33,0.63,https://www.reedyandcompany.com/,1,0,0.00,0.32,0,"[11,11,11,18,15,11,11,11,6,8,8,3]",2026-03-19,"Knowledge panel, Video, Related searches",navigational,Organic
reedy and company rentals,3,3,70,33,0.63,https://www.reedyandcompany.com/contact-us/,1,0,0.00,0.32,0,"[11,11,11,18,15,11,11,11,6,8,8,3]",2026-03-19,"Knowledge panel, Video, Related searches",navigational,Organic
tenant at will contract,1,0,30,6,1.39,https://www.reedyandcompany.com/blog/tenant-at-will-explained-everything-you-need-to-know/,1,0,1.00,0.34,85100000,"[52,9,9,9,9,9,9,9,9,9,9,9]",2026-04-27,"Sitelinks, Video, Ads bottom, People also ask, Related searches, Discussions and forums, AI overview",informational,People also ask
graceland flats apartments memphis tn,2,2,40,23,0.90,https://gracelandflats.reedyandcompany.com/,1,0,0.00,0.34,5610,"[50,35,28,21,35,14,28,21,28,35,14,14]",2026-03-19,"Knowledge panel, Sitelinks, Image, Ads top, People also ask, Related searches",informational,Organic
graceland flats apartments memphis tn,10,10,40,23,0.90,http://reedyandcompany.com/graceland-flats,1,0,0.00,0.34,5610,"[50,35,28,21,35,14,28,21,28,35,14,14]",2026-03-19,"Knowledge panel, Sitelinks, Image, Ads top, People also ask, Related searches",informational,Knowledge panel
how long does landlord have to fix heat,7,7,50,2,0.00,https://www.reedyandcompany.com/blog/how-long-can-a-landlord-leave-you-without-heat/,1,0,0.00,0.01,0,"[28,23,17,5,5,5,5,5,5,5,28,35]",2026-03-08,"Sitelinks, Video, Related searches, AI overview",informational,Organic
reed and associates,16,16,1000,23,0.00,https://www.reedyandcompany.com/,1,0,0.00,0,119,"[62,62,62,81,5,30,62,62,81,62,30,81]",2026-04-03,"Knowledge panel, Sitelinks, Video, Related searches",navigational,Organic
rental companies that accept section 8,10,10,210,30,0.47,https://www.reedyandcompany.com/blog/section-8-houses-for-rent-by-owner-tips-for-memphis-landlords/,1,0,0.00,0.14,155000000,"[81,35,43,43,43,35,43,35,35,35,18,22]",2026-04-24,"Video, People also ask, Related searches",informational,Organic
5155 citation drive memphis tn,10,10,90,14,0.00,https://www.reedyandcompany.com/blog/memphis-welcome-second-amazon-facility/,1,0,0.00,0.01,0,"[6,8,6,6,10,16,5,5,8,5,3,3]",2026-03-14,Related searches,informational,Organic
property rental companies,17,17,1300,94,3.20,https://www.reedyandcompany.com/,1,0,3.00,0.52,124000000,"[52,44,66,36,27,36,36,36,27,27,24,24]",2026-04-01,"Local pack, Related searches",commercial,Organic
rentals homes near me,22,22,1300,66,0.54,https://www.reedyandcompany.com/rental-properties/,1,0,0.00,0.77,97000000,"[23,4,5,4,8,3,10,54,3,4,3,4]",2026-04-11,"Local pack, Related searches","informational, transactional",Organic
rental property management companies in memphis,3,3,50,52,0.80,https://www.reedyandcompany.com/,1,0,0.00,0.43,5870000,"[35,35,21,14,14,14,35,50,50,50,35,50]",2026-03-22,"Local pack, Sitelinks, Video, Related searches",commercial,Organic
best marketing strategies for luxury homes 2025,6,6,40,8,0.00,https://www.reedyandcompany.com/blog/12-key-strategies-for-luxury-property-marketing-success/,1,0,0.00,0,153000000,"[100,100,20]",2026-04-07,"Video, Related searches, AI overview","commercial, informational",Organic
screening tenants checklist,9,9,50,12,1.41,https://www.reedyandcompany.com/blog/tenant-screening-checklist-a-helpful-tool-for-landlords/,1,0,1.00,0.22,135,"[21,21,50,35,50,35,78,100,28,0,7,7]",2026-04-10,"Sitelinks, Video, Related searches, AI overview",informational,Organic
can i get evicted for no reason,4,4,40,11,0.00,https://www.reedyandcompany.com/blog/can-a-landlord-evict-you-for-no-reason/,1,0,0.00,0.08,15700000,"[36,45,45,45,27,36,36,63,27,18,18,18]",2026-04-07,"Sitelinks, Video, Related searches, AI overview",informational,Organic
how long do landlords have to fix heating,6,82,50,13,0.00,https://www.reedyandcompany.com/blog/how-long-can-a-landlord-leave-you-without-heat/,1,0,0.00,0.01,5340000,"[34,21,21,6,6,6,6,6,6,6,34,43]",2026-04-27,"Sitelinks, Video, Featured snippet, People also ask, Related searches",informational,Organic
can a landlord evict for no reason,6,6,50,5,0.32,https://www.reedyandcompany.com/blog/can-a-landlord-evict-you-for-no-reason/,1,0,0.00,0.15,0,"[63,45,63,45,36,27,27,36,45,45,36,18]",2026-03-17,"Sitelinks, Video, Related searches, Discussions and forums, AI overview",informational,Organic
tips for landlords,71,71,90,21,0.69,https://www.reedyandcompany.com/blog/7-tips-every-rental-property-owner-should-know/,0,0,0.00,0.22,40100000,"[41,29,41,23,11,17,52,82,52,52,82,100]",2026-03-19,"Sitelinks, Video, Related searches, Discussions and forums, AI overview",informational,Organic
tn rent,12,12,40,43,0.58,https://www.reedyandcompany.com/rental-properties/,0,0,0.00,0.66,284000000,"[0,0,33,33,23,14,19,4,33,23,14,42]",2026-04-17,"Local pack, Video, Related searches",informational,Organic
investment property experts,45,45,40,57,0.00,https://www.reedyandcompany.com/,0,0,0.00,0.5,118,"[33,55,77,77,77,100,22,22,22,22,22,22]",2026-04-09,"Local pack, Video, Video Carousel, Related searches, AI overview",informational,Organic
buying an apartment vs buying a house,53,53,70,15,0.98,https://www.reedyandcompany.com/blog/apartment-vs-a-house-which-is-better-for-your-needs/,0,0,0.00,0.04,1320000000,"[77,77,33,77,100,77,55,55,77,100,77,77]",2026-03-28,"Sitelinks, Video, Video Carousel, Related searches, Short videos, AI overview","commercial, informational",Organic
how do i deal with noisy neighbors,42,42,50,19,0.14,https://www.reedyandcompany.com/blog/how-to-handle-noisy-apartment-neighbors/,0,0,0.00,0.1,131,"[14,14,19,23,33,42,23,23,19,23,23,23]",2026-03-23,"Sitelinks, Video, Video Carousel, Related searches, Short videos, AI overview",informational,Organic
property manager duties and responsibilities,19,19,260,23,0.89,https://www.reedyandcompany.com/blog/a-property-manager-duties-checklist-for-beginners/,0,0,0.00,0.09,48000000,"[16,5,11,11,8,13,8,8,7,7,8,5]",2026-04-10,"Sitelinks, Video, Related searches, AI overview",informational,Organic
p&l for rental property,80,80,110,2,6.94,https://www.reedyandcompany.com/blog/real-estate-finance-why-you-need-a-rental-property-income-statement/,0,0,0.00,0.7,0,"[4,12,12,15,100,15,0,1,1,0,2,5]",2026-03-06,"Image pack, Sitelinks, Video, Related searches, AI overview",informational,Organic
re investment,37,37,110,20,5.31,https://www.reedyandcompany.com/investments/,0,0,0.00,0.07,128,"[35,17,43,53,43,23,12,10,12,23,23,17]",2026-04-02,"Sitelinks, Video, Video Carousel, Related searches, AI overview",informational,Organic
build a real estate portfolio,61,61,70,23,2.20,https://www.reedyandcompany.com/blog/strategies-to-structure-your-real-estate-portfolio-for-success/,0,0,0.00,0.53,133,"[29,23,5,11,0,29,64,100,64,52,64,64]",2026-03-28,"Sitelinks, Video, Video Carousel, Related searches, Discussions and forums, AI overview",informational,Organic
section 8 property management rental listing,51,51,50,19,0.70,https://www.reedyandcompany.com/blog/section-8-houses-for-rent-by-owner-tips-for-memphis-landlords/,0,0,0.00,0.36,153,"[52,19,23,19,23,19,33,33,14,9,14,14]",2026-04-08,"Video, Related searches, AI overview",informational,Organic
landlord insurance claims,20,20,50,2,0.00,https://www.reedyandcompany.com/blog/how-to-file-a-landlord-insurance-claim-a-step-by-step-guide/,0,0,0.00,0.03,110000000,"[17,5,17,5,17,17,52,41,41,23,23,100]",2026-03-19,"Sitelinks, Video, Related searches, AI overview",informational,Organic
rental for home,82,82,90,95,0.57,https://www.reedyandcompany.com/rental-properties/,0,0,0.00,0.65,2110000000,"[0,76,0,0,0,0,0,0,0,0,0,0]",2026-03-20,"Local pack, Video, Related searches",commercial,Organic
calculating vacancy rate,16,16,70,19,0.00,https://www.reedyandcompany.com/blog/how-to-calculate-the-vacancy-rate-of-the-properties-in-your-memphis-portfolio/,0,0,0.00,0,34200000,"[77,55,77,77,77,55,100,100,77,100,55,77]",2026-04-03,"Sitelinks, Video, Related searches, AI overview",informational,Organic
calculating vacancy rate,26,26,70,19,0.00,https://www.reedyandcompany.com/blog/what-is-your-vacancy-rate-keeping-your-cash-flow-stable/,0,0,0.00,0,34200000,"[77,55,77,77,77,55,100,100,77,100,55,77]",2026-04-03,"Sitelinks, Video, Related searches, AI overview",informational,Organic
memphis prime properties,35,35,40,25,0.00,https://www.reedyandcompany.com/investments/,0,0,0.00,0.03,99,"[18,18,100,18,100,100,18,18,18,18,18,18]",2026-04-12,"Knowledge panel, Sitelinks, Video, Related searches",informational,Organic
tips for property management,29,29,140,16,2.86,https://www.reedyandcompany.com/blog/10-helpful-property-management-tips-for-beginners/,0,0,0.00,0.25,334000000,"[21,12,15,15,21,28,53,65,53,53,65,65]",2026-03-06,"Sitelinks, Video, Related searches, Discussions and forums, AI overview",informational,Organic
crestcore realty memphis,54,54,170,31,1.28,https://www.reedyandcompany.com/,0,0,0.00,0.02,20900,"[44,36,36,19,36,29,9,19,19,12,9,9]",2026-04-14,"Knowledge panel, Sitelinks, Video, Related searches",navigational,Organic
crestcore realty memphis,77,77,170,31,1.28,https://www.reedyandcompany.com/rental-properties/,0,0,0.00,0.02,20900,"[44,36,36,19,36,29,9,19,19,12,9,9]",2026-04-14,"Knowledge panel, Sitelinks, Video, Related searches",navigational,Organic
can someone evict you for no reason,7,7,50,21,0.42,https://www.reedyandcompany.com/blog/can-a-landlord-evict-you-for-no-reason/,0,0,0.00,0.06,6190000,"[57,57,71,28,71,42,71,71,71,100,100,57]",2026-03-05,"Sitelinks, Video, People also ask, Related searches, AI overview",informational,Organic
real estate corporate,65,65,70,27,1.60,https://www.reedyandcompany.com/investments/,0,0,0.00,0.2,151,"[50,50,100,78,78,35,28,14,14,78,21,28]",2026-04-06,"Local pack, Video, Video Carousel, Related searches, AI overview",informational,Organic
late rent payments,12,12,30,16,2.59,https://www.reedyandcompany.com/blog/18-acceptable-reasons-for-late-rent-payments-a-landlords-guide/,0,0,0.00,0.29,233000000,"[1,0,0,0,1,0,5,3,5,0,2,2]",2026-03-25,"Sitelinks, Video, Related searches, AI overview",informational,Organic
rent back contract,12,12,170,19,2.15,https://www.reedyandcompany.com/blog/a-tenants-guide-to-a-rent-back-agreement/,0,0,0.00,0.05,248000000,"[43,65,43,28,100,100,43,21,65,53,53,21]",2026-03-23,"Sitelinks, Video, People also ask, Related searches, Short videos, Discussions and forums, AI overview",informational,Organic
living in memphis tn pros and cons,9,9,40,11,0.00,https://www.reedyandcompany.com/blog/everything-you-need-to-know-about-living-in-memphis-tn/,0,0,0.00,0.33,593000,"[7,7,42,7,42,7,7,7,7,7,7,7]",2026-04-03,"Image pack, Sitelinks, Video, Video Carousel, Related searches, Discussions and forums, AI overview",informational,Organic
living in memphis tn pros and cons,62,62,40,11,0.00,https://www.reedyandcompany.com/blog/how-to-select-the-best-area-to-rent-in-memphis-tn/,0,0,0.00,0.33,593000,"[7,7,42,7,42,7,7,7,7,7,7,7]",2026-04-03,"Image pack, Sitelinks, Video, Video Carousel, Related searches, Discussions and forums, AI overview",informational,Organic
home rental company near me,12,12,50,87,2.42,https://www.reedyandcompany.com/,0,0,0.00,0.6,132,"[15,2,2,1,1,2,3,10,4,10,12,10]",2026-03-31,"Local pack, Sitelinks, People also ask, Related searches",transactional,Organic
houses for rent in memphis tn 38106,14,14,40,11,0.26,https://www.reedyandcompany.com/rental-properties/,0,0,0.00,0.48,131,"[23,23,33,23,23,33,33,9,9,9,9,9]",2026-04-06,Related searches,informational,Organic
how much does a two bedroom house cost,20,20,70,19,0.59,https://www.reedyandcompany.com/blog/2-bedroom-houses-for-rent-does-size-matter-a-guide-for-renters/,0,0,0.00,0.32,186,"[63,18,100,81,100,45,63,63,63,63,81,45]",2026-04-25,"Sitelinks, Video, People also ask, Related searches, AI overview",informational,Organic
becoming a landlord for the first time,41,54,110,21,1.46,https://www.reedyandcompany.com/blog/12-things-you-should-know-before-becoming-a-landlord/,0,0,0.00,0.75,223000000,"[9,6,4,6,6,4,12,9,12,9,100,5]",2026-04-27,"Sitelinks, Video, People also ask, Related searches, Discussions and forums, AI overview",informational,Organic
reedy property group,80,80,1000,22,1.72,https://www.reedyandcompany.com/property-management/,0,0,0.00,0.08,98,"[44,44,34,34,34,44,44,24,34,30,24,24]",2026-04-17,"Local pack, Video, Image, People also ask, Related searches",informational,Organic
fielder square apartments,66,66,140,18,0.77,https://www.reedyandcompany.com/property-management/multi-family/,0,0,0.00,0.4,262000,"[43,23,23,28,28,35,53,43,28,35,35,28]",2026-04-02,"Sitelinks, Video, Image, Related searches",navigational,Organic
eviction lawyer memphis,27,27,70,4,2.22,https://www.reedyandcompany.com/blog/when-to-file-for-eviction-in-memphis-as-a-landlord/,0,0,0.00,0.59,0,"[35,35,21,64,50,50,28,35,50,100,35,35]",2026-03-06,"Local pack, Sitelinks, Video, Image, Related searches, AI overview",commercial,Organic
does a landlord have to provide ac,50,50,110,5,0.00,https://www.reedyandcompany.com/blog/do-memphis-landlords-need-to-provide-air-conditioning-find-out-here/,0,0,0.00,0.01,0,"[19,19,34,15,53,80,100,65,26,42,34,34]",2026-03-14,"Sitelinks, Video, Related searches, Discussions and forums, AI overview",informational,Organic
best neighborhoods in memphis tn,1,1,260,9,0.67,https://www.reedyandcompany.com/blog/exploring-the-best-memphis-neighborhoods-for-investors/,0,0,0.00,0.08,2350000,"[54,54,54,66,54,54,54,54,66,54,43,43]",2026-03-05,"Sitelinks, Video, People also ask, Related searches, Discussions and forums, AI overview",commercial,People also ask
best neighborhoods in memphis tn,23,23,260,9,0.67,https://www.reedyandcompany.com/blog/how-to-select-the-best-area-to-rent-in-memphis-tn/,0,0,0.00,0.08,2350000,"[54,54,54,66,54,54,54,54,66,54,43,43]",2026-03-05,"Sitelinks, Video, People also ask, Related searches, Discussions and forums, AI overview",commercial,Organic
best neighborhoods in memphis tn,38,38,260,9,0.67,https://www.reedyandcompany.com/blog/some-best-memphis-neighborhoods/,0,0,0.00,0.08,2350000,"[54,54,54,66,54,54,54,54,66,54,43,43]",2026-03-05,"Sitelinks, Video, People also ask, Related searches, Discussions and forums, AI overview",commercial,Organic
when can landlords turn off heat,23,23,40,17,0.00,https://www.reedyandcompany.com/blog/how-long-can-a-landlord-leave-you-without-heat/,0,0,0.00,0.33,163,"[6,6,34,34,34,6,0,6,6,6,6,6]",2026-04-07,"Sitelinks, Video, Related searches, AI overview",informational,Organic
different apartments,35,35,30,32,1.72,https://www.reedyandcompany.com/blog/what-are-the-different-types-of-apartments/,0,0,0.00,0.24,244000000,"[18,18,18,100,18,18,18,18,18,18,18,18]",2026-04-21,"Sitelinks, Video, Image, Related searches",commercial,Organic
housing rental,82,82,880,87,0.50,https://www.reedyandcompany.com/rental-properties/,0,0,0.00,0.63,705000000,"[36,22,22,5,8,13,54,22,16,1,1,13]",2026-04-05,"Local pack, Sitelinks, Video, Image, Related searches, See results about",commercial,Organic
pets apartment,56,56,30,3,1.39,https://www.reedyandcompany.com/blog/apartment-living-with-pets-what-you-need-to-know/,0,0,0.00,0.82,171000000,"[100,33,22,22,11,33,44,33,33,11,22,11]",2026-03-26,"Image pack, Sitelinks, Video, Image, Related searches, Discussions and forums","commercial, informational",Organic
bryton towers memphis,65,65,30,20,0.91,https://www.reedyandcompany.com/property-management/multi-family/,0,0,0.00,0.08,4170,"[40,40,60,40,60,40,60,60,60,60,80,100]",2026-03-22,"Knowledge panel, Video, Related searches",informational,Organic
for rent websites,89,89,70,91,0.70,https://www.reedyandcompany.com/rental-properties/,0,0,0.00,0.61,532000000,"[8,5,6,6,6,6,2,10,0,6,6,5]",2026-04-19,"Sitelinks, Video, Related searches, Discussions and forums",informational,Organic
property management services for rental properties,86,86,50,88,0.00,https://www.reedyandcompany.com/,0,0,0.00,0.02,0,"[0,0,0,0,3,80,100,26,3,0,0,0]",2026-03-12,"Local pack, Video, Related searches",commercial,Organic
eviction fees,67,67,90,26,1.95,https://www.reedyandcompany.com/blog/can-a-landlord-charge-for-eviction-fees-in-tennessee/,0,0,0.00,0.07,30300000,"[64,64,64,64,50,50,78,64,64,50,50,64]",2026-03-31,"Video, Related searches, AI overview",informational,Organic
eviction fees,71,71,90,26,1.95,https://www.reedyandcompany.com/blog/can-a-landlord-charge-for-eviction-fees-in-tennessee/,0,0,0.00,0.07,30300000,"[64,64,64,64,50,50,78,64,64,50,50,64]",2026-03-31,"Video, Related searches, AI overview",informational,Organic
buying an apartment vs house,23,23,50,20,0.98,https://www.reedyandcompany.com/blog/apartment-vs-a-house-which-is-better-for-your-needs/,0,0,0.00,0.04,839000000,"[45,63,36,27,45,27,63,81,27,45,63,36]",2026-04-17,"Sitelinks, Video, Video Carousel, Related searches, AI overview","commercial, informational",Organic
who rents,89,89,70,62,0.00,https://www.reedyandcompany.com/rental-properties/,0,0,0.00,0.03,1830000000,"[35,50,50,50,50,35,35,78,50,64,28,35]",2026-04-23,"Sitelinks, People also ask, Related searches, AI overview",informational,Organic
who rents,93,93,70,62,0.00,https://www.reedyandcompany.com/rental-properties/,0,0,0.00,0.03,1830000000,"[35,50,50,50,50,35,35,78,50,64,28,35]",2026-04-23,"Sitelinks, People also ask, Related searches, AI overview",informational,Organic
homes for rent memphis tennessee,12,12,40,34,0.42,https://www.reedyandcompany.com/rental-properties/,0,0,0.00,0.64,13600000,"[1,1,1,1,1,1,15,23,15,1,0,6]",2026-03-21,"Video, Related searches",informational,Organic
hourses for rent,23,23,40,32,0.57,https://www.reedyandcompany.com/rental-properties/,0,0,0.00,0.65,335000000,"[0,0,0,80,0,0,0,0,0,0,100,0]",2026-03-11,"Video, Related searches",informational,Organic
properties in,66,66,50,67,2.41,https://www.reedyandcompany.com/rental-properties/,0,0,0.00,0.07,1400000000,"[21,0,100,21,28,35,35,50,50,50,35,28]",2026-04-10,"Video, Related searches",commercial,Organic
compare top real estate investment management platforms,58,58,70,7,0.00,https://www.reedyandcompany.com/blog/a-guide-to-the-best-real-estate-investor-software/,0,0,0.00,0,163,"[81,100,81,63,27]",2026-03-11,"Sitelinks, Video, Related searches, AI overview",commercial,Organic
background check and credit score,52,52,30,29,4.39,https://www.reedyandcompany.com/blog/everything-you-need-to-know-about-tenant-background-checks/,0,0,0.00,0.7,368000000,"[57,42,71,71,57,57,42,28,28,28,28,28]",2026-04-06,"Sitelinks, Video, Related searches, AI overview",informational,Organic
memphis housing market,35,35,140,31,0.76,https://www.reedyandcompany.com/blog/the-2025-memphis-real-estate-market-trends-you-need-to-know/,0,0,0.00,0.14,13000000,"[64,41,64,100,64,64,100,82,82,82,64,82]",2026-04-20,"Sitelinks, Video, Video Carousel, Related searches, AI overview","informational, transactional",Organic
credit background check for tenants,57,57,50,40,7.00,https://www.reedyandcompany.com/blog/everything-you-need-to-know-about-tenant-background-checks/,0,0,0.00,0.67,14600000,"[21,35,28,28,28,35,50,100,50,50,50,21]",2026-03-04,"Sitelinks, Video Carousel, People also ask, Related searches, Discussions and forums",commercial,Organic
credit background check for tenants,76,76,50,40,7.00,https://www.reedyandcompany.com/blog/everything-you-need-to-know-about-tenant-background-checks/,0,0,0.00,0.67,14600000,"[21,35,28,28,28,35,50,100,50,50,50,21]",2026-03-04,"Sitelinks, Video Carousel, People also ask, Related searches, Discussions and forums",commercial,Organic
not renewing lease letter to landlord,89,89,110,14,0.77,https://www.reedyandcompany.com/blog/can-a-landlord-not-renew-a-lease/,0,0,0.00,0.2,4480000,"[22,29,29,29,29,35,29,22,22,18,14,29]",2026-04-22,"Image pack, Sitelinks, Video, People also ask, Related searches, AI overview",informational,Organic
apartn,3,3,110,56,0.79,https://www.reedyandcompany.com/blog/what-are-the-different-types-of-apartments/,0,0,0.00,0.25,1960000000,"[0,0,0,0,0,30,0,13,0,36,0,0]",2026-04-09,"Local pack, Sitelinks, Video, Image, Ads top, Ads bottom, Related searches, Things to know","commercial, navigational",Things to know
what is considered normal wear and tear when renting,48,48,40,19,0.06,https://www.reedyandcompany.com/blog/what-is-normal-wear-and-tear-in-a-rental-home/,0,0,0.00,0.38,207,"[0,23,2,17,2,7,10,5,10,7,28,2]",2026-04-06,"Sitelinks, Video, Related searches, Discussions and forums, AI overview",informational,Organic
rental property management services,44,44,390,73,7.66,https://www.reedyandcompany.com/,0,0,0.00,0.03,134,"[36,10,8,16,30,100,30,24,13,8,16,16]",2026-04-21,"Local pack, Sitelinks, Related searches",commercial,Organic
can a landlord evict you for no reason,24,24,590,5,0.46,https://www.reedyandcompany.com/blog/can-a-landlord-ask-you-to-vacate-for-no-reason-find-out-here/,0,0,0.00,0.09,3610000,"[67,55,67,45,36,36,30,67,36,30,45,45]",2026-04-12,"Sitelinks, Video, People also ask, Related searches, AI overview",informational,Organic
how much is a property manager per month,12,12,40,27,2.24,https://www.reedyandcompany.com/blog/how-much-do-property-management-companies-charge-rates-explained/,0,0,0.00,0.37,251000000,"[11,23,17,17,23,41,23,23,17,17,52,23]",2026-04-21,"Sitelinks, Video, Related searches, AI overview",informational,Organic
rental mgmt companies,88,88,210,89,6.06,https://www.reedyandcompany.com/,0,0,0.00,0.51,285000000,"[1,1,1,0,1,16,1,1,1,2,1,2]",2026-03-30,"Local pack, Video, Related searches",commercial,Organic
rental mgmt companies,99,99,210,89,6.06,https://www.reedyandcompany.com/,0,0,0.00,0.51,285000000,"[1,1,1,0,1,16,1,1,1,2,1,2]",2026-03-30,"Local pack, Video, Related searches",commercial,Organic
can my landlord enter my apartment without my permission,69,69,50,14,0.00,https://www.reedyandcompany.com/blog/can-a-landlord-enter-without-tenant-consent-in-memphis-tn/,0,0,0.00,0.03,14400000,"[100,18,100,100,18,18,18,100,100,18,18,18]",2026-03-21,"Sitelinks, Video, Related searches, Discussions and forums, AI overview",informational,Organic
for rent houses,23,23,390,55,0.57,https://www.reedyandcompany.com/rental-properties/,0,0,0.00,0.65,250000000,"[13,55,45,24,16,20,13,30,36,24,16,30]",2026-04-13,"Knowledge panel, Video, Image, Related searches",informational,Organic
landlord tenant reference letter template,49,49,320,14,0.88,https://www.reedyandcompany.com/blog/the-tenant-reference-letter-tips-and-best-practices-for-memphis-landlords/,0,0,0.00,0.67,2780000,"[13,100,20,20,20,16,6,16,36,6,5,8]",2026-03-29,"Image pack, Video, Image, People also ask, Related searches",informational,Organic
tenantsverify com,33,33,390,9,0.00,https://www.reedyandcompany.com/blog/7-tips-every-rental-property-owner-should-know/,0,0,0.00,0,2850,"[100,0,0,0,0,0]",2026-03-04,"Image pack, Sitelinks, Video, Ads bottom, Related searches",informational,Organic
tenantsverify com,62,62,390,9,0.00,https://www.reedyandcompany.com/blog/7-tips-every-rental-property-owner-should-know/,0,0,0.00,0,2850,"[100,0,0,0,0,0]",2026-03-04,"Image pack, Sitelinks, Video, Ads bottom, Related searches",informational,Organic
advertise your rental,43,43,40,18,0.00,https://www.reedyandcompany.com/blog/5-best-ways-to-advertise-your-rental-property-online/,0,0,0.00,0.86,130,"[44,33,100,55,77,22,44,55,33,22,22,22]",2026-04-09,"Sitelinks, Video, Ads bottom, People also ask, Related searches, AI overview",commercial,Organic
advertise your rental,73,73,40,18,0.00,https://www.reedyandcompany.com/blog/5-best-ways-to-advertise-your-rental-property-online/,0,0,0.00,0.86,130,"[44,33,100,55,77,22,44,55,33,22,22,22]",2026-04-09,"Sitelinks, Video, Ads bottom, People also ask, Related searches, AI overview",commercial,Organic
memphis neighborhood map,3,3,110,19,0.00,https://www.reedyandcompany.com/blog/exploring-the-best-memphis-neighborhoods-for-investors/,0,0,0.00,0.04,6670000,"[28,21,43,43,43,6,43,65,34,34,34,43]",2026-03-05,"Image pack, Sitelinks, Video, Image, People also ask, Related searches",informational,People also ask
phase 1 memphis tn,69,69,50,19,0.00,https://www.reedyandcompany.com/property-management/multi-family/,0,0,0.00,0.33,6300000,"[26,19,26,26,19,19,19,19,19,7,7,7]",2026-04-22,"Knowledge panel, Video, Image, Related searches",informational,Organic
what is a landlord inspection,20,20,50,14,0.00,https://www.reedyandcompany.com/blog/what-can-a-landlord-look-at-during-an-inspection/,0,0,0.00,0.02,38700000,"[23,23,42,33,19,19,33,23,33,14,42,23]",2026-04-08,"Sitelinks, Video, Video Carousel, Related searches, AI overview",informational,Organic
poplar plaza apartments,71,71,90,26,0.00,https://www.reedyandcompany.com/property-management/multi-family/,0,0,0.00,0.03,683000,"[63,45,45,81,100,81,63,63,81,81,100,100]",2026-04-02,"Knowledge panel, Image, Related searches","informational, transactional",Organic
best rental property management,28,28,70,90,5.40,https://www.reedyandcompany.com/,0,0,0.00,0.61,215000000,"[17,11,64,64,64,100,41,29,23,17,11,64]",2026-04-20,"Local pack, Sitelinks, Video, Ads bottom, Related searches, Discussions and forums",commercial,Organic
how to write lease agreement,45,45,70,36,0.00,https://www.reedyandcompany.com/blog/how-to-write-a-rental-property-lease-agreement/,0,0,0.00,0,0,"[14,81,2,2,10,0,22,8,4,8,18,10]",2026-03-10,"Image pack, Sitelinks, Video, Video Carousel, Related searches, Discussions and forums",informational,Organic
emotional support animal laws tennessee,1,1,70,18,1.12,https://www.reedyandcompany.com/blog/when-can-a-landlord-legally-reject-an-esa/,0,0,0.00,0.52,2300000,"[26,42,34,34,26,19,26,19,19,26,7,7]",2026-04-03,"Sitelinks, Video, Related searches, AI overview",informational,AI overview
emotional support animal laws tennessee,36,36,70,18,1.12,https://www.reedyandcompany.com/blog/when-can-a-landlord-legally-reject-an-esa/,0,0,0.00,0.52,2300000,"[26,42,34,34,26,19,26,19,19,26,7,7]",2026-04-03,"Sitelinks, Video, Related searches, AI overview",informational,Organic
house and apartment difference,20,20,90,8,0.00,https://www.reedyandcompany.com/blog/apartment-vs-a-house-which-is-better-for-your-needs/,0,0,0.00,0,356000000,"[78,50,50,64,64,64,64,78,78,64,78,100]",2026-04-12,"Image pack, Sitelinks, Video, People also ask, Related searches, Discussions and forums, AI overview",informational,Organic
what is an apartment home,45,45,140,10,0.00,https://www.reedyandcompany.com/blog/apartment-vs-a-house-which-is-better-for-your-needs/,0,0,0.00,0,1530000000,"[34,42,53,53,65,53,65,53,53,53,53,42]",2026-04-04,"Sitelinks, Video, People also ask, Related searches, AI overview",informational,Organic
aparptments,3,3,110,75,0.79,https://www.reedyandcompany.com/blog/what-are-the-different-types-of-apartments/,0,0,0.00,0.25,1950000000,"[100,0,5,0,0,0,0,0,0,0,0,0]",2026-04-08,"Local pack, Sitelinks, Video, People also ask, Related searches, Things to know",navigational,Things to know
property management how does it work,69,69,90,24,1.53,https://www.reedyandcompany.com/blog/local-landlords-handling-property-management-duties-in-house-vs-hiring-a-management-company/,0,0,0.00,0.36,930000000,"[64,50,64,64,100,100,64,64,50,64,64,64]",2026-03-17,"Sitelinks, Video, Video Carousel, Related searches, AI overview",informational,Organic
real estate companies with rental properties,59,59,40,82,1.25,https://www.reedyandcompany.com/rental-properties/,0,0,0.00,0.61,62200000,"[8,11,6,11,11,8,11,6,3,3,3,3]",2026-04-15,"Local pack, Related searches",commercial,Organic
real estate companies with rental properties,65,65,40,82,1.25,https://www.reedyandcompany.com/rental-properties/,0,0,0.00,0.61,62200000,"[8,11,6,11,11,8,11,6,3,3,3,3]",2026-04-15,"Local pack, Related searches",commercial,Organic
memphis best rentals,41,41,390,31,0.80,https://www.reedyandcompany.com/rental-properties/,0,0,0.00,0.23,10900000,"[54,44,54,54,44,54,36,44,36,36,29,36]",2026-04-14,"Knowledge panel, Sitelinks, Video, Related searches","commercial, navigational",Organic
house for rent in raleigh memphis,59,59,40,10,0.31,https://www.reedyandcompany.com/rental-properties/,0,0,0.00,0.73,124,"[55,0,11,0,0,77,11,55,77,77,77,77]",2026-04-06,Related searches,commercial,Organic
property management companies apartments,64,64,390,83,2.87,https://www.reedyandcompany.com/,0,0,0.00,0.46,41100000,"[2,1,0,100,0,0,3,2,1,1,0,0]",2026-04-12,"Local pack, Related searches",commercial,Organic
apartrment,2,2,90,89,0.79,https://www.reedyandcompany.com/blog/what-are-the-different-types-of-apartments/,0,0,0.00,0.25,941000000,"[100,0,0,0,0,0,0,0,0,0,0,0]",2026-03-20,"Local pack, Video, Image, Related searches, Things to know",commercial,Things to know
rental homes easy approval,37,37,30,45,1.25,https://www.reedyandcompany.com/rental-properties/,0,0,0.00,1,0,"[44,22,100,44,22,22,22,22,22,22,22,22]",2026-03-09,"Video, Related searches, AI overview",informational,Organic
apartments allowing more than 2 pets,2,0,30,4,1.66,https://www.reedyandcompany.com/blog/declining-tenants-over-pets-whats-the-legal-stand/,0,0,0.00,0.6,26300000,"[100,18,18,18,18,18,18,18,18,18,18,18]",2026-04-27,"Sitelinks, Video, Ads bottom, People also ask, Related searches, AI overview",informational,People also ask
addendum to rental agreement,36,36,260,24,1.33,https://www.reedyandcompany.com/blog/how-to-incorporate-an-addendum-to-your-lease-agreement/,0,0,0.00,0.69,3860000,"[100,6,44,44,29,36,36,36,15,9,23,36]",2026-04-21,"Image pack, Video, People also ask, Related searches, AI overview",informational,Organic
addendum to rental agreement,87,87,260,24,1.33,https://www.reedyandcompany.com/blog/how-to-incorporate-an-addendum-to-your-lease-agreement/,0,0,0.00,0.69,3860000,"[100,6,44,44,29,36,36,36,15,9,23,36]",2026-04-21,"Image pack, Video, People also ask, Related searches, AI overview",informational,Organic
addendum to rental agreement,90,90,260,24,1.33,https://www.reedyandcompany.com/blog/how-to-incorporate-an-addendum-to-your-lease-agreement/,0,0,0.00,0.69,3860000,"[100,6,44,44,29,36,36,36,15,9,23,36]",2026-04-21,"Image pack, Video, People also ask, Related searches, AI overview",informational,Organic
property management in memphis,66,66,70,50,2.86,https://www.reedyandcompany.com/rental-properties/,0,0,0.00,0.47,39400000,"[100,45,45,45,27,36,63,81,81,81,63,100]",2026-03-23,"Local pack, Sitelinks, Video, Image, Related searches",commercial,Organic
property management in memphis,90,90,70,50,2.86,https://www.reedyandcompany.com/rental-properties/,0,0,0.00,0.47,39400000,"[100,45,45,45,27,36,63,81,81,81,63,100]",2026-03-23,"Local pack, Sitelinks, Video, Image, Related searches",commercial,Organic
pets that are good for apartments,78,78,1000,16,0.03,https://www.reedyandcompany.com/blog/apartment-living-with-pets-what-you-need-to-know/,0,0,0.00,0.03,0,"[11,100,1,0,0,1,1,0,44,82,100,82]",2026-03-07,"Sitelinks, Video, Related searches, Discussions and forums, AI overview",commercial,Organic
how much does it cost to file eviction papers,69,69,40,26,0.00,https://www.reedyandcompany.com/blog/can-a-landlord-charge-for-eviction-fees-in-tennessee/,0,0,0.00,0,6210000,"[0,23,23,0,19,33,33,23,33,4,9,19]",2026-04-18,"Sitelinks, Video, Related searches, AI overview",informational,Organic
recommendation letter for tenants,6,6,110,4,0.76,https://www.reedyandcompany.com/blog/the-tenant-reference-letter-tips-and-best-practices-for-memphis-landlords/,0,0,0.00,0.68,4830000,"[0,80,100,65,26,65,80,42,34,11,15,15]",2026-04-11,"Image pack, Sitelinks, Video, Image, People also ask, Related searches, Discussions and forums",informational,Organic
no lease agreement,6,6,90,12,1.63,https://www.reedyandcompany.com/blog/understanding-tenant-rights-without-a-lease-agreement/,0,0,0.00,0.05,183000000,"[42,33,42,66,52,42,52,52,33,33,33,23]",2026-04-26,"Sitelinks, Video, People also ask, Related searches, Discussions and forums, AI overview",informational,Organic
real estate websites for rentals,92,92,50,99,1.67,https://www.reedyandcompany.com/rental-properties/,0,0,0.00,0.28,121000000,"[6,0,3,3,3,9,28,21,100,9,9,6]",2026-03-24,"Sitelinks, Video, Related searches, AI overview","commercial, informational",Organic
median home price memphis tn 2025,16,16,70,18,0.00,https://www.reedyandcompany.com/blog/the-2025-memphis-real-estate-market-trends-you-need-to-know/,0,0,0.00,0,120,"[100,77,55,55]",2026-03-23,"Sitelinks, Video, Related searches, AI overview",informational,Organic
companies that will rent your house for you,71,71,30,61,10.04,https://www.reedyandcompany.com/,0,0,0.00,0.97,0,"[100,18,27,18,18,18,36,36,27,27,18,27]",2026-03-15,"Sitelinks, Video, Related searches, Discussions and forums, AI overview",informational,Organic
move in inspection list,27,27,260,21,1.06,https://www.reedyandcompany.com/blog/ultimate-move-out-inspection-checklist-for-a-smooth-transition/,0,0,0.00,0.27,0,"[82,66,100,53,100,82,82,35,66,23,82,17]",2026-03-13,"Video, Related searches, AI overview",informational,Organic
houses for rent in memphis no credit check,42,42,140,29,0.23,https://www.reedyandcompany.com/rental-properties/,0,0,0.00,0.27,1520000,"[29,35,14,18,35,35,29,14,22,29,22,22]",2026-04-04,"Video, Related searches",commercial,Organic
claridge house memphis,58,58,140,6,0.85,https://www.reedyandcompany.com/property-management/multi-family/,0,0,0.00,0.08,120000,"[29,22,29,35,29,35,43,35,35,35,29,22]",2026-04-17,"Knowledge panel, Sitelinks, Video, Image, Related searches",informational,Organic
2 bed rooms,1,1,70,21,1.46,https://www.reedyandcompany.com/blog/what-are-the-different-types-of-apartments/,0,0,0.00,0.62,1830000000,"[45,63,81,81,100,63,63,63,63,45,63,63]",2026-03-05,"Image pack, Sitelinks, Video, People also ask, Related searches, AI overview",informational,People also ask
tennessee security deposit law,19,19,50,11,0.00,https://www.reedyandcompany.com/blog/security-deposit-law-what-memphis-landlords-can-and-cant-do/,0,0,0.00,0.33,130,"[52,41,41,41,41,64,52,41,11,11,17,11]",2026-03-08,"Video, Related searches, AI overview",informational,Organic
apaertments,2,2,320,87,0.79,https://www.reedyandcompany.com/blog/what-are-the-different-types-of-apartments/,0,0,0.00,0.25,160,"[20,5,8,0,5,5,0,0,0,0,0,66]",2026-04-23,"Local pack, Sitelinks, Video, Image, People also ask, Related searches, Things to know",navigational,Things to know
can landlord charge for painting,16,16,110,0,0.00,https://www.reedyandcompany.com/blog/can-a-landlord-charge-for-painting-the-rental-property/,0,0,0.00,0,126,"[34,28,34,53,28,21,34,53,34,28,34,43]",2026-04-17,"Sitelinks, Video, Related searches, Discussions and forums, AI overview",informational,Organic
apartment management companies near me,29,29,390,55,3.03,https://www.reedyandcompany.com/,0,0,0.00,0.39,190,"[66,100,100,66,54,44,66,44,81,44,44,35]",2026-04-09,"Local pack, Related searches",transactional,Organic
screen and rent,34,34,50,45,0.00,https://www.reedyandcompany.com/blog/why-you-should-screen-tenants-during-the-rental-application-process/,0,0,0.00,0,152,"[27,9,9,9,0,0,81,63,100,63,81,81]",2026-03-25,"Sitelinks, Video, Video Carousel, Related searches",informational,Organic
rental companies memphis tn,52,52,390,56,1.09,https://www.reedyandcompany.com/rental-properties/,0,0,0.00,0.43,4330000,"[72,72,48,26,32,39,39,26,26,21,21,21]",2026-04-13,"Local pack, Sitelinks, Video, Image, Related searches",commercial,Organic
rental property management company near me,29,29,110,58,6.11,https://www.reedyandcompany.com/,0,0,0.00,0.62,220000000,"[23,6,9,5,4,19,23,23,36,12,12,6]",2026-04-24,"Local pack, People also ask, Related searches",transactional,Organic
rental property management company near me,36,36,110,58,6.11,https://www.reedyandcompany.com/,0,0,0.00,0.62,220000000,"[23,6,9,5,4,19,23,23,36,12,12,6]",2026-04-24,"Local pack, People also ask, Related searches",transactional,Organic
240 flats apartments,44,44,30,22,0.69,https://www.reedyandcompany.com/property-management/multi-family/,0,0,0.00,0.52,92,"[18,18,18,100,18,18,18,18,18,18,18,18]",2026-04-11,"Knowledge panel, Sitelinks, Video, Related searches",navigational,Organic
property rental brands,88,88,50,34,0.00,https://www.reedyandcompany.com/,0,0,0.00,0.23,81100000,"[6,6,6,6,6,6,6,6,100,6,6,6]",2026-03-24,"Video, People also ask, Related searches, AI overview",informational,Organic
leco realty inc property management memphis tn,14,14,50,33,0.87,https://www.reedyandcompany.com/,0,0,0.00,0.23,1670,"[100,100,18,18,18,18,81,63,36,45,18,18]",2026-04-17,"Knowledge panel, People also ask, Related searches",informational,Organic
leco realty inc property management memphis tn,60,60,50,33,0.87,https://www.reedyandcompany.com/rental-properties/,0,0,0.00,0.23,1670,"[100,100,18,18,18,18,81,63,36,45,18,18]",2026-04-17,"Knowledge panel, People also ask, Related searches",informational,Organic
property management companies multiple states single-family rentals,56,56,40,52,0.00,https://www.reedyandcompany.com/,0,0,0.00,0,1020000000,"[77,100,11,11]",2026-03-25,"Sitelinks, Video, Ads top, Related searches, Ads middle",commercial,Organic
rental properies,11,11,30,72,0.67,https://www.reedyandcompany.com/rental-properties/,0,0,0.00,0.39,0,"[11,3,0,0,0,0,1,2,2,0,0,0]",2026-03-10,"Local pack, Video, Related searches",commercial,Organic
rental home properties,18,18,140,97,1.05,https://www.reedyandcompany.com/rental-properties/,0,0,0.00,0.57,224000000,"[35,8,23,23,23,23,23,35,18,18,18,18]",2026-03-23,"Local pack, Related searches",commercial,Organic
rental home properties,20,20,140,97,1.05,https://www.reedyandcompany.com/rental-properties/,0,0,0.00,0.57,224000000,"[35,8,23,23,23,23,23,35,18,18,18,18]",2026-03-23,"Local pack, Related searches",commercial,Organic
difference between an apartment and a house,13,13,110,21,0.00,https://www.reedyandcompany.com/blog/apartment-vs-a-house-which-is-better-for-your-needs/,0,0,0.00,0,299000000,"[64,64,78,64,100,100,64,50,78,78,78,78]",2026-03-14,"Sitelinks, Video, Image, Video Carousel, Related searches, AI overview",informational,Organic
real estate rehab,6,6,50,7,0.00,https://www.reedyandcompany.com/blog/6-mistakes-that-kill-real-estate-rehab-roi-and-how-to-avoid-them/,0,0,0.00,0.02,38100000,"[45,36,27,9,27,36,63,63,45,36,36,100]",2026-04-20,"Local pack, Sitelinks, Video, People also ask, Related searches",commercial,Organic
real estate rehab,23,23,50,7,0.00,https://www.reedyandcompany.com/blog/property-rehab-a-lucrative-opportunity-for-real-estate-investors/,0,0,0.00,0.02,38100000,"[45,36,27,9,27,36,63,63,45,36,36,100]",2026-04-20,"Local pack, Sitelinks, Video, People also ask, Related searches",commercial,Organic
real estate rehab,33,33,50,7,0.00,https://www.reedyandcompany.com/blog/giving-rehab-property-a-makeover-a-real-estate-investors-guide/,0,0,0.00,0.02,38100000,"[45,36,27,9,27,36,63,63,45,36,36,100]",2026-04-20,"Local pack, Sitelinks, Video, People also ask, Related searches",commercial,Organic
home rentals companies,34,34,260,96,2.60,https://www.reedyandcompany.com/,0,0,0.00,0.65,94300000,"[0,0,100,0,0,0,0,0,0,0,0,0]",2026-04-23,"Local pack, Video, People also ask, Related searches",commercial,Organic
revid realty,39,39,390,43,1.06,https://www.reedyandcompany.com/,0,0,0.00,0.02,6470,"[54,67,100,23,36,23,67,44,54,29,10,12]",2026-04-03,"Knowledge panel, Sitelinks, Related searches",navigational,Organic
revid realty,54,54,390,43,1.06,https://www.reedyandcompany.com/property-management/,0,0,0.00,0.02,6470,"[54,67,100,23,36,23,67,44,54,29,10,12]",2026-04-03,"Knowledge panel, Sitelinks, Related searches",navigational,Organic
revid realty,56,56,390,43,1.06,https://www.reedyandcompany.com/property-management/single-family/,0,0,0.00,0.02,6470,"[54,67,100,23,36,23,67,44,54,29,10,12]",2026-04-03,"Knowledge panel, Sitelinks, Related searches",navigational,Organic
revid realty,60,60,390,43,1.06,https://www.reedyandcompany.com/rental-properties/,0,0,0.00,0.02,6470,"[54,67,100,23,36,23,67,44,54,29,10,12]",2026-04-03,"Knowledge panel, Sitelinks, Related searches",navigational,Organic
foundation property management memphis,7,7,70,33,0.00,https://www.reedyandcompany.com/blog/what-landlords-cant-do-in-memphis/,0,0,0.00,0.06,4510000,"[5,8,13,8,5,3,2,3,5,5,5,5]",2026-04-20,"Knowledge panel, Sitelinks, People also ask, Related searches",navigational,People also ask
what are amenities in apartments,23,23,110,15,0.00,https://www.reedyandcompany.com/blog/7-apartment-amenities-to-look-out-for-during-your-search/,0,0,0.00,0.02,142,"[41,52,100,64,82,82,52,64,64,82,64,82]",2026-03-28,"Sitelinks, Video, Related searches, AI overview",informational,Organic
newberry heights memphis tn,53,36,70,7,0.00,https://www.reedyandcompany.com/property-management/multi-family/,0,0,0.00,0.07,89,"[45,81,63,63,63,63,45,45,63,63,45,63]",2026-04-27,"Knowledge panel, Video, Image, People also ask, Related searches",informational,Organic
best cities investment property,65,65,40,13,1.61,https://www.reedyandcompany.com/blog/figuring-out-the-best-place-to-buy-a-rental-property/,0,0,0.00,0.28,0,"[0,0,0,0,12,6,28,28,9,12,21,21]",2026-03-09,"Sitelinks, Video, Related searches, AI overview",commercial,Organic
are pigs allowed in apartments,40,40,40,16,0.00,https://www.reedyandcompany.com/blog/apartment-living-with-pets-what-you-need-to-know/,0,0,0.00,0,2470000,"[33,11,11,11,33,22,77,77,100,55,55,100]",2026-04-14,"Sitelinks, Video, Related searches, AI overview",informational,Organic
what makes a great property manager,72,72,40,5,0.59,https://www.reedyandcompany.com/blog/top-4-qualities-effective-property-manager/,0,0,0.00,0.46,167000000,"[9,9,14,9,14,14,19,23,23,33,33,19]",2026-03-13,"Video, Related searches, Discussions and forums, AI overview",informational,Organic
what makes a great property manager,96,96,40,5,0.59,https://www.reedyandcompany.com/blog/top-4-qualities-effective-property-manager/,0,0,0.00,0.46,167000000,"[9,9,14,9,14,14,19,23,23,33,33,19]",2026-03-13,"Video, Related searches, Discussions and forums, AI overview",informational,Organic
can esa animals be denied,27,27,30,24,0.71,https://www.reedyandcompany.com/blog/when-can-a-landlord-legally-reject-an-esa/,0,0,0.00,0.27,1260000,"[18,18,18,18,36,18,18,100,18,18,18,18]",2026-03-13,"Sitelinks, Video, Video Carousel, Related searches, AI overview",informational,Organic
questions to ask prospective tenants,29,29,390,15,0.13,https://www.reedyandcompany.com/blog/7-questions-to-ask-prospective-tenants-of-your-rental-property/,0,0,0.00,0.49,5160000,"[66,66,100,54,54,36,54,44,36,44,23,23]",2026-03-22,"Image pack, Sitelinks, Video, People also ask, Related searches, AI overview",informational,Organic
cresfund property management,35,35,110,13,1.35,https://www.reedyandcompany.com/,0,0,0.00,0.05,2980,"[80,34,26,26,26,42,65,80,34,65,53,42]",2026-04-26,"Local pack, Sitelinks, Video, Related searches",navigational,Organic
cresfund property management,46,46,110,13,1.35,https://www.reedyandcompany.com/,0,0,0.00,0.05,2980,"[80,34,26,26,26,42,65,80,34,65,53,42]",2026-04-26,"Local pack, Sitelinks, Video, Related searches",navigational,Organic
house.rent,39,39,110,81,0.57,https://www.reedyandcompany.com/rental-properties/,0,0,0.00,0.65,1090000000,"[0,0,0,0,0,0,100,0,0,0,0,0]",2026-04-15,"Local pack, Video, Image","commercial, informational",Organic
rental home listing,20,20,40,66,1.56,https://www.reedyandcompany.com/rental-properties/,0,0,0.00,0.61,139,"[9,14,14,19,19,33,33,19,14,14,9,9]",2026-04-20,"Video, Ads top, Related searches, Ads middle, AI overview","commercial, informational",Organic
rental home listing,23,23,40,66,1.56,https://www.reedyandcompany.com/rental-properties/,0,0,0.00,0.61,139,"[9,14,14,19,19,33,33,19,14,14,9,9]",2026-04-20,"Video, Ads top, Related searches, Ads middle, AI overview","commercial, informational",Organic
rental home listing,55,55,40,66,1.56,https://www.reedyandcompany.com/rental-properties/,0,0,0.00,0.61,139,"[9,14,14,19,19,33,33,19,14,14,9,9]",2026-04-20,"Video, Ads top, Related searches, Ads middle, AI overview","commercial, informational",Organic
houses for rent that accept hud by owner,1,1,110,29,0.21,https://www.reedyandcompany.com/blog/section-8-houses-for-rent-by-owner-tips-for-memphis-landlords/,0,0,0.00,0.29,117,"[78,78,78,78,50,78,64,78,78,78,78,100]",2026-03-22,"People also ask, Related searches, AI overview",informational,AI overview
houses for rent that accept hud by owner,8,8,110,29,0.21,https://www.reedyandcompany.com/blog/section-8-houses-for-rent-by-owner-tips-for-memphis-landlords/,0,0,0.00,0.29,117,"[78,78,78,78,50,78,64,78,78,78,78,100]",2026-03-22,"People also ask, Related searches, AI overview",informational,Organic
leco property management,12,12,90,34,0.00,https://www.reedyandcompany.com/,0,0,0.00,0.02,320000,"[33,52,52,66,52,42,33,33,52,66,42,33]",2026-04-11,"Knowledge panel, People also ask, Related searches",informational,Organic
leco property management,72,72,90,34,0.00,https://www.reedyandcompany.com/rental-properties/,0,0,0.00,0.02,320000,"[33,52,52,66,52,42,33,33,52,66,42,33]",2026-04-11,"Knowledge panel, People also ask, Related searches",informational,Organic
can a landlord charge for repainting,14,14,110,3,0.00,https://www.reedyandcompany.com/blog/can-a-landlord-charge-for-painting-the-rental-property/,0,0,0.00,0,683000,"[66,80,80,52,66,52,66,33,42,23,23,33]",2026-04-09,"Sitelinks, Video, Featured snippet, People also ask, Related searches, Discussions and forums",informational,Organic
regency apartments west memphis,83,83,70,26,0.82,https://www.reedyandcompany.com/property-management/multi-family/,0,0,0.00,0.24,260000,"[64,11,11,23,23,82,100,52,23,52,11,11]",2026-04-11,"Knowledge panel, Sitelinks, Video, Image, Related searches, AI overview",informational,Organic
amazon new allen,75,75,110,31,0.00,https://www.reedyandcompany.com/blog/memphis-welcome-second-amazon-facility/,0,0,0.00,0,369000000,"[29,22,10,22,43,29,22,14,29,22,14,14]",2026-03-30,"Knowledge panel, Video, Related searches",navigational,Organic
property management companies in tennessee,1,1,50,44,6.39,https://www.reedyandcompany.com/,0,0,0.00,0.41,70700000,"[35,64,35,35,50,35,35,35,21,21,14,14]",2026-04-01,"Local pack, Video, Related searches, AI overview",commercial,AI overview
property management companies in tennessee,24,24,50,44,6.39,https://www.reedyandcompany.com/,0,0,0.00,0.41,70700000,"[35,64,35,35,50,35,35,35,21,21,14,14]",2026-04-01,"Local pack, Video, Related searches, AI overview",commercial,Organic
the shift apartments,10,10,90,31,2.02,https://www.reedyandcompany.com/property-management/multi-family/,0,0,0.00,0.48,95,"[42,53,42,42,34,26,26,26,26,26,26,26]",2026-04-07,"Local pack, Sitelinks, Image, Related searches",commercial,Organic
the shift apartments,19,19,90,31,2.02,https://www.reedyandcompany.com/property-management/multi-family/,0,0,0.00,0.48,95,"[42,53,42,42,34,26,26,26,26,26,26,26]",2026-04-07,"Local pack, Sitelinks, Image, Related searches",commercial,Organic
title companies memphis,78,78,50,42,2.07,https://www.reedyandcompany.com/,0,0,0.00,0.08,0,"[18,27,27,9,36,36,63,81,100,63,63,63]",2026-03-12,"Local pack, Sitelinks, Related searches",commercial,Organic
renewing lease agreement,40,40,50,22,1.54,https://www.reedyandcompany.com/blog/6-things-to-include-in-lease-renewal-agreements/,0,0,0.00,0.98,11500000,"[29,11,23,11,23,17,41,5,17,17,100,29]",2026-04-21,"Sitelinks, Video, People also ask, Related searches, AI overview",informational,Organic
renewing lease agreement,52,52,50,22,1.54,https://www.reedyandcompany.com/blog/6-things-to-include-in-lease-renewal-agreements/,0,0,0.00,0.98,11500000,"[29,11,23,11,23,17,41,5,17,17,100,29]",2026-04-21,"Sitelinks, Video, People also ask, Related searches, AI overview",informational,Organic
split up rent payments,28,28,40,21,2.54,https://www.reedyandcompany.com/blog/how-to-split-rent-in-your-apartment/,0,0,0.00,0.88,0,"[57,28,42,57,28,71,100,71,57,71,42,71]",2026-03-16,"Sitelinks, Video, Related searches, AI overview",informational,Organic
houses for rent in memphis tn 38114,29,29,70,14,0.31,https://www.reedyandcompany.com/rental-properties/,0,0,0.00,0.5,128,"[29,41,17,29,41,41,29,41,41,41,41,41]",2026-04-06,Related searches,informational,Organic
letting family live in second home rent-free gift tax,5,5,40,0,0.00,https://www.reedyandcompany.com/blog/rent-to-a-family-member-tax-rules-you-should-know/,0,0,0.00,0.33,5100000,"[52,64,52,17,0,5,5,5,5,5,5,29]",2026-04-13,"Sitelinks, Video, Related searches, Discussions and forums, AI overview",informational,Organic
memphis renters insurance,40,40,50,17,20.90,https://www.reedyandcompany.com/blog/can-a-landlord-require-renters-insurance-all-you-need-to-know/,0,0,0.00,0.96,1120000,"[77,77,44,33,22,0,0,11,100,77,77,100]",2026-04-25,"Image, People also ask, Related searches, Discussions and forums, AI overview","commercial, informational",Organic
kismet property management llc,30,30,50,24,0.00,https://www.reedyandcompany.com/,0,0,0.00,0.04,0,"[11,11,11,11,64,100,64,11,11,11,11,11]",2026-03-16,"Knowledge panel, Sitelinks, Related searches",navigational,Organic
rental in memphis,5,5,40,49,0.83,https://www.reedyandcompany.com/rental-properties/,0,0,0.00,0.68,57800000,"[7,0,7,14,64,64,50,7,14,35,28,14]",2026-04-21,"Local pack, Video, Image, Related searches",commercial,Organic
rental in memphis,36,36,40,49,0.83,https://www.reedyandcompany.com/,0,0,0.00,0.68,57800000,"[7,0,7,14,64,64,50,7,14,35,28,14]",2026-04-21,"Local pack, Video, Image, Related searches",commercial,Organic
management for rental properties,88,88,210,42,6.39,https://www.reedyandcompany.com/,0,0,0.00,0.54,153,"[2,3,2,7,2,46,5,13,20,8,2,2]",2026-04-01,"Local pack, Video, Related searches",commercial,Organic
process of renting a house,45,45,110,19,0.76,https://www.reedyandcompany.com/blog/a-beginners-guide-to-renting-out-a-house-for-the-first-time/,0,0,0.00,0.26,116000000,"[66,80,66,66,80,66,52,33,33,33,80,33]",2026-04-25,"Sitelinks, Video, Video Carousel, People also ask, Related searches, Discussions and forums, AI overview",informational,Organic
valuing rental property,29,29,70,20,2.08,https://www.reedyandcompany.com/blog/top-strategies-for-accurate-rental-property-valuation/,0,0,0.00,0.32,73000000,"[78,64,78,50,28,100,64,28,21,35,14,14]",2026-04-17,"Sitelinks, Video, Video Carousel, Related searches, AI overview",informational,Organic
valuing rental property,34,34,70,20,2.08,https://www.reedyandcompany.com/blog/top-strategies-for-accurate-rental-property-valuation/,0,0,0.00,0.32,73000000,"[78,64,78,50,28,100,64,28,21,35,14,14]",2026-04-17,"Sitelinks, Video, Video Carousel, Related searches, AI overview",informational,Organic
types of apartment,42,42,90,33,0.95,https://www.reedyandcompany.com/blog/what-are-the-different-types-of-apartments/,0,0,0.00,0,135,"[66,1,1,1,4,0,29,1,1,0,36,1]",2026-04-02,"Sitelinks, Video, Video Carousel, Related searches, AI overview",informational,Organic
normal tear and wear,21,21,40,36,0.09,https://www.reedyandcompany.com/blog/what-is-normal-wear-and-tear-in-a-rental-home/,0,0,0.00,0.03,351000000,"[5,0,0,2,0,0,5,4,2,4,2,29]",2026-04-26,"Image pack, Sitelinks, Video, Video Carousel, People also ask, Related searches, Discussions and forums",informational,Organic
normal tear and wear,35,35,40,36,0.09,https://www.reedyandcompany.com/blog/what-is-normal-wear-and-tear-in-a-rental-home/,0,0,0.00,0.03,351000000,"[5,0,0,2,0,0,5,4,2,4,2,29]",2026-04-26,"Image pack, Sitelinks, Video, Video Carousel, People also ask, Related searches, Discussions and forums",informational,Organic
summer ave drive-in redevelopment memphis,87,87,50,14,0.00,https://www.reedyandcompany.com/blog/memphis-welcome-second-amazon-facility/,0,0,0.00,0,1570000,"[43,100,0,0,0,0,0,0]",2026-04-09,"Knowledge panel, Sitelinks, Video, Related searches",informational,Organic
eviction of tenant without lease,91,91,40,34,1.37,https://www.reedyandcompany.com/blog/understanding-tenant-rights-without-a-lease-agreement/,0,0,0.00,0.19,15000000,"[45,36,45,9,0,63,63,36,63,36,9,18]",2026-04-22,"Video, Featured snippet, Video Carousel, People also ask, Related searches",informational,Organic
vacancy rate formula,10,10,110,9,0.00,https://www.reedyandcompany.com/blog/what-is-your-vacancy-rate-keeping-your-cash-flow-stable/,0,0,0.00,0.01,16100000,"[65,65,53,53,42,42,53,42,42,42,26,34]",2026-04-17,"Image pack, Sitelinks, Video, People also ask, Related searches, AI overview",informational,Organic
rj property management memphis,37,37,140,31,0.84,https://www.reedyandcompany.com/,0,0,0.00,0.02,534000,"[100,65,26,65,65,65,53,42,42,65,42,42]",2026-04-25,"Knowledge panel, Sitelinks, Video, People also ask, Related searches",navigational,Organic
do you have to pay tax on rent,92,92,170,29,0.00,https://www.reedyandcompany.com/blog/rent-to-a-family-member-tax-rules-you-should-know/,0,0,0.00,0,191000,"[80,42,80,100,53,80,53,26,42,53,80,26]",2026-04-26,"Sitelinks, Video, People also ask, Related searches, Discussions and forums, AI overview",informational,Organic
difference between landlord and property manager,28,28,50,13,0.00,https://www.reedyandcompany.com/blog/landlord-vs-property-manager-whats-the-difference/,0,0,0.00,0.03,160,"[11,29,29,41,41,52,41,29,29,23,23,23]",2026-03-05,"Video, People also ask, Related searches, AI overview",commercial,Organic
landlord credit check and background check,42,0,170,58,8.28,https://www.reedyandcompany.com/blog/everything-you-need-to-know-about-tenant-background-checks/,0,0,0.00,0.81,25300000,"[100,36,15,15,12,29,12,19,36,6,6,12]",2026-04-28,"Sitelinks, Video, Video Carousel, People also ask, Related searches, Discussions and forums, AI overview",informational,Organic
is property manager the same as landlord,16,16,40,0,0.00,https://www.reedyandcompany.com/blog/landlord-vs-property-manager-whats-the-difference/,0,0,0.00,0.33,155,"[28,42,28,28,100,71,71,100,57,71,42,28]",2026-03-12,"Sitelinks, Video, Related searches, AI overview","commercial, informational",Organic
is property manager the same as landlord,22,22,40,0,0.00,https://www.reedyandcompany.com/blog/landlord-vs-property-manager-whats-the-difference/,0,0,0.00,0.33,155,"[28,42,28,28,100,71,71,100,57,71,42,28]",2026-03-12,"Sitelinks, Video, Related searches, AI overview","commercial, informational",Organic
key check background check,25,25,90,23,1.64,https://www.reedyandcompany.com/blog/how-to-conduct-a-tenant-background-check-effectively/,0,0,0.00,0.47,1590000000,"[14,14,14,78,78,78,64,100,78,78,64,78]",2026-04-25,"Sitelinks, Video, Video Carousel, People also ask, Related searches, Discussions and forums",informational,Organic
apartmentys,2,2,110,71,0.79,https://www.reedyandcompany.com/blog/what-are-the-different-types-of-apartments/,0,0,0.00,0.25,2010000000,"[20,0,0,7,0,0,0,0,7,0,5,0]",2026-03-24,"Local pack, Sitelinks, Video, Image, Ads bottom, Related searches, Things to know",navigational,Things to know
luxury hotel memphis tn,4,4,170,28,1.09,https://www.reedyandcompany.com/blog/exploring-the-best-memphis-neighborhoods-for-investors/,0,0,0.00,0.18,731000,"[43,53,28,21,21,9,100,100,100,12,81,65]",2026-03-05,"Image pack, Video, Image, Hotels Pack, People also ask, Related searches","informational, transactional",People also ask
home rental companies memphis tn,51,51,140,53,0.85,https://www.reedyandcompany.com/rental-properties/,0,0,0.00,0.47,171,"[43,29,22,14,10,14,29,54,35,35,29,29]",2026-04-06,"Local pack, Sitelinks, Video, Related searches",commercial,Organic
home rental companies memphis tn,77,77,140,53,0.85,https://www.reedyandcompany.com/rental-properties/,0,0,0.00,0.47,171,"[43,29,22,14,10,14,29,54,35,35,29,29]",2026-04-06,"Local pack, Sitelinks, Video, Related searches",commercial,Organic
bantam springbrook apartments,66,66,110,19,0.87,https://www.reedyandcompany.com/property-management/multi-family/,0,0,0.00,0.11,7970,"[1,1,2,1,1,0,1,1,1,1,2,1]",2026-04-05,"Knowledge panel, Video, Image, Related searches",informational,Organic
rental prop,29,29,140,90,0.67,https://www.reedyandcompany.com/rental-properties/,0,0,0.00,0.39,3640000000,"[45,6,13,8,8,1,4,0,6,0,0,0]",2026-04-18,"Local pack, Video, Related searches",commercial,Organic
real estate investment analysis software,46,46,140,56,16.02,https://www.reedyandcompany.com/blog/a-guide-to-the-best-real-estate-investor-software/,0,0,0.00,0.48,134000000,"[34,12,34,43,65,28,81,100,43,9,15,21]",2026-03-20,"Sitelinks, Video, Related searches, AI overview",informational,Organic
splitting rent,26,26,170,27,1.92,https://www.reedyandcompany.com/blog/how-to-split-rent-in-your-apartment/,0,0,0.00,0.63,146,"[59,2,3,3,100,0,7,9,4,7,5,5]",2026-03-31,"Video, Video Carousel, Related searches, Short videos, AI overview",informational,Organic
importance of quick appliance repair for tenant satisfaction,13,13,50,0,0.00,https://www.reedyandcompany.com/blog/mastering-maintenance-requests-for-happy-tenants/,0,0,0.00,0,0,"[0,50,100,50,28,14,7]",2026-03-11,"Sitelinks, Video, Related searches, AI overview",informational,Organic
importance of quick appliance repair for tenant satisfaction,27,27,50,0,0.00,https://www.reedyandcompany.com/blog/mastering-maintenance-requests-for-happy-tenants/,0,0,0.00,0,0,"[0,50,100,50,28,14,7]",2026-03-11,"Sitelinks, Video, Related searches, AI overview",informational,Organic
what is normal wear and tear in an apartment,83,83,210,17,0.07,https://www.reedyandcompany.com/blog/what-is-normal-wear-and-tear-in-a-rental-home/,0,0,0.00,0.28,15700000,"[28,35,53,43,53,66,66,66,53,53,100,43]",2026-04-23,"Sitelinks, Video, People also ask, Related searches, Discussions and forums, AI overview",informational,Organic
renting out your house for the first time,44,44,30,19,3.73,https://www.reedyandcompany.com/blog/a-beginners-guide-to-renting-out-a-house-for-the-first-time/,0,0,0.00,0.73,0,"[75,100,50,75,75,100,50,50,50,50,50,50]",2026-03-15,"Sitelinks, Video, Related searches, Discussions and forums, AI overview","commercial, informational",Organic
frental,66,66,70,70,0.66,https://www.reedyandcompany.com/rental-properties/,0,0,0.00,0.33,153,"[0,0,0,0,0,0,0,0,100,0,0,0]",2026-03-24,"Video, Image, Related searches","commercial, informational",Organic
goldwynn apartments,38,38,70,8,0.61,https://www.reedyandcompany.com/property-management/multi-family/,0,0,0.00,0.14,58,"[28,34,21,15,21,15,21,21,21,15,21,21]",2026-03-22,"Local pack, Sitelinks, Video, Image, Related searches",navigational,Organic
wear and tear meaning,49,49,5400,47,0.87,https://www.reedyandcompany.com/blog/what-is-normal-wear-and-tear-in-a-rental-home/,0,0,0.00,0.01,322000000,"[81,81,81,100,100,81,81,100,81,81,81,66]",2026-04-23,"Video, People also ask, Related searches, AI overview",informational,Organic
renters near me,62,62,90,79,0.52,https://www.reedyandcompany.com/rental-properties/,0,0,0.00,0.62,40900000,"[3,30,2,45,0,0,6,2,0,0,0,0]",2026-04-04,"Local pack, Video, Related searches",transactional,Organic
property management companies johnson city tn,73,73,40,7,2.19,https://www.reedyandcompany.com/,0,0,0.00,0.25,8340000,"[4,4,22,22,4,4,4,4,4,4,4,4]",2026-04-09,"Local pack, Sitelinks, Video, People also ask, Related searches, Discussions and forums",commercial,Organic
wohnungen,1,1,260,44,0.44,https://www.reedyandcompany.com/blog/what-are-the-different-types-of-apartments/,0,0,0.00,0.01,32000000,"[23,36,44,6,19,15,36,100,15,54,44,81]",2026-03-19,"Image, Video Carousel, People also ask, Related searches, Things to know, AI overview",informational,Things to know
rental companies in memphis that accept bankruptcies,38,38,40,31,0.93,https://www.reedyandcompany.com/faqs/,0,0,0.00,0.26,85,"[9,33,23,23,19,9,14,14,9,14,14,14]",2026-04-25,"Local pack, Sitelinks, Video, People also ask, Related searches, Discussions and forums",commercial,Organic
real estate investors software,34,34,110,19,11.49,https://www.reedyandcompany.com/blog/a-guide-to-the-best-real-estate-investor-software/,0,0,0.00,0.15,132,"[26,19,19,34,42,34,100,100,42,42,42,53]",2026-04-24,"Sitelinks, Video, Video Carousel, People also ask, Related searches, Discussions and forums, AI overview","commercial, informational",Organic
insley apartments,85,85,140,21,0.53,https://www.reedyandcompany.com/property-management/multi-family/,0,0,0.00,0.08,164000,"[28,81,65,81,100,34,28,34,28,34,28,34]",2026-03-29,"Knowledge panel, Video, Image, People also ask, Related searches",informational,Organic
landlord tenant letter of recommendation,18,18,40,14,0.96,https://www.reedyandcompany.com/blog/the-tenant-reference-letter-tips-and-best-practices-for-memphis-landlords/,0,0,0.00,0.77,6100000,"[0,0,0,0,0,0,4,2,1,3,29,3]",2026-03-22,"Image pack, Sitelinks, Video, Image, Related searches",informational,Organic
landlord tenant letter of recommendation,24,24,40,14,0.96,https://www.reedyandcompany.com/blog/the-tenant-reference-letter-tips-and-best-practices-for-memphis-landlords/,0,0,0.00,0.77,6100000,"[0,0,0,0,0,0,4,2,1,3,29,3]",2026-03-22,"Image pack, Sitelinks, Video, Image, Related searches",informational,Organic
the coves at yale memphis tn,48,48,170,14,0.51,https://www.reedyandcompany.com/property-management/multi-family/,0,0,0.00,0.07,65,"[80,65,53,53,80,53,42,100,65,80,65,65]",2026-03-30,"Knowledge panel, Sitelinks, Image, Related searches",navigational,Organic
what are landlords allowed to do during an inspection,62,62,50,2,0.00,https://www.reedyandcompany.com/blog/can-landlords-do-inspections-in-memphis-tn-know-your-rights-and-responsibilities/,0,0,0.00,0.02,13800000,"[7,15,11,15,19,19,11,15,7,19,100,15]",2026-03-09,"Sitelinks, Video, Related searches, AI overview",informational,Organic
appertments,1,1,210,57,0.79,https://www.reedyandcompany.com/blog/what-are-the-different-types-of-apartments/,0,0,0.00,0.25,155,"[0,0,5,13,0,0,27,0,0,0,8,16]",2026-03-31,"Local pack, Sitelinks, Video, Image, People also ask, Related searches, Things to know",navigational,Things to know
4430 elvis presley,44,44,40,30,0.00,https://gracelandflats.reedyandcompany.com/,0,0,0.00,0.33,94600,"[0,0,0,18,45,27,45,100,45,100,18,18]",2026-04-14,"Knowledge panel, Image pack, Video, Image, Related searches",informational,Organic
can you let family live in your house rent free,1,1,50,4,0.00,https://www.reedyandcompany.com/blog/rent-to-a-family-member-tax-rules-you-should-know/,0,0,0.00,0.33,179,"[26,26,11,19,26,26,19,19,15,19,19,7]",2026-03-18,"Sitelinks, Video, Related searches, AI overview",informational,AI overview
can you let family live in your house rent free,19,19,50,4,0.00,https://www.reedyandcompany.com/blog/rent-to-a-family-member-tax-rules-you-should-know/,0,0,0.00,0.33,179,"[26,26,11,19,26,26,19,19,15,19,19,7]",2026-03-18,"Sitelinks, Video, Related searches, AI overview",informational,Organic
apartments apt,2,2,50,95,0.00,https://www.reedyandcompany.com/blog/what-are-the-different-types-of-apartments/,0,0,0.00,0,292000000,"[9,33,33,9,0,52,100,19,19,14,19,0]",2026-04-26,"Local pack, Sitelinks, Video, Image, People also ask, Related searches, Things to know",commercial,Things to know
edge of germantown apartments,79,79,70,27,1.40,https://www.reedyandcompany.com/property-management/multi-family/,0,0,0.00,0.49,491000,"[66,100,80,23,19,23,19,23,9,14,19,14]",2026-03-20,"Knowledge panel, Sitelinks, Image, Related searches",navigational,Organic
homes for rent 38133,13,13,90,12,0.39,https://www.reedyandcompany.com/rental-properties/,0,0,0.00,0.66,110,"[34,42,42,42,42,34,42,26,34,42,34,34]",2026-04-22,"Video, Related searches",informational,Organic
can i break a lease early,41,41,210,23,0.10,https://www.reedyandcompany.com/blog/can-a-landlord-break-a-lease-in-tennessee/,0,0,0.00,0.1,70600000,"[81,100,43,65,65,81,65,100,81,65,43,53]",2026-04-13,"Sitelinks, Video, Related searches, Short videos, Discussions and forums, AI overview",informational,Organic
can you pay rent late,18,18,40,11,0.00,https://www.reedyandcompany.com/blog/18-acceptable-reasons-for-late-rent-payments-a-landlords-guide/,0,0,0.00,0.33,310000000,"[36,45,45,27,36,18,63,100,27,18,18,18]",2026-04-26,"Sitelinks, Video Carousel, People also ask, Related searches, Discussions and forums, AI overview",informational,Organic
do i need landlords insurance by law,75,75,70,20,0.00,https://www.reedyandcompany.com/blog/can-a-landlord-require-renters-insurance-all-you-need-to-know/,0,0,0.00,0.33,25400000,"[45,63,63,81,63,45,100,100,63,0,18,27]",2026-04-16,"Sitelinks, Video, Related searches, Discussions and forums, AI overview",informational,Organic
agreement renewal,18,18,210,18,7.28,https://www.reedyandcompany.com/blog/6-things-to-include-in-lease-renewal-agreements/,0,0,0.00,0.04,338000000,"[53,66,66,100,100,82,82,28,35,23,23,23]",2026-04-23,"Image pack, Sitelinks, Video, People also ask, Related searches, AI overview",informational,Organic
agreement renewal,19,19,210,18,7.28,https://www.reedyandcompany.com/blog/6-things-to-include-in-lease-renewal-agreements/,0,0,0.00,0.04,338000000,"[53,66,66,100,100,82,82,28,35,23,23,23]",2026-04-23,"Image pack, Sitelinks, Video, People also ask, Related searches, AI overview",informational,Organic
good rental property areas,9,9,110,25,1.24,https://www.reedyandcompany.com/blog/figuring-out-the-best-place-to-buy-a-rental-property/,0,0,0.00,0.21,349000000,"[42,42,26,42,80,65,34,26,42,42,34,42]",2026-03-18,"Sitelinks, Video, Related searches, Discussions and forums, AI overview","commercial, informational",Organic
split rent house,28,28,50,10,0.00,https://www.reedyandcompany.com/blog/how-to-split-rent-in-your-apartment/,0,0,0.00,0.38,155000000,"[11,11,11,11,11,11,41,52,52,41,41,41]",2026-03-25,"Sitelinks, Video, Related searches, AI overview",informational,Organic
tenant reference letter from landlord,7,7,90,10,0.96,https://www.reedyandcompany.com/blog/the-tenant-reference-letter-tips-and-best-practices-for-memphis-landlords/,0,0,0.00,0.77,11500000,"[54,19,10,1,1,1,7,3,2,3,15,3]",2026-04-10,"Image pack, Video, Image, People also ask, Related searches, Discussions and forums",informational,People also ask
realty companies memphis,70,70,30,36,0.75,https://www.reedyandcompany.com/blog/navigating-the-best-property-management-companies-in-memphis/,0,0,0.00,0.73,12500000,"[100,80,100,80,100,60,60,20,40,20,60,40]",2026-04-22,"Local pack, Sitelinks, Video, Related searches",commercial,Organic
realty companies memphis,90,90,30,36,0.75,https://www.reedyandcompany.com/about-us/,0,0,0.00,0.73,12500000,"[100,80,100,80,100,60,60,20,40,20,60,40]",2026-04-22,"Local pack, Sitelinks, Video, Related searches",commercial,Organic
collierville property management,39,39,90,1,0.00,https://www.reedyandcompany.com/property-management/single-family/,0,0,0.00,0,790000,"[7,19,15,26,19,34,80,100,53,15,15,19]",2026-04-14,"Knowledge panel, Video, Image, Related searches",informational,Organic
collierville property management,43,43,90,1,0.00,https://www.reedyandcompany.com/property-management/single-family/,0,0,0.00,0,790000,"[7,19,15,26,19,34,80,100,53,15,15,19]",2026-04-14,"Knowledge panel, Video, Image, Related searches",informational,Organic
best real estate investment software,15,15,260,21,18.00,https://www.reedyandcompany.com/blog/a-guide-to-the-best-real-estate-investor-software/,0,0,0.00,0.47,0,"[4,5,9,14,14,59,100,59,21,7,7,9]",2026-03-13,"Sitelinks, Video, Related searches, Discussions and forums, AI overview",commercial,Organic
property letting agents,18,18,90,58,0.00,https://www.reedyandcompany.com/,0,0,0.00,0.03,76400000,"[52,64,82,82,100,100,23,23,17,41,11,11]",2026-04-19,"Video, Image, People also ask, Related searches, AI overview",informational,Organic
property letting agents,51,51,90,58,0.00,https://www.reedyandcompany.com/,0,0,0.00,0.03,76400000,"[52,64,82,82,100,100,23,23,17,41,11,11]",2026-04-19,"Video, Image, People also ask, Related searches, AI overview",informational,Organic
find places for rent near me,44,44,70,87,0.00,https://www.reedyandcompany.com/rental-properties/,0,0,0.00,0,496000000,"[0,0,1,0,8,23,28,28,23,15,11,0]",2026-04-21,"Sitelinks, Ads bottom, Related searches, AI overview",transactional,Organic
realty rentals near me,28,28,140,74,0.60,https://www.reedyandcompany.com/rental-properties/,0,0,0.00,0.68,0,"[44,28,28,28,28,18,28,18,18,18,8,18]",2026-03-18,"Local pack, Video, Related searches",transactional,Organic
find tenants,43,43,210,32,6.86,https://www.reedyandcompany.com/blog/quickly-and-effective-rentals-how-to-find-tenants-that-work/,0,0,0.00,0.07,107000000,"[5,5,7,12,12,10,12,7,10,10,81,100]",2026-04-14,"Sitelinks, Video, Video Carousel, People also ask, Related searches, AI overview",informational,Organic
real estate portfolio strategy,13,13,90,22,0.00,https://www.reedyandcompany.com/blog/8-key-metrics-to-enhance-your-real-estate-portfolio-management/,0,0,0.00,0.12,183000000,"[17,11,29,29,41,41,64,82,100,64,52,41]",2026-04-06,"Sitelinks, Video, People also ask, Related searches, AI overview",informational,Organic
apartments apartments,1,1,90,93,0.00,https://www.reedyandcompany.com/blog/what-are-the-different-types-of-apartments/,0,0,0.00,0,547000000,"[0,0,0,0,0,10,3,2,5,0,0,0]",2026-03-30,"Local pack, Sitelinks, Video, Image, Related searches, Things to know",commercial,Things to know
company for property management,28,28,40,84,4.40,https://www.reedyandcompany.com/,0,0,0.00,0.16,1020000000,"[63,81,81,100,100,63,9,9,0,0,9,9]",2026-04-09,"Local pack, Video, Related searches",commercial,Organic
can landlord break lease sell property,40,40,40,18,0.12,https://www.reedyandcompany.com/blog/can-a-landlord-break-a-lease-in-tennessee/,0,0,0.00,0.07,6540000,"[21,0,9,21,3,15,15,9,12,9,15,6]",2026-03-31,"Sitelinks, Video, Related searches, Discussions and forums, AI overview",informational,Organic
homes for rent in midtown memphis tn,35,35,70,12,0.27,https://www.reedyandcompany.com/rental-properties/,0,0,0.00,0.68,500000,"[100,100,100,45,100,63,45,45,9,9,45,36]",2026-04-06,Related searches,informational,Organic
what questions to ask when renting an apartment,37,37,260,21,0.10,https://www.reedyandcompany.com/blog/top-10-questions-to-ask-landlords-before-renting-an-apartment/,0,0,0.00,0.32,48100000,"[54,54,54,54,43,66,81,100,54,54,29,35]",2026-04-18,"Sitelinks, Video, People also ask, Related searches, Short videos, Discussions and forums, AI overview",informational,Organic
tennessee pros and cons,27,27,140,13,0.05,https://www.reedyandcompany.com/blog/the-pros-and-cons-of-living-in-tennessee/,0,0,0.00,0.03,33800000,"[100,66,66,66,66,66,80,80,66,66,66,66]",2026-04-15,"Sitelinks, Video, Video Carousel, Related searches, AI overview",informational,Organic
tennessee pros and cons,37,37,140,13,0.05,https://www.reedyandcompany.com/blog/the-pros-and-cons-of-living-in-tennessee/,0,0,0.00,0.03,33800000,"[100,66,66,66,66,66,80,80,66,66,66,66]",2026-04-15,"Sitelinks, Video, Video Carousel, Related searches, AI overview",informational,Organic
reedy and company houses for rent,4,4,70,25,0.24,https://www.reedyandcompany.com/blog/section-8-houses-for-rent-by-owner-tips-for-memphis-landlords/,0,0,0.00,0.45,206000,"[5,5,5,5,12,23,23,17,17,28,23,23]",2026-04-10,"Knowledge panel, Video, Related searches",transactional,Organic
reedy and company houses for rent,8,8,70,25,0.24,https://www.reedyandcompany.com/faqs/,0,0,0.00,0.45,206000,"[5,5,5,5,12,23,23,17,17,28,23,23]",2026-04-10,"Knowledge panel, Video, Related searches",transactional,Organic
reedy and company houses for rent,11,11,70,25,0.24,https://www.reedyandcompany.com/blog/navigating-the-best-property-management-companies-in-memphis/,0,0,0.00,0.45,206000,"[5,5,5,5,12,23,23,17,17,28,23,23]",2026-04-10,"Knowledge panel, Video, Related searches",transactional,Organic
reedy and company houses for rent,12,12,70,25,0.24,https://www.reedyandcompany.com/blog/how-to-find-the-best-rental-properties-in-memphis-tn/,0,0,0.00,0.45,206000,"[5,5,5,5,12,23,23,17,17,28,23,23]",2026-04-10,"Knowledge panel, Video, Related searches",transactional,Organic
reedy and company houses for rent,15,15,70,25,0.24,https://www.reedyandcompany.com/blog/5-marketing-tips-on-houses-for-rent-that-are-privately-owned/,0,0,0.00,0.45,206000,"[5,5,5,5,12,23,23,17,17,28,23,23]",2026-04-10,"Knowledge panel, Video, Related searches",transactional,Organic
reedy and company houses for rent,17,17,70,25,0.24,https://www.reedyandcompany.com/property-management/,0,0,0.00,0.45,206000,"[5,5,5,5,12,23,23,17,17,28,23,23]",2026-04-10,"Knowledge panel, Video, Related searches",transactional,Organic
reedy and company houses for rent,20,20,70,25,0.24,https://www.reedyandcompany.com/contact-us/,0,0,0.00,0.45,206000,"[5,5,5,5,12,23,23,17,17,28,23,23]",2026-04-10,"Knowledge panel, Video, Related searches",transactional,Organic
reedy and company houses for rent,28,28,70,25,0.24,https://www.reedyandcompany.com/investments/,0,0,0.00,0.45,206000,"[5,5,5,5,12,23,23,17,17,28,23,23]",2026-04-10,"Knowledge panel, Video, Related searches",transactional,Organic
reedy and company houses for rent,35,35,70,25,0.24,https://www.reedyandcompany.com/investments/,0,0,0.00,0.45,206000,"[5,5,5,5,12,23,23,17,17,28,23,23]",2026-04-10,"Knowledge panel, Video, Related searches",transactional,Organic
reedy and company houses for rent,49,49,70,25,0.24,https://www.reedyandcompany.com/blog/category/rental-property/page/20/,0,0,0.00,0.45,206000,"[5,5,5,5,12,23,23,17,17,28,23,23]",2026-04-10,"Knowledge panel, Video, Related searches",transactional,Organic
reedy and company houses for rent,57,57,70,25,0.24,https://www.reedyandcompany.com/blog/newly-renovated-house-cordova-neighborhood/,0,0,0.00,0.45,206000,"[5,5,5,5,12,23,23,17,17,28,23,23]",2026-04-10,"Knowledge panel, Video, Related searches",transactional,Organic
reedy and company houses for rent,60,60,70,25,0.24,https://www.reedyandcompany.com/blog/this-is-how-to-screen-tenants-in-memphis-tn/,0,0,0.00,0.45,206000,"[5,5,5,5,12,23,23,17,17,28,23,23]",2026-04-10,"Knowledge panel, Video, Related searches",transactional,Organic
reedy and company houses for rent,84,84,70,25,0.24,https://www.reedyandcompany.com/property-management/maintenance-staff/,0,0,0.00,0.45,206000,"[5,5,5,5,12,23,23,17,17,28,23,23]",2026-04-10,"Knowledge panel, Video, Related searches",transactional,Organic
bookkeeping for property management companies,59,59,40,12,26.15,https://www.reedyandcompany.com/blog/improve-efficiency-with-property-management-bookkeeping-software/,0,0,0.00,0.9,19000000,"[55,100,100,55,33,22,22,22,44,22,22,22]",2026-04-23,"Sitelinks, Video, Ads bottom, Related searches, Ads middle, AI overview",informational,Organic
things to do downtown memphis,68,68,260,27,0.21,https://www.reedyandcompany.com/blog/top-5-activities-downtown-memphis/,0,0,0.00,0.9,16800000,"[15,23,29,19,29,29,36,44,23,29,29,29]",2026-04-14,"Sitelinks, Video, Image, Related searches, Short videos, Discussions and forums, AI overview",informational,Organic
questions to ask references for tenants,64,64,50,2,0.81,https://www.reedyandcompany.com/blog/the-tenant-reference-letter-tips-and-best-practices-for-memphis-landlords/,0,0,0.00,0.21,1320000,"[55,33,55,55,55,77,44,100,55,55,22,22]",2026-04-22,"Sitelinks, Video, People also ask, Related searches, Discussions and forums, AI overview",informational,Organic
rent a house vs apartment,59,59,70,0,0.67,https://www.reedyandcompany.com/blog/apartment-vs-a-house-which-is-better-for-your-needs/,0,0,0.00,0.02,136,"[9,14,14,19,19,19,23,33,14,14,100,100]",2026-03-13,"Sitelinks, Video, Related searches, Discussions and forums, AI overview","commercial, informational",Organic
how to find good tenants,59,59,320,32,3.70,https://www.reedyandcompany.com/blog/quickly-and-effective-rentals-how-to-find-tenants-that-work/,0,0,0.00,0.66,126,"[43,81,81,81,66,43,81,100,54,29,66,22]",2026-03-13,"Sitelinks, Video, Video Carousel, Related searches, Discussions and forums, AI overview",informational,Organic
questions to ask for apartment,44,44,40,22,0.09,https://www.reedyandcompany.com/blog/top-10-questions-to-ask-landlords-before-renting-an-apartment/,0,0,0.00,0.27,247000000,"[42,57,28,42,42,57,100,100,71,57,28,57]",2026-04-11,"Sitelinks, Video, People also ask, Related searches, Discussions and forums, AI overview",informational,Organic
do renters have to pay for repairs,43,43,40,19,0.36,https://www.reedyandcompany.com/blog/can-a-landlord-make-a-tenant-pay-for-repairs/,0,0,0.00,0.08,12500000,"[18,18,18,18,18,18,45,45,45,45,45,45]",2026-04-26,"Sitelinks, Video, People also ask, Related searches, Discussions and forums, AI overview","commercial, informational",Organic
ready company,16,16,260,29,0.56,https://www.reedyandcompany.com/rental-properties/,0,0,0.00,0.09,88,"[53,43,66,66,82,82,66,100,66,53,82,82]",2026-04-20,"Sitelinks, Video, People also ask, Related searches",navigational,Organic
ready company,54,54,260,29,0.56,https://www.reedyandcompany.com/about-us/,0,0,0.00,0.09,88,"[53,43,66,66,82,82,66,100,66,53,82,82]",2026-04-20,"Sitelinks, Video, People also ask, Related searches",navigational,Organic
ready company,71,71,260,29,0.56,https://www.reedyandcompany.com/property-management/single-family/,0,0,0.00,0.09,88,"[53,43,66,66,82,82,66,100,66,53,82,82]",2026-04-20,"Sitelinks, Video, People also ask, Related searches",navigational,Organic
ready company,73,73,260,29,0.56,https://www.reedyandcompany.com/birdeye/,0,0,0.00,0.09,88,"[53,43,66,66,82,82,66,100,66,53,82,82]",2026-04-20,"Sitelinks, Video, People also ask, Related searches",navigational,Organic
ready company,75,75,260,29,0.56,https://www.reedyandcompany.com/investments/,0,0,0.00,0.09,88,"[53,43,66,66,82,82,66,100,66,53,82,82]",2026-04-20,"Sitelinks, Video, People also ask, Related searches",navigational,Organic
realtors with rental properties,27,27,50,24,1.40,https://www.reedyandcompany.com/rental-properties/,0,0,0.00,0.16,154,"[15,100,3,19,11,11,11,7,53,3,7,3]",2026-03-04,"Local pack, Video, People also ask, Related searches",commercial,Organic
property management report sample,62,62,30,0,5.12,https://www.reedyandcompany.com/blog/what-is-included-in-a-property-management-report-a-landlords-guide/,0,0,0.00,0.67,238000000,"[100,18,18,18,18,18,18,18,18,18,18,18]",2026-04-09,"Image pack, Sitelinks, Video, Related searches",informational,Organic
investment house or apartment,29,29,50,12,0.00,https://www.reedyandcompany.com/blog/apartment-vs-a-house-which-is-better-for-your-needs/,0,0,0.00,0.33,179000000,"[100,11,100,11,11,11,11,11,11,11,11,11]",2026-03-26,"Sitelinks, Video, Related searches, Discussions and forums, AI overview","commercial, informational",Organic
can a landlord charge for eviction fees,21,21,260,4,0.72,https://www.reedyandcompany.com/blog/can-a-landlord-charge-for-eviction-fees-in-tennessee/,0,0,0.00,0.04,128,"[28,28,28,23,35,81,81,100,44,28,23,18]",2026-03-14,"Sitelinks, Video, AI overview",informational,Organic
highland row apartments memphis tn,80,80,70,21,0.58,https://www.reedyandcompany.com/property-management/multi-family/,0,0,0.00,0.35,123,"[18,18,18,100,27,36,100,81,81,81,63,63]",2026-03-21,"Knowledge panel, Sitelinks, Video, Image, Related searches",navigational,Organic
appartmenrs,4,4,40,90,0.79,https://www.reedyandcompany.com/blog/what-are-the-different-types-of-apartments/,0,0,0.00,0.25,1210000000,"[25,0,0,0,0,0,0,0,0,0,0,0]",2026-04-16,"Local pack, Sitelinks, Video, Image, Ads top, Ads bottom, Related searches, Things to know",navigational,Things to know
lease addendums,39,39,70,11,1.58,https://www.reedyandcompany.com/blog/how-to-incorporate-an-addendum-to-your-lease-agreement/,0,0,0.00,0.27,122,"[2,29,0,8,10,14,14,43,14,35,14,10]",2026-04-12,"Image pack, Sitelinks, Video, Video Carousel, Related searches, AI overview",informational,Organic
how much are deposits for apartments,25,25,140,35,0.00,https://www.reedyandcompany.com/blog/how-much-is-a-security-deposit-for-an-apartment-in-memphis-tn-find-out-now/,0,0,0.00,0.01,15300000,"[18,15,11,23,81,23,23,18,18,18,35,18]",2026-04-08,"Sitelinks, People also ask, Related searches, AI overview",informational,Organic
memphis home rentals,48,48,210,41,0.49,https://www.reedyandcompany.com/,0,0,0.00,0.61,11100000,"[100,3,7,3,7,3,14,21,21,21,21,21]",2026-04-26,"Local pack, Sitelinks, Video, Image, Related searches",commercial,Organic
apartmentts,3,3,90,97,0.79,https://www.reedyandcompany.com/blog/what-are-the-different-types-of-apartments/,0,0,0.00,0.27,1490000000,"[0,5,0,0,2,0,0,0,0,0,10,0]",2026-03-05,"Local pack, Top stories, Sitelinks, Video, Image, Ads bottom, People also ask, Related searches, Things to know",navigational,Things to know
seamist townhomes,83,83,50,7,0.73,https://www.reedyandcompany.com/property-management/multi-family/,0,0,0.00,0.02,33500,"[9,4,66,23,42,23,9,9,0,4,19,66]",2026-03-24,"Knowledge panel, Video, Image, Related searches",informational,Organic
best place to live in memphis tn,80,80,30,14,0.79,https://www.reedyandcompany.com/blog/everything-you-need-to-know-about-living-in-memphis-tn/,0,0,0.00,0.11,168000000,"[11,17,11,11,11,11,29,17,23,23,29,29]",2026-03-26,"Sitelinks, Video, Related searches, AI overview",commercial,Organic
apartments on hacks cross road,61,61,210,15,1.24,https://www.reedyandcompany.com/property-management/multi-family/,0,0,0.00,0.77,0,"[35,43,54,22,29,66,66,29,22,29,35,54]",2026-03-05,"Local pack, Video, Related searches",commercial,Organic
apartments on hacks cross road,70,70,210,15,1.24,https://www.reedyandcompany.com/property-management/multi-family/,0,0,0.00,0.77,0,"[35,43,54,22,29,66,66,29,22,29,35,54]",2026-03-05,"Local pack, Video, Related searches",commercial,Organic
landlord non renewal of lease,73,73,90,14,0.96,https://www.reedyandcompany.com/blog/can-a-landlord-not-renew-a-lease/,0,0,0.00,0.28,163,"[52,66,52,42,42,23,42,42,33,23,23,14]",2026-04-01,"Sitelinks, Video, People also ask, Related searches, AI overview",informational,Organic
landlord non renewal of lease,88,88,90,14,0.96,https://www.reedyandcompany.com/blog/can-a-landlord-not-renew-a-lease/,0,0,0.00,0.28,163,"[52,66,52,42,42,23,42,42,33,23,23,14]",2026-04-01,"Sitelinks, Video, People also ask, Related searches, AI overview",informational,Organic
alco management apartments,64,64,40,29,1.68,https://www.reedyandcompany.com/property-management/multi-family/,0,0,0.00,0.45,321000,"[14,14,14,14,14,14,14,14,14,14,78,100]",2026-03-22,"Knowledge panel, Sitelinks, People also ask, Related searches",navigational,Organic
rental companies for houses,35,35,70,82,2.42,https://www.reedyandcompany.com/rental-properties/,0,0,0.00,0.59,113000000,"[1,1,1,6,1,3,3,1,5,1,100,3]",2026-04-18,"Local pack, Video, Related searches",commercial,Organic
rental property accounting software,69,69,1300,48,21.04,https://www.reedyandcompany.com/blog/effortless-rental-property-bookkeeping-software-solutions/,0,0,0.00,0.59,51800000,"[20,13,27,80,100,24,13,20,16,36,27,27]",2026-03-30,"Sitelinks, Video, Ads bottom, Related searches, Discussions and forums, AI overview",commercial,Organic
apartments hacks cross memphis tn,71,71,50,15,1.14,https://www.reedyandcompany.com/property-management/multi-family/,0,0,0.00,0.8,51400,"[45,27,27,45,45,18,100,63,63,63,63,63]",2026-03-20,"Local pack, Related searches",navigational,Organic
how much does a property manager cost per year,48,48,90,,0.00,https://www.reedyandcompany.com/blog/how-much-do-property-management-companies-charge-rates-explained/,0,0,0.00,0.21,171,"[3,5,8,5,5,3,8,6,5,6,100,6]",2026-04-18,"Sitelinks, Video, People also ask, Related searches, AI overview",informational,Organic
can a landlord charge you for repairs,49,49,90,0,0.03,https://www.reedyandcompany.com/blog/can-a-landlord-make-a-tenant-pay-for-repairs/,0,0,0.00,0.03,165,"[14,9,9,19,9,33,66,52,66,52,52,66]",2026-03-15,"Sitelinks, Video, Related searches, Discussions and forums, AI overview",informational,Organic
can a landlord charge you for repairs,53,53,90,0,0.03,https://www.reedyandcompany.com/blog/can-a-landlord-make-a-tenant-pay-for-repairs/,0,0,0.00,0.03,165,"[14,9,9,19,9,33,66,52,66,52,52,66]",2026-03-15,"Sitelinks, Video, Related searches, Discussions and forums, AI overview",informational,Organic
best tenant background check service,65,65,30,39,13.27,https://www.reedyandcompany.com/blog/ways-to-find-the-best-tenant-background-check-options-in-memphis/,0,0,0.00,0.77,0,"[18,18,18,18,18,27,63,27,36,27,36,27]",2026-03-12,"Sitelinks, Video, Ads bottom, Related searches, Discussions and forums, Ads middle, AI overview",commercial,Organic
best rent a house website,83,83,320,68,1.20,https://www.reedyandcompany.com/rental-properties/,0,0,0.00,0.75,150,"[17,14,17,11,48,21,7,59,88,59,7,11]",2026-03-13,"Sitelinks, Video, Related searches, Discussions and forums, AI overview",commercial,Organic
kiwi goji apartments,73,73,50,26,0.92,https://www.reedyandcompany.com/property-management/multi-family/,0,0,0.00,0.41,8070,"[7,7,7,7,19,19,19,26,19,26,19,53]",2026-04-21,"Knowledge panel, Sitelinks, Video, Related searches",navigational,Organic
how to start renting out property,33,33,30,16,2.83,https://www.reedyandcompany.com/blog/a-beginners-guide-to-renting-out-a-house-for-the-first-time/,0,0,0.00,0.6,113000000,"[28,100,57,71,28,57,28,28,42,57,42,28]",2026-04-09,"Sitelinks, Video, Video Carousel, Related searches, Discussions and forums, AI overview",informational,Organic
what are one room apartments called,39,39,70,18,0.00,https://www.reedyandcompany.com/blog/what-are-the-different-types-of-apartments/,0,0,0.00,0,167,"[63,45,63,45,63,45,63,81,81,63,81,81]",2026-03-20,"Sitelinks, Video, People also ask, Related searches, AI overview",informational,Organic
housing memphis,41,41,140,45,0.76,https://www.reedyandcompany.com/rental-properties/,0,0,0.00,0.27,40800000,"[52,66,100,66,80,52,80,66,52,42,33,42]",2026-04-06,"Local pack, Sitelinks, Video, Image, Ads bottom, Related searches",navigational,Organic
housing memphis,55,55,140,45,0.76,https://www.reedyandcompany.com/rental-properties/,0,0,0.00,0.27,40800000,"[52,66,100,66,80,52,80,66,52,42,33,42]",2026-04-06,"Local pack, Sitelinks, Video, Image, Ads bottom, Related searches",navigational,Organic
housing memphis,76,76,140,45,0.76,https://www.reedyandcompany.com/rental-properties/,0,0,0.00,0.27,40800000,"[52,66,100,66,80,52,80,66,52,42,33,42]",2026-04-06,"Local pack, Sitelinks, Video, Image, Ads bottom, Related searches",navigational,Organic
when do landlords have to turn on the heat,29,29,90,,0.00,https://www.reedyandcompany.com/blog/how-long-can-a-landlord-leave-you-without-heat/,0,0,0.00,0.01,147,"[3,2,5,3,3,2,2,3,9,72,14,4]",2026-03-28,"Sitelinks, Video, Related searches, AI overview",informational,Organic
when do landlords have to turn on the heat,31,31,90,,0.00,https://www.reedyandcompany.com/blog/how-long-can-a-landlord-leave-you-without-heat/,0,0,0.00,0.01,147,"[3,2,5,3,3,2,2,3,9,72,14,4]",2026-03-28,"Sitelinks, Video, Related searches, AI overview",informational,Organic
can i rent out my primary residence,40,40,70,19,0.00,https://www.reedyandcompany.com/blog/rent-to-a-family-member-tax-rules-you-should-know/,0,0,0.00,0.02,1190000000,"[28,23,23,17,23,12,12,12,12,12,12,5]",2026-04-25,"Sitelinks, Video, People also ask, Related searches, Short videos, AI overview",informational,Organic
small property management software,77,77,210,57,44.59,https://www.reedyandcompany.com/blog/what-is-the-best-property-management-software-for-small-landlords/,0,0,0.00,0.9,144,"[43,10,53,53,53,53,66,66,66,53,66,100]",2026-03-21,"Sitelinks, Video, Video Carousel, Related searches, AI overview","commercial, informational",Organic
landlord tenant recommendation letter,21,21,590,13,0.96,https://www.reedyandcompany.com/blog/the-tenant-reference-letter-tips-and-best-practices-for-memphis-landlords/,0,0,0.00,0.77,3210000,"[16,37,31,16,31,37,37,31,31,52,46,20]",2026-03-27,"Image pack, Sitelinks, Video, Image, Related searches",informational,Organic
2 room house for rent,21,21,90,12,0.49,https://www.reedyandcompany.com/blog/2-bedroom-houses-for-rent-does-size-matter-a-guide-for-renters/,0,0,0.00,0.59,519000000,"[64,41,52,64,52,52,52,41,41,52,52,52]",2026-03-16,"Video, Related searches, AI overview",informational,Organic
what questions to ask before renting an apartment,25,25,40,21,0.12,https://www.reedyandcompany.com/blog/top-10-questions-to-ask-landlords-before-renting-an-apartment/,0,0,0.00,0.25,46300000,"[9,14,14,14,19,14,14,23,9,19,33,9]",2026-04-26,"Sitelinks, Video, People also ask, Related searches, AI overview",informational,Organic
memphis co,55,55,140,45,1.69,https://www.reedyandcompany.com/,0,0,0.00,0.02,179000000,"[43,65,65,34,43,43,34,34,28,43,21,21]",2026-04-01,"Local pack, Sitelinks, Video, Image, Related searches",navigational,Organic
memphis co,80,80,140,45,1.69,https://www.reedyandcompany.com/,0,0,0.00,0.02,179000000,"[43,65,65,34,43,43,34,34,28,43,21,21]",2026-04-01,"Local pack, Sitelinks, Video, Image, Related searches",navigational,Organic
questions to ask renting apartment,30,30,70,23,0.08,https://www.reedyandcompany.com/blog/top-10-questions-to-ask-landlords-before-renting-an-apartment/,0,0,0.00,0.34,76200000,"[5,2,5,2,4,44,9,9,6,5,4,1]",2026-04-19,"Sitelinks, Video, People also ask, Related searches, AI overview",informational,Organic
homes for rent in 38117,19,19,110,13,0.34,https://www.reedyandcompany.com/rental-properties/,0,0,0.00,0.43,543000,"[82,41,41,82,82,64,82,82,52,52,64,82]",2026-04-08,Related searches,informational,Organic
apartaments,2,2,3600,100,0.79,https://www.reedyandcompany.com/blog/what-are-the-different-types-of-apartments/,0,0,0.00,0.25,1850000000,"[54,36,19,16,36,19,36,24,12,16,19,19]",2026-04-23,"Local pack, Sitelinks, Video, Image, Ads top, Ads bottom, People also ask, Related searches, Things to know",navigational,Things to know
rent memphis tn,18,18,30,31,0.65,https://www.reedyandcompany.com/rental-properties/,0,0,0.00,0.73,130,"[0,5,0,9,0,0,1,19,1,1,2,1]",2026-03-22,"Video, People also ask, Related searches",informational,Organic
reeder properties,42,42,70,20,0.99,https://www.reedyandcompany.com/,0,0,0.00,0.09,105,"[41,64,64,64,64,23,29,29,29,29,29,29]",2026-04-22,"Local pack, Sitelinks, Video, Related searches","commercial, navigational",Organic
eviction due to pets,53,53,40,4,0.00,https://www.reedyandcompany.com/blog/declining-tenants-over-pets-whats-the-legal-stand/,0,0,0.00,0.33,147,"[9,9,9,9,14,14,42,42,52,23,14,9]",2026-03-25,"Sitelinks, Video, Video Carousel, People also ask, Related searches, Discussions and forums, AI overview",informational,Organic
tenant at will lease,9,9,30,0,1.65,https://www.reedyandcompany.com/blog/tenant-at-will-explained-everything-you-need-to-know/,0,0,0.00,0.51,150,"[11,11,11,17,17,11,23,29,23,29,29,11]",2026-03-25,"Sitelinks, Video, Video Carousel, Related searches, AI overview",informational,Organic
tenant at will lease,14,14,30,0,1.65,https://www.reedyandcompany.com/blog/tenant-at-will-explained-everything-you-need-to-know/,0,0,0.00,0.51,150,"[11,11,11,17,17,11,23,29,23,29,29,11]",2026-03-25,"Sitelinks, Video, Video Carousel, Related searches, AI overview",informational,Organic
jd marks realty,54,54,70,29,0.00,https://www.reedyandcompany.com/,0,0,0.00,0.01,0,"[41,29,17,29,41,41,41,41,41,52,41,64]",2026-03-19,"Knowledge panel, Sitelinks, Video, Related searches",navigational,Organic
jd marks realty,69,69,70,29,0.00,https://www.reedyandcompany.com/rental-properties/,0,0,0.00,0.01,0,"[41,29,17,29,41,41,41,41,41,52,41,64]",2026-03-19,"Knowledge panel, Sitelinks, Video, Related searches",navigational,Organic
real estate agents memphis tn,41,41,50,30,9.81,https://www.reedyandcompany.com/,0,0,0.00,0.48,2240000,"[23,23,23,29,29,23,41,41,29,23,29,5]",2026-04-21,"Local pack, Sitelinks, Video, Image, Related searches",commercial,Organic
how do landlords collect rent,93,93,70,26,8.84,https://www.reedyandcompany.com/blog/a-landlords-guide-to-collecting-rent-on-time/,0,0,0.00,0.56,26900000,"[42,23,33,33,33,33,42,42,23,14,23,23]",2026-04-04,"Sitelinks, Video, Video Carousel, People also ask, Related searches, Discussions and forums, AI overview","commercial, informational",Organic
wear and teat,31,31,110,52,0.00,https://www.reedyandcompany.com/blog/what-is-normal-wear-and-tear-in-a-rental-home/,0,0,0.00,0,0,"[0,0,0,0,0,0,0,100,0,1,2,0]",2026-03-10,"Knowledge panel, Video, Featured snippet, Related searches",informational,Organic
memphis in houses for rent,12,12,50,12,0.42,https://www.reedyandcompany.com/rental-properties/,0,0,0.00,0.64,122,"[11,11,22,11,22,33,77,100,100,77,77,77]",2026-03-26,"Image, Related searches",informational,Organic
is it wear and tear or wear and tear,45,45,40,44,0.00,https://www.reedyandcompany.com/blog/what-is-normal-wear-and-tear-in-a-rental-home/,0,0,0.00,0.33,0,"[41,11,11,11,100,23,11,11,11,11,11,11]",2026-03-12,"Video, Video Carousel, Related searches, Discussions and forums, AI overview",informational,Organic
is it wear and tear or wear and tear,78,78,40,44,0.00,https://www.reedyandcompany.com/blog/what-is-normal-wear-and-tear-in-a-rental-home/,0,0,0.00,0.33,0,"[41,11,11,11,100,23,11,11,11,11,11,11]",2026-03-12,"Video, Video Carousel, Related searches, Discussions and forums, AI overview",informational,Organic
best places to live in memphis,44,44,170,6,0.79,https://www.reedyandcompany.com/blog/some-best-memphis-neighborhoods/,0,0,0.00,0.11,52800000,"[80,65,80,80,65,80,65,65,65,53,53,53]",2026-03-15,"Sitelinks, Video, Video Carousel, Related searches, AI overview",commercial,Organic
best places to live in memphis,69,69,170,6,0.79,https://www.reedyandcompany.com/blog/how-to-select-the-best-area-to-rent-in-memphis-tn/,0,0,0.00,0.11,52800000,"[80,65,80,80,65,80,65,65,65,53,53,53]",2026-03-15,"Sitelinks, Video, Video Carousel, Related searches, AI overview",commercial,Organic
reed properties,18,18,90,33,1.45,https://www.reedyandcompany.com/,0,0,0.00,0.08,110,"[52,52,52,52,52,41,64,64,52,64,41,52]",2026-04-04,"Local pack, Sitelinks, Video, Related searches",commercial,Organic
apartmans,2,2,480,69,0.79,https://www.reedyandcompany.com/blog/what-are-the-different-types-of-apartments/,0,0,0.00,0.25,1910000000,"[0,0,0,7,22,0,0,54,16,0,0,13]",2026-04-11,"Local pack, Sitelinks, Video, Related searches, Things to know",navigational,Things to know
reedy property management,36,36,390,25,0.36,https://www.reedyandcompany.com/property-management/,0,0,0.00,0.11,1240000,"[54,54,44,44,54,54,66,44,44,44,44,44]",2026-04-09,"Local pack, Sitelinks, Video, Image, Related searches",navigational,Organic
reedy property management,52,52,390,25,0.36,https://www.reedyandcompany.com/property-management/single-family/,0,0,0.00,0.11,1240000,"[54,54,44,44,54,54,66,44,44,44,44,44]",2026-04-09,"Local pack, Sitelinks, Video, Image, Related searches",navigational,Organic
reedy property management,82,82,390,25,0.36,https://www.reedyandcompany.com/contact-us/,0,0,0.00,0.11,1240000,"[54,54,44,44,54,54,66,44,44,44,44,44]",2026-04-09,"Local pack, Sitelinks, Video, Image, Related searches",navigational,Organic
property management tennessee,46,46,140,35,4.04,https://www.reedyandcompany.com/,0,0,0.00,0.08,0,"[15,15,21,21,28,21,65,65,65,65,81,34]",2026-03-07,"Local pack, Video, Image, Related searches",commercial,Organic
what's considered normal wear and tear for rental,87,87,50,17,0.08,https://www.reedyandcompany.com/blog/what-is-normal-wear-and-tear-in-a-rental-home/,0,0,0.00,0.36,17100000,"[45,18,45,45,18,36,63,63,36,100,45,18]",2026-03-21,"Video, People also ask, Related searches, Discussions and forums, AI overview",informational,Organic
background and credit check for renters,93,93,170,39,5.28,https://www.reedyandcompany.com/blog/everything-you-need-to-know-about-tenant-background-checks/,0,0,0.00,0.78,0,"[34,34,53,26,53,53,100,100,100,53,42,65]",2026-03-09,"Sitelinks, Video, Related searches, AI overview",informational,Organic
house rental by owner,45,45,170,50,0.34,https://www.reedyandcompany.com/rental-properties/,0,0,0.00,0.64,133,"[4,3,8,3,0,0,3,2,1,0,3,7]",2026-03-22,"Video, Related searches",commercial,Organic
crestcore homes for rent,39,39,50,24,0.54,https://www.reedyandcompany.com/rental-properties/,0,0,0.00,0.26,10700,"[64,41,41,29,29,11,11,11,64,11,11,11]",2026-03-29,"Knowledge panel, Sitelinks, People also ask, Related searches","navigational, transactional",Organic
operating statement real estate,34,34,50,1,1.53,https://www.reedyandcompany.com/blog/real-estate-finance-why-you-need-a-rental-property-income-statement/,0,0,0.00,0.07,1110000000,"[27,63,81,81,81,45,45,27,27,45,36,45]",2026-03-19,"Image pack, Video, Video Carousel, Related searches, AI overview",informational,Organic
what is a deposit for an apartment,35,35,170,26,0.00,https://www.reedyandcompany.com/blog/how-much-is-a-security-deposit-for-an-apartment-in-memphis-tn-find-out-now/,0,0,0.00,0.01,146000000,"[43,53,65,65,81,65,53,65,53,43,43,43]",2026-04-21,"Sitelinks, Video, People also ask, Related searches, Short videos, AI overview",informational,Organic
lease addendum to add tenant,67,67,40,12,0.90,https://www.reedyandcompany.com/blog/how-to-incorporate-an-addendum-to-your-lease-agreement/,0,0,0.00,0.25,163,"[80,23,14,14,52,9,9,14,9,9,9,9]",2026-04-06,"Image pack, Video, Related searches, AI overview",informational,Organic
property management companies reno nevada,98,98,50,20,5.01,https://www.reedyandcompany.com/,0,0,0.00,0.2,0,"[44,22,44,44,44,33,100,100,77,77,55,55]",2026-03-09,"Local pack, Sitelinks, Related searches",commercial,Organic
can landlords do inspections,9,9,90,15,0.00,https://www.reedyandcompany.com/blog/what-can-a-landlord-look-at-during-an-inspection/,0,0,0.00,0.01,154,"[19,34,19,34,26,53,34,26,26,34,53,53]",2026-03-22,"Sitelinks, Video, People also ask, Related searches, AI overview",informational,Organic
can landlords do inspections,12,12,90,15,0.00,https://www.reedyandcompany.com/blog/what-can-a-landlord-look-at-during-an-inspection/,0,0,0.00,0.01,154,"[19,34,19,34,26,53,34,26,26,34,53,53]",2026-03-22,"Sitelinks, Video, People also ask, Related searches, AI overview",informational,Organic
casas y apartamentos en alquiler,99,99,40,36,0.47,https://www.reedyandcompany.com/rental-properties/,0,0,0.00,0.42,23100000,"[26,26,26,26,26,26,7,7,7,7,7,7]",2026-04-19,"Video, FAQ, Related searches",informational,Organic
strategies to optimize property portfolio performance,60,60,70,3,0.00,https://www.reedyandcompany.com/blog/maximize-returns-with-expert-property-portfolio-management/,0,0,0.00,0,139,"[81,100,45,81,27,9]",2026-04-04,"Sitelinks, AI overview",informational,Organic
strategies to optimize property portfolio performance,87,87,70,3,0.00,https://www.reedyandcompany.com/blog/maximize-returns-with-expert-property-portfolio-management/,0,0,0.00,0,139,"[81,100,45,81,27,9]",2026-04-04,"Sitelinks, AI overview",informational,Organic
rehabilitation property,13,13,90,17,0.00,https://www.reedyandcompany.com/blog/giving-rehab-property-a-makeover-a-real-estate-investors-guide/,0,0,0.00,0.01,123000000,"[9,0,3,43,34,21,3,21,100,43,15,15]",2026-03-18,"Video, Video Carousel, Related searches, AI overview",informational,Organic
rehabilitation property,68,68,90,17,0.00,https://www.reedyandcompany.com/blog/giving-rehab-property-a-makeover-a-real-estate-investors-guide/,0,0,0.00,0.01,123000000,"[9,0,3,43,34,21,3,21,100,43,15,15]",2026-03-18,"Video, Video Carousel, Related searches, AI overview",informational,Organic
hiring a collection agency for unpaid rent,94,94,90,22,3.82,https://www.reedyandcompany.com/blog/12-signs-you-need-to-hire-a-rent-collection-agency/,0,0,0.00,0.19,0,"[3,6,6,5,8,5,8,5,11,8,100,6]",2026-03-12,"Sitelinks, Video, Related searches, Discussions and forums, AI overview",informational,Organic
2762 residences,44,44,320,7,1.35,https://www.reedyandcompany.com/property-management/multi-family/,0,0,0.00,0.26,0,"[22,35,81,100,100,43,81,81,54,81,43,66]",2026-03-17,"Knowledge panel, Image, Related searches","informational, transactional",Organic
best suburbs of memphis tn,45,45,90,17,0.00,https://www.reedyandcompany.com/blog/how-to-select-the-best-area-to-rent-in-memphis-tn/,0,0,0.00,0.01,1100000,"[100,63,100,100,100,81,100,81,81,81,63,81]",2026-03-28,"Sitelinks, Video, Video Carousel, Related searches, AI overview",commercial,Organic
renters reference letter,8,8,110,14,0.76,https://www.reedyandcompany.com/blog/the-tenant-reference-letter-tips-and-best-practices-for-memphis-landlords/,0,0,0.00,0.68,5220000,"[26,34,80,34,53,65,53,26,19,26,100,15]",2026-04-12,"Image pack, Video, Image, Video Carousel, People also ask, Related searches",informational,Organic
simple landlord software,58,58,50,75,10.52,https://www.reedyandcompany.com/blog/what-is-the-best-property-management-software-for-small-landlords/,0,0,0.00,0.9,14500000,"[18,18,27,45,81,45,100,100,100,18,18,27]",2026-04-08,"Sitelinks, Video, Ads bottom, Video Carousel, Related searches, Discussions and forums, AI overview","commercial, informational",Organic
simple landlord software,72,72,50,75,10.52,https://www.reedyandcompany.com/blog/what-is-the-best-property-management-software-for-small-landlords/,0,0,0.00,0.9,14500000,"[18,18,27,45,81,45,100,100,100,18,18,27]",2026-04-08,"Sitelinks, Video, Ads bottom, Video Carousel, Related searches, Discussions and forums, AI overview","commercial, informational",Organic
tenacy at will,18,18,320,11,0.44,https://www.reedyandcompany.com/blog/tenant-at-will-explained-everything-you-need-to-know/,0,0,0.00,0.02,25700000,"[5,13,13,10,13,16,16,13,10,20,10,8]",2026-03-30,"Sitelinks, Video, Related searches, AI overview",informational,Organic
rents,54,68,3600,88,0.66,https://www.reedyandcompany.com/rental-properties/,0,0,0.00,0.33,148,"[29,12,29,24,24,24,12,16,16,12,12,44]",2026-04-27,"Video, Image, People also ask, Related searches, Things to know, AI overview",informational,Organic
vacation rental pricing strategies 2025,70,70,50,6,0.00,https://www.reedyandcompany.com/blog/how-to-navigate-vacation-property-prices-in-2025/,0,0,0.00,0,131,"[4,100,0,0,0,0,0,0,0,0,6]",2026-04-19,"Sitelinks, Video, Image, AI overview",commercial,Organic
best home rentals,20,20,110,100,0.80,https://www.reedyandcompany.com/rental-properties/,0,0,0.00,0.44,2370000000,"[41,64,82,82,64,100,64,64,41,52,52,41]",2026-04-16,"Knowledge panel, Sitelinks, Video, Related searches, Discussions and forums",commercial,Organic
best home rentals,58,58,110,100,0.80,https://www.reedyandcompany.com/rental-properties/,0,0,0.00,0.44,2370000000,"[41,64,82,82,64,100,64,64,41,52,52,41]",2026-04-16,"Knowledge panel, Sitelinks, Video, Related searches, Discussions and forums",commercial,Organic
aparement,4,4,50,88,0.79,https://www.reedyandcompany.com/blog/what-are-the-different-types-of-apartments/,0,0,0.00,0.27,966000000,"[0,1,0,1,0,0,0,0,0,0,7,0]",2026-03-05,"Local pack, Video, Image, Related searches, Things to know",commercial,Things to know
memphis real estate investors,33,33,50,30,6.43,https://www.reedyandcompany.com/blog/why-real-estate-investors-love-memphis/,0,0,0.00,0.27,3350000,"[35,28,50,28,35,28,64,64,50,50,28,35]",2026-04-09,"Local pack, Video, Video Carousel, Related searches",commercial,Organic
rental agreement renewal,9,9,110,18,1.51,https://www.reedyandcompany.com/blog/6-things-to-include-in-lease-renewal-agreements/,0,0,0.00,0.89,146,"[34,53,80,53,19,53,15,11,11,26,100,26]",2026-04-04,"Image pack, Sitelinks, Video, People also ask, Related searches, AI overview",informational,Organic
rental agreement renewal,75,75,110,18,1.51,https://www.reedyandcompany.com/blog/6-things-to-include-in-lease-renewal-agreements/,0,0,0.00,0.89,146,"[34,53,80,53,19,53,15,11,11,26,100,26]",2026-04-04,"Image pack, Sitelinks, Video, People also ask, Related searches, AI overview",informational,Organic
local property management companies near me,53,53,90,26,5.48,https://www.reedyandcompany.com/,0,0,0.00,0.54,356000000,"[2,8,8,8,5,8,6,6,3,3,5,3]",2026-04-19,"Local pack, Video, People also ask, Related searches",transactional,Organic
local property management companies near me,66,66,90,26,5.48,https://www.reedyandcompany.com/,0,0,0.00,0.54,356000000,"[2,8,8,8,5,8,6,6,3,3,5,3]",2026-04-19,"Local pack, Video, People also ask, Related searches",transactional,Organic
todd creek apartments,76,76,210,17,1.90,https://www.reedyandcompany.com/property-management/multi-family/,0,0,0.00,0.19,73,"[44,28,44,54,44,28,28,44,35,28,44,35]",2026-04-24,"Knowledge panel, Sitelinks, Video, Image, People also ask, Related searches",navigational,Organic
investor realty,82,82,110,41,0.00,https://www.reedyandcompany.com/investments/,0,0,0.00,0,38000000,"[0,0,0,0,100,0,0,0,0,0,0,0]",2026-04-13,"Local pack, Sitelinks, Video, Related searches",navigational,Organic
what is property portfolio management,19,19,40,10,0.00,https://www.reedyandcompany.com/blog/maximize-returns-with-expert-property-portfolio-management/,0,0,0.00,0.33,141,"[28,57,71,42,42,28,57,100,71,100,71,71]",2026-03-26,"Sitelinks, Video, People also ask, Related searches, AI overview",informational,Organic
what is property portfolio management,23,23,40,10,0.00,https://www.reedyandcompany.com/blog/maximize-returns-with-expert-property-portfolio-management/,0,0,0.00,0.33,141,"[28,57,71,42,42,28,57,100,71,100,71,71]",2026-03-26,"Sitelinks, Video, People also ask, Related searches, AI overview",informational,Organic
rental realtors,69,69,2400,83,1.04,https://www.reedyandcompany.com/,0,0,0.00,0.51,158,"[54,29,66,3,19,36,13,16,16,2,16,7]",2026-04-25,"Local pack, Video, People also ask, Related searches",commercial,Organic
aapartments,1,1,480,100,0.79,https://www.reedyandcompany.com/blog/what-are-the-different-types-of-apartments/,0,0,0.00,0.25,2660000,"[0,12,8,3,29,2,2,0,0,4,0,0]",2026-04-23,"Local pack, Sitelinks, Video, Image, Ads top, Ads bottom, People also ask, Related searches, Things to know",navigational,Things to know
what is accounting software for property management,100,100,30,34,46.96,https://www.reedyandcompany.com/blog/improve-efficiency-with-property-management-bookkeeping-software/,0,0,0.00,0.55,193000000,"[57,71,71,28,42,28,100,100,57,0,0,0]",2026-04-08,"Video, People also ask, Related searches, AI overview",informational,Organic
ap artments,2,2,70,70,0.79,https://www.reedyandcompany.com/blog/what-are-the-different-types-of-apartments/,0,0,0.00,0.25,160,"[100,0,0,0,0,0,0,0,23,0,0,0]",2026-04-10,"Local pack, Sitelinks, Video, Image, People also ask, Related searches, Things to know","commercial, navigational",Things to know
peabody place apartments,59,59,70,26,1.65,https://www.reedyandcompany.com/property-management/multi-family/,0,0,0.00,0.42,2890000,"[15,21,21,21,28,28,21,28,15,34,21,21]",2026-03-21,"Local pack, Image, Related searches",commercial,Organic
residential rental management companies,85,85,30,86,8.80,https://www.reedyandcompany.com/,0,0,0.00,0.36,0,"[18,18,18,27,18,18,45,81,27,27,27,36]",2026-03-12,"Local pack, Video, Related searches",commercial,Organic
how to calculate vacancy rate,42,42,320,9,0.00,https://www.reedyandcompany.com/blog/how-to-calculate-the-vacancy-rate-of-the-properties-in-your-memphis-portfolio/,0,0,0.00,0.01,16700000,"[66,81,81,100,81,81,66,66,43,54,43,35]",2026-04-20,"Sitelinks, Video, Video Carousel, People also ask, Related searches, AI overview",informational,Organic
rental lease renewal agreement,81,81,90,18,1.56,https://www.reedyandcompany.com/blog/steps-to-create-a-lease-renewal-agreement-for-tenants-in-memphis-tn/,0,0,0.00,1,124,"[42,42,42,42,42,7,7,7,7,42,42,26]",2026-04-02,"Image pack, Sitelinks, Video, Related searches, AI overview",informational,Organic
rental lease renewal agreement,89,89,90,18,1.56,https://www.reedyandcompany.com/blog/steps-to-create-a-lease-renewal-agreement-for-tenants-in-memphis-tn/,0,0,0.00,1,124,"[42,42,42,42,42,7,7,7,7,42,42,26]",2026-04-02,"Image pack, Sitelinks, Video, Related searches, AI overview",informational,Organic
bantam airways apartments,33,33,170,22,0.46,https://www.reedyandcompany.com/property-management/multi-family/,0,0,0.00,0.09,7570,"[43,43,43,43,34,34,65,53,65,100,65,53]",2026-04-22,"Knowledge panel, Video, Related searches",informational,Organic
great property management,75,75,70,15,3.17,https://www.reedyandcompany.com/,0,0,0.00,0.19,155,"[28,17,17,12,17,12,12,12,7,7,5,35]",2026-03-30,"Local pack, Video, Related searches",commercial,Organic
property management fees north carolina,79,79,50,0,0.00,https://www.reedyandcompany.com/blog/how-much-do-property-management-companies-charge-rates-explained/,0,0,0.00,0,118000000,"[33,100,77,77,55,33]",2026-03-12,"Sitelinks, Video, Related searches, AI overview",informational,Organic
lease renewal process,78,78,50,15,0.00,https://www.reedyandcompany.com/blog/steps-to-create-a-lease-renewal-agreement-for-tenants-in-memphis-tn/,0,0,0.00,0.06,0,"[78,14,14,14,14,14,50,64,50,50,50,35]",2026-03-12,"Sitelinks, Video, Video Carousel, Related searches, AI overview",informational,Organic
different types of flats,42,42,40,7,0.00,https://www.reedyandcompany.com/blog/what-are-the-different-types-of-apartments/,0,0,0.00,0.33,0,"[80,52,9,9,9,9,9,9,9,9,9,9]",2026-03-08,"Sitelinks, Video, Related searches, AI overview",informational,Organic
condos for rent in memphis tn,65,65,110,19,0.46,https://www.reedyandcompany.com/rental-properties/,0,0,0.00,0.61,937000,"[3,1,8,23,15,18,18,18,35,15,28,35]",2026-03-04,"Local pack, People also ask, Related searches",commercial,Organic
homes for rent 38141,20,20,210,13,0.41,https://www.reedyandcompany.com/rental-properties/,0,0,0.00,0.44,282000,"[35,35,66,35,35,28,44,18,15,15,23,35]",2026-04-12,Related searches,informational,Organic
stonebridge crossing memphis,75,75,720,18,1.02,https://www.reedyandcompany.com/property-management/multi-family/,0,0,0.00,0.18,140000,"[5,11,13,84,68,100,4,37,84,68,8,3]",2026-04-13,"Knowledge panel, Image pack, Video, Image, People also ask, Related searches",informational,Organic
questions for prospective tenants,18,18,110,9,0.05,https://www.reedyandcompany.com/blog/7-questions-to-ask-prospective-tenants-of-your-rental-property/,0,0,0.00,0.61,7440000,"[22,22,22,18,14,18,14,14,14,8,100,10]",2026-03-17,"Sitelinks, Video, Related searches, Discussions and forums, AI overview","commercial, informational",Organic
questions for prospective tenants,29,29,110,9,0.05,https://www.reedyandcompany.com/blog/7-questions-to-ask-prospective-tenants-of-your-rental-property/,0,0,0.00,0.61,7440000,"[22,22,22,18,14,18,14,14,14,8,100,10]",2026-03-17,"Sitelinks, Video, Related searches, Discussions and forums, AI overview","commercial, informational",Organic
questions for prospective tenants,31,31,110,9,0.05,https://www.reedyandcompany.com/blog/7-questions-to-ask-prospective-tenants-of-your-rental-property/,0,0,0.00,0.61,7440000,"[22,22,22,18,14,18,14,14,14,8,100,10]",2026-03-17,"Sitelinks, Video, Related searches, Discussions and forums, AI overview","commercial, informational",Organic
landlord violates lease agreement,56,56,30,23,1.03,https://www.reedyandcompany.com/blog/can-a-landlord-break-a-lease-in-tennessee/,0,0,0.00,0.15,344000,"[45,27,36,18,36,18,36,45,27,18,18,18]",2026-04-23,"Sitelinks, Video, Featured snippet, Video Carousel, People also ask, FAQ, Related searches",informational,Organic
personal letter of reference for apartment,71,71,70,17,0.00,https://www.reedyandcompany.com/blog/the-tenant-reference-letter-tips-and-best-practices-for-memphis-landlords/,0,0,0.00,0.36,17700000,"[15,18,1,15,23,18,15,23,11,11,0,8]",2026-03-17,"Image pack, Sitelinks, Video, Related searches, Discussions and forums, AI overview",informational,Organic
amazon citation dr,8,8,40,31,0.00,https://www.reedyandcompany.com/blog/memphis-welcome-second-amazon-facility/,0,0,0.00,0.33,34500000,"[18,18,100,18,18,18,18,18,18,100,18,18]",2026-04-24,"Knowledge panel, Video, People also ask, Related searches","informational, navigational",Organic
tenant screening background checks,87,87,30,53,6.42,https://www.reedyandcompany.com/blog/how-to-conduct-a-tenant-background-check-effectively/,0,0,0.00,0.79,0,"[35,0,0,100,21,0,14,64,14,14,14,7]",2026-03-12,"Sitelinks, Video, Video Carousel, Related searches, AI overview",informational,Organic
group rental properties,43,43,40,68,2.15,https://www.reedyandcompany.com/rental-properties/,0,0,0.00,0.35,226000000,"[26,19,11,26,19,15,15,7,7,7,7,7]",2026-04-16,"Video, People also ask, Related searches",commercial,Organic
shadowbrook townhomes memphis,51,51,210,23,0.42,https://www.reedyandcompany.com/property-management/multi-family/,0,0,0.00,0.1,5620,"[18,22,29,22,22,81,18,29,66,100,100,43]",2026-04-22,"Knowledge panel, Sitelinks, People also ask, Related searches",navigational,Organic
what to look for in a property management company,64,64,50,8,4.41,https://www.reedyandcompany.com/blog/a-property-manager-duties-checklist-for-beginners/,0,0,0.00,0.4,208,"[6,12,6,12,21,15,12,28,12,28,9,9]",2026-04-15,"Sitelinks, Video, People also ask, Related searches, AI overview",informational,Organic
appaerments,3,2,210,55,0.00,https://www.reedyandcompany.com/blog/what-are-the-different-types-of-apartments/,0,0,0.00,0,1790000000,"[0,0,82,0,0,0,0,0,0,0,0,0]",2026-04-27,"Local pack, Sitelinks, Video, Image, Ads top, Ads bottom, People also ask, Related searches, Things to know",navigational,Things to know
how to buy section 8 housing to rent,67,67,50,32,0.35,https://www.reedyandcompany.com/blog/section-8-houses-for-rent-by-owner-tips-for-memphis-landlords/,0,0,0.00,0.12,99700000,"[11,100,82,41,64,23,11,11,11,11,11,11]",2026-03-11,"Sitelinks, Video, Video Carousel, Related searches, Discussions and forums, AI overview",informational,Organic
reese road apartments memphis tn,71,71,110,15,0.78,https://www.reedyandcompany.com/property-management/multi-family/,0,0,0.00,0.16,83100,"[28,43,21,21,53,43,43,21,34,28,15,21]",2026-04-11,"Knowledge panel, Image pack, Sitelinks, Related searches",informational,Organic
westbury apartments memphis tennessee,79,79,70,18,0.92,https://www.reedyandcompany.com/property-management/multi-family/,0,0,0.00,0.51,67200,"[42,23,33,33,33,66,42,33,42,23,23,19]",2026-04-02,"Knowledge panel, Sitelinks, Video, Image, Related searches",navigational,Organic
what do landlords look for during an inspection,1,1,70,10,0.00,https://www.reedyandcompany.com/blog/what-can-a-landlord-look-at-during-an-inspection/,0,0,0.00,0.07,9450000,"[14,14,23,52,66,33,23,23,9,42,100,33]",2026-04-26,"Sitelinks, Video, People also ask, Related searches, Discussions and forums, AI overview",informational,AI overview
what do landlords look for during an inspection,7,7,70,10,0.00,https://www.reedyandcompany.com/blog/what-can-a-landlord-look-at-during-an-inspection/,0,0,0.00,0.07,9450000,"[14,14,23,52,66,33,23,23,9,42,100,33]",2026-04-26,"Sitelinks, Video, People also ask, Related searches, Discussions and forums, AI overview",informational,Organic
noisy neighbor,58,58,590,37,0.35,https://www.reedyandcompany.com/blog/how-to-handle-noisy-apartment-neighbors/,0,0,0.00,0.01,35000000,"[67,24,67,36,45,36,24,36,100,20,67,16]",2026-04-07,"Image pack, Sitelinks, Video, Image, Video Carousel, People also ask, Related searches, Discussions and forums, AI overview",informational,Organic
edith place,44,44,70,26,0.00,https://www.reedyandcompany.com/property-management/multi-family/,0,0,0.00,0.01,71300000,"[26,15,100,11,26,7,42,11,7,80,26,7]",2026-04-10,"Knowledge panel, Video, Image, Related searches",informational,Organic
apartemant,1,2,170,96,0.00,https://www.reedyandcompany.com/blog/what-are-the-different-types-of-apartments/,0,0,0.00,0,158,"[0,100,0,0,0,0,0,0,0,0,0,0]",2026-04-27,"Local pack, Video, Image, People also ask, Related searches, Things to know",commercial,Things to know
apartmente,2,2,170,97,0.00,https://www.reedyandcompany.com/blog/what-are-the-different-types-of-apartments/,0,0,0.00,0,2030000000,"[0,0,0,0,0,0,35,0,0,0,0,0]",2026-03-30,"Local pack, Sitelinks, Video, Image, Ads top, Ads bottom, People also ask, Related searches, Things to know","commercial, navigational",Things to know
www.rentals.com,79,79,70,78,0.55,https://www.reedyandcompany.com/rental-properties/,0,0,0.00,0.62,548000000,"[18,23,44,23,11,0,1,1,1,11,8,11]",2026-03-29,,"commercial, informational",Organic
reference letter for rental,18,18,70,12,0.94,https://www.reedyandcompany.com/blog/the-tenant-reference-letter-tips-and-best-practices-for-memphis-landlords/,0,0,0.00,0.72,0,"[34,0,0,0,0,0,53,42,53,26,80,26]",2026-03-07,"Image pack, Video, Image, Related searches, AI overview",informational,Organic
home tentals,65,65,40,90,0.85,https://www.reedyandcompany.com/rental-properties/,0,0,0.00,0.59,2790000000,"[0,0,0,2,0,0,2,29,0,10,29,22]",2026-03-22,"Local pack, Video, Related searches, See results about",commercial,Organic
how big is a 2 bedroom apartment,69,69,50,3,0.00,https://www.reedyandcompany.com/blog/2-bedroom-houses-for-rent-does-size-matter-a-guide-for-renters/,0,0,0.00,0.33,183,"[29,29,29,29,23,29,29,23,17,29,29,17]",2026-03-20,"Image pack, Sitelinks, Video, Image, People also ask, Related searches, AI overview",informational,Organic
addendum to rental contract,43,43,170,20,1.33,https://www.reedyandcompany.com/blog/how-to-incorporate-an-addendum-to-your-lease-agreement/,0,0,0.00,0.69,134,"[81,14,22,43,43,35,22,66,29,18,10,14]",2026-03-29,"Sitelinks, Video, Video Carousel, Related searches, AI overview",informational,Organic
how much are eviction court fees,43,43,40,22,0.33,https://www.reedyandcompany.com/blog/can-a-landlord-charge-for-eviction-fees-in-tennessee/,0,0,0.00,0.04,30700000,"[77,77,33,0,44,77,55,100,11,11,22,33]",2026-04-10,"Sitelinks, Video, Related searches, Discussions and forums, AI overview",informational,Organic
how much are eviction court fees,57,57,40,22,0.33,https://www.reedyandcompany.com/blog/can-a-landlord-charge-for-eviction-fees-in-tennessee/,0,0,0.00,0.04,30700000,"[77,77,33,0,44,77,55,100,11,11,22,33]",2026-04-10,"Sitelinks, Video, Related searches, Discussions and forums, AI overview",informational,Organic
rj property management memphis tn,42,42,390,31,0.53,https://www.reedyandcompany.com/,0,0,0.00,0.03,329000,"[81,54,100,19,81,67,29,54,23,15,7,19]",2026-04-15,"Knowledge panel, Sitelinks, Video, Related searches",navigational,Organic
rj property management memphis tn,67,67,390,31,0.53,https://www.reedyandcompany.com/rental-properties/,0,0,0.00,0.03,329000,"[81,54,100,19,81,67,29,54,23,15,7,19]",2026-04-15,"Knowledge panel, Sitelinks, Video, Related searches",navigational,Organic
rj property management memphis tn,86,86,390,31,0.53,https://www.reedyandcompany.com/property-management/single-family/,0,0,0.00,0.03,329000,"[81,54,100,19,81,67,29,54,23,15,7,19]",2026-04-15,"Knowledge panel, Sitelinks, Video, Related searches",navigational,Organic
landlord responsibilities for repairs,96,96,40,25,0.17,https://www.reedyandcompany.com/blog/can-a-landlord-make-a-tenant-pay-for-repairs/,0,0,0.00,0.15,146,"[11,15,19,15,19,3,34,19,3,42,3,3]",2026-04-14,"Sitelinks, Video, Related searches, Discussions and forums, AI overview",informational,Organic
rental properties memphis tn,98,98,390,40,0.79,https://www.reedyandcompany.com/,0,0,0.00,0.58,0,"[20,62,30,24,16,16,20,16,20,16,8,13]",2026-03-11,"Local pack, Video, Image, Related searches",commercial,Organic
type of apartments,31,31,210,38,0.95,https://www.reedyandcompany.com/blog/what-are-the-different-types-of-apartments/,0,0,0.00,0,251000000,"[54,8,5,66,11,81,11,44,15,15,54,11]",2026-04-24,"Sitelinks, Video, People also ask, Related searches, AI overview",informational,Organic
for rent website,83,83,40,80,0.70,https://www.reedyandcompany.com/rental-properties/,0,0,0.00,0.61,2210000000,"[3,11,6,8,0,5,18,3,11,6,1,0]",2026-04-23,"Sitelinks, Video, Related searches",informational,Organic
real estate investing basics,66,66,140,58,2.47,https://www.reedyandcompany.com/blog/the-ultimate-guide-to-real-estate-investing-for-beginners/,0,0,0.00,0.13,120,"[34,28,34,21,34,43,34,34,65,100,65,53]",2026-03-23,"Sitelinks, Video, Video Carousel, Related searches, AI overview",informational,Organic
walden pointe apartments memphis,8,8,70,23,0.79,https://www.reedyandcompany.com/blog/exploring-the-best-memphis-neighborhoods-for-investors/,0,0,0.00,0.34,106,"[18,100,100,18,18,18,18,100,18,100,100,18]",2026-03-05,"Knowledge panel, People also ask, Related searches",informational,People also ask
walden pointe apartments memphis,61,61,70,23,0.79,https://www.reedyandcompany.com/property-management/multi-family/,0,0,0.00,0.34,106,"[18,100,100,18,18,18,18,100,18,100,100,18]",2026-03-05,"Knowledge panel, People also ask, Related searches",informational,Organic
another name for self contain apartment,26,26,50,19,0.00,https://www.reedyandcompany.com/blog/what-are-the-different-types-of-apartments/,0,0,0.00,0,45400000,"[11,11,11,100,0,52,64,11,82,11,11,0]",2026-04-21,"Sitelinks, Video, Related searches, AI overview",informational,Organic
what is a fixed term lease,15,15,170,16,0.55,https://www.reedyandcompany.com/blog/maximize-rental-success-with-a-fixed-term-lease/,0,0,0.00,0.03,0,"[66,66,52,80,66,80,100,80,80,100,66,66]",2026-03-06,"Video, Related searches, AI overview","commercial, informational",Organic
apartments with,1,1,320,84,1.64,https://www.reedyandcompany.com/blog/what-are-the-different-types-of-apartments/,0,0,0.00,0.22,469000000,"[66,54,66,66,54,81,100,100,81,66,54,54]",2026-03-27,"Local pack, Video, Image, People also ask, Related searches, Things to know",commercial,Things to know
tennessee property,3,3,480,58,0.42,https://www.reedyandcompany.com/blog/know-your-tennessee-property-management-laws/,0,0,0.00,0.17,475000000,"[16,24,24,24,24,24,24,30,24,4,16,20]",2026-04-13,"Video, People also ask, Related searches, Things to know","commercial, informational",Things to know
can my landlord charge me for repairs,78,78,90,3,0.00,https://www.reedyandcompany.com/blog/can-a-landlord-make-a-tenant-pay-for-repairs/,0,0,0.00,0.04,173,"[50,64,50,64,64,78,78,78,50,50,50,50]",2026-03-16,"Sitelinks, Video, Related searches, AI overview",informational,Organic
aprtament,1,1,40,50,0.76,https://www.reedyandcompany.com/blog/what-are-the-different-types-of-apartments/,0,0,0.00,0.23,38400000,"[0,0,0,0,0,100,0,0,0,0,0,0]",2026-04-09,"Instant answer, Video, Image, People also ask, Related searches, Things to know",informational,Things to know
how much to pay a property manager,11,11,40,29,1.86,https://www.reedyandcompany.com/blog/how-much-do-property-management-companies-charge-rates-explained/,0,0,0.00,0.45,498000000,"[55,33,33,33,44,44,55,22,33,33,100,55]",2026-04-21,"Sitelinks, Video, Related searches, Discussions and forums, AI overview",informational,Organic
homes gor rent,35,35,110,49,0.57,https://www.reedyandcompany.com/rental-properties/,0,0,0.00,0.65,573000000,"[43,28,53,34,34,65,21,21,21,28,34,65]",2026-04-25,"Knowledge panel, Related searches",informational,Organic
rent a house or apartment what is better,26,26,110,12,0.49,https://www.reedyandcompany.com/blog/apartment-vs-a-house-which-is-better-for-your-needs/,0,0,0.00,0.03,138,"[66,42,19,52,100,80,66,52,66,80,23,42]",2026-03-21,"Sitelinks, Video, Related searches, Discussions and forums, AI overview","commercial, informational",Organic
do landlords pay taxes on rent,89,89,40,26,0.00,https://www.reedyandcompany.com/blog/rent-to-a-family-member-tax-rules-you-should-know/,0,0,0.00,0.01,14500000,"[19,11,19,26,19,15,11,15,11,15,11,19]",2026-03-05,"Sitelinks, Video, People also ask, Related searches, AI overview",informational,Organic
wear & tear meaning,51,51,590,38,0.87,https://www.reedyandcompany.com/blog/what-is-normal-wear-and-tear-in-a-rental-home/,0,0,0.00,0.01,327000000,"[3,3,3,3,66,3,4,1,80,7,3,0]",2026-04-14,"Video, Related searches, AI overview",informational,Organic
questions to ask your property manager,61,61,110,11,0.79,https://www.reedyandcompany.com/blog/11-questions-to-ask-your-potential-apartment-property-manager/,0,0,0.00,0.2,0,"[82,64,41,100,52,64,52,64,52,52,52,41]",2026-03-16,"Sitelinks, Video, Related searches, Discussions and forums, AI overview",informational,Organic
section 8 rent increase,17,17,110,13,0.00,https://www.reedyandcompany.com/blog/understanding-section-8-rent-increase-in-memphis/,0,0,0.00,0,140000000,"[29,29,29,29,29,22,22,29,22,22,18,22]",2026-04-10,"Sitelinks, Video, Video Carousel, Related searches, AI overview",informational,Organic
is painting a leasehold improvement,60,60,50,25,0.00,https://www.reedyandcompany.com/blog/can-a-landlord-charge-for-painting-the-rental-property/,0,0,0.00,0.33,108,"[45,45,18,18,45,27,63,63,63,63,45,100]",2026-04-03,"Sitelinks, Video, Related searches, Discussions and forums, AI overview",informational,Organic
late rent payment,72,72,260,12,2.59,https://www.reedyandcompany.com/blog/paying-rent-late-what-should-landlords-do/,0,0,0.00,0.29,0,"[44,54,44,35,54,54,54,44,66,35,35,35]",2026-03-07,"Sitelinks, Video, Related searches, AI overview",informational,Organic
property management companies that accept evictions,61,0,50,1,2.00,https://www.reedyandcompany.com/blog/can-a-property-manager-evict-a-tenant/,0,0,0.00,0.3,3300000,"[35,50,50,50,35,14,28,35,21,78,14,14]",2026-04-27,"Local pack, Sitelinks, People also ask, Related searches, Discussions and forums",commercial,Organic
appfolio application,1,1,170,46,8.81,https://www.reedyandcompany.com/appfolio/,0,0,0.00,0.31,1640000,"[13,13,6,6,8,10,10,13,13,10,10,13]",2026-03-04,"Sitelinks, Video, Video Carousel, People also ask, Related searches","commercial, navigational",People also ask
indigo apartments memphis,83,83,50,37,0.98,https://www.reedyandcompany.com/property-management/multi-family/,0,0,0.00,0.52,145000,"[52,64,100,64,11,11,11,11,11,11,11,11]",2026-04-01,"Knowledge panel, Sitelinks, Video, Image, Related searches",navigational,Organic
memphis house rent,10,10,110,47,0.42,https://www.reedyandcompany.com/rental-properties/,0,0,0.00,0.64,21600000,"[0,2,0,0,0,0,2,2,100,3,1,0]",2026-03-20,"Local pack, Video, Image, Related searches",commercial,Organic
memphis house rent,13,13,110,47,0.42,https://www.reedyandcompany.com/rental-properties/,0,0,0.00,0.64,21600000,"[0,2,0,0,0,0,2,2,100,3,1,0]",2026-03-20,"Local pack, Video, Image, Related searches",commercial,Organic
questions to ask when renting a house,97,97,390,19,0.09,https://www.reedyandcompany.com/blog/finding-a-tenant-8-questions-that-every-landlord-should-ask-renters/,0,0,0.00,0.32,46300000,"[66,66,81,66,54,66,66,44,81,54,54,44]",2026-03-14,"Sitelinks, Video, Related searches, Discussions and forums, AI overview",informational,Organic
does a landlord have to provide hot water,17,17,70,12,0.00,https://www.reedyandcompany.com/blog/how-long-do-landlords-have-to-fix-hot-water-in-memphis-tn/,0,0,0.00,0.33,40900000,"[35,50,64,50,50,50,50,64,35,28,28,28]",2026-04-05,"Sitelinks, Video, People also ask, Related searches, AI overview",informational,Organic
how do you write a lease agreement,35,35,210,51,1.37,https://www.reedyandcompany.com/blog/how-to-write-a-rental-property-lease-agreement/,0,0,0.00,0.92,166,"[44,19,29,15,54,15,81,19,15,23,19,29]",2026-03-28,"Sitelinks, Video, People also ask, Related searches, Discussions and forums, AI overview",informational,Organic
apments,1,1,170,56,0.79,https://www.reedyandcompany.com/blog/what-are-the-different-types-of-apartments/,0,0,0.00,0.25,154,"[0,0,0,0,0,0,0,0,0,0,0,100]",2026-03-24,"Local pack, Sitelinks, Video, Image, Ads bottom, Related searches, Things to know","commercial, navigational",Things to know
how do you spell tenancy,68,68,320,41,0.00,https://www.reedyandcompany.com/blog/tenant-at-will-explained-everything-you-need-to-know/,0,0,0.00,0,399000,"[100,20,6,6,67,36,8,13,10,20,6,8]",2026-04-15,"Instant answer, Video, People also ask, Related searches, AI overview",informational,Organic
do tenants have to pay for repairs,12,12,90,18,0.36,https://www.reedyandcompany.com/blog/can-a-landlord-make-a-tenant-pay-for-repairs/,0,0,0.00,0.08,27600000,"[14,14,19,23,33,23,42,42,52,42,100,42]",2026-03-20,"Sitelinks, Video, Related searches, Discussions and forums, AI overview",informational,Organic
aoartments,4,4,590,54,0.79,https://www.reedyandcompany.com/blog/what-are-the-different-types-of-apartments/,0,0,0.00,0.25,1780000000,"[1,2,0,10,18,2,24,24,35,1,8,8]",2026-04-16,"Local pack, Sitelinks, Video, Image, Ads bottom, Related searches, Things to know",navigational,Things to know
are apartments safer than houses,43,43,90,4,0.00,https://www.reedyandcompany.com/blog/apartment-vs-a-house-which-is-better-for-your-needs/,0,0,0.00,0,6440000,"[34,26,26,42,34,26,42,42,42,26,26,26]",2026-03-28,"Sitelinks, Video, Related searches, AI overview",informational,Organic
benefits of living in tennessee,33,33,110,6,0.10,https://www.reedyandcompany.com/blog/the-pros-and-cons-of-living-in-tennessee/,0,0,0.00,0.03,139,"[66,42,52,42,52,66,80,66,52,52,52,52]",2026-03-15,"Sitelinks, Video, Video Carousel, Related searches, Short videos, AI overview",informational,Organic
website for renting houses,46,46,90,92,1.10,https://www.reedyandcompany.com/rental-properties/,0,0,0.00,0.73,160000000,"[0,100,0,1,5,0,2,0,1,54,1,1]",2026-04-22,"Video, Ads bottom, Related searches, AI overview",informational,Organic
real estate companies in memphis,25,25,40,42,0.00,https://www.reedyandcompany.com/,0,0,0.00,1,117,"[23,2,2,28,23,10,7,5,5,5,5,5]",2026-04-21,"Local pack, Sitelinks, People also ask, Related searches",commercial,Organic
rental housing,41,41,720,79,0.53,https://www.reedyandcompany.com/rental-properties/,0,0,0.00,0.54,479000000,"[16,35,13,0,8,16,18,7,10,3,0,13]",2026-04-13,"Video, Image, Related searches, AI overview",informational,Organic
re renting,45,45,40,,1.36,https://www.reedyandcompany.com/,0,0,0.00,0.09,776000000,"[42,0,0,0,0,0,0,100,0,0,0,34]",2026-03-13,"Video, Related searches, AI overview",informational,Organic
