Keyword,Position,Previous position,Search Volume,Keyword Difficulty,CPC,Keyword Intents,URL,Traffic Change,Traffic (%),Traffic Cost,Competition,Number of Results,Trends,Timestamp,Position Type,Keyword SERP Features (New),Keyword SERP Features (Lost)
reedy,1,1,4400,71,0.21,navigational,https://www.reedyandcompany.com/,3406,19.45,739.00,0.02,12300000,"[54,54,66,66,44,44,54,54,44,54,44,44]",2026-04-22,Organic,Image pack,"Instant answer, Video Carousel"
for rent houses memphis,4,8,6600,44,0.42,informational,https://www.reedyandcompany.com/rental-properties/,271,2.37,180.00,0.64,4990000,"[2,81,100,81,81,81,0,3,23,54,36,81]",2026-04-27,Organic,,Local pack
houses for rent memphis tn,5,11,3600,44,0.42,informational,https://www.reedyandcompany.com/rental-properties/,112,0.87,66.00,0.64,110,"[44,44,44,36,44,36,36,29,29,24,24,24]",2026-04-24,Organic,,
tenancy at will,1,0,2400,19,0.44,informational,https://www.reedyandcompany.com/blog/tenant-at-will-explained-everything-you-need-to-know/,98,0.54,43.00,0.02,25400000,"[53,44,44,44,44,44,44,35,35,35,24,29]",2026-04-27,People also ask,,
houses for rent memphis,3,8,1600,39,0.42,informational,https://www.reedyandcompany.com/rental-properties/,93,0.72,55.00,0.64,9670000,"[65,55,55,44,44,34,65,55,55,55,44,65]",2026-04-16,Organic,,
houses for rent in memphis tn,4,6,2400,43,0.42,informational,https://www.reedyandcompany.com/rental-properties/,72,0.86,65.00,0.64,3060000,"[44,10,19,19,15,15,36,10,13,15,15,36]",2026-04-23,Organic,,
rental companies near me,0,6,8100,75,1.88,transactional,https://www.reedyandcompany.com/,-72,0,0.00,0.45,439000000,"[36,19,44,36,29,44,54,24,24,29,16,29]",2026-04-21,Organic,,
rental management companies near me,7,3,2400,68,5.62,transactional,https://www.reedyandcompany.com/,-68,0.08,89.00,0.59,219000000,"[66,23,35,35,19,8,19,23,29,19,16,16]",2026-04-26,Organic,People also ask,
homes for rent in memphis tn,7,4,1300,38,0.49,informational,https://www.reedyandcompany.com/rental-properties/,-65,0.21,19.00,0.61,2680000,"[36,19,19,19,24,15,24,10,24,13,15,19]",2026-04-20,Organic,,
reedy company rentals,2,1,50,29,12.94,navigational,https://www.reedyandcompany.com/,-55,0,12.00,0.32,1310000,"[7,7,3,10,10,7,4,7,4,5,5,4]",2026-04-23,Organic,,
rental properties near me,13,0,18100,62,0.51,transactional,https://www.reedyandcompany.com/rental-properties/,54,0.29,27.00,0.66,196000000,"[36,66,36,36,36,29,36,44,36,44,36,36]",2026-04-25,Organic,,
rental property income statement,0,1,880,23,6.94,informational,https://www.reedyandcompany.com/blog/real-estate-finance-why-you-need-a-rental-property-income-statement/,-53,0,0.00,0.7,127000000,"[7,11,8,11,82,100,20,44,44,8,5,3]",2026-04-07,AI overview,,
tenancy at will,6,0,2400,19,0.44,informational,https://www.reedyandcompany.com/blog/tenant-at-will-explained-everything-you-need-to-know/,52,0.28,22.00,0.02,25400000,"[53,44,44,44,44,44,44,35,35,35,24,29]",2026-04-27,Organic,,
homes for rent,36,0,165000,61,0.57,informational,https://www.reedyandcompany.com/rental-properties/,49,0.27,27.00,0.65,578000000,"[67,67,67,67,67,67,67,67,67,67,81,100]",2026-04-24,Organic,,
ready and company,1,2,70,34,0.46,navigational,https://www.reedyandcompany.com/,47,0.3,25.00,0.02,3070000000,"[0,0,0,0,1,1,1,1,1,1,1,1]",2026-04-25,Organic,,
reedy company rentals,1,0,50,29,12.94,navigational,https://www.reedyandcompany.com/rental-properties/,40,0.22,517.00,0.32,1310000,"[7,7,3,10,10,7,4,7,4,5,5,4]",2026-04-23,Organic,,
rent and home,0,18,27100,93,0.50,informational,https://www.reedyandcompany.com/rental-properties/,-40,0,0.00,0.7,1440000000,"[0,16,100,66,66,81,0,1,20,0,0,0]",2026-04-03,Organic,,
reedy rentals,1,1,70,36,0.77,informational,https://www.reedyandcompany.com/rental-properties/,39,0.3,43.00,0.27,1330000,"[50,78,35,100,64,35,28,28,21,14,14,50]",2026-04-06,Organic,Top stories,
apt house,1,1,480,81,0.99,informational,https://www.reedyandcompany.com/blog/apartment-vs-a-house-which-is-better-for-your-needs/,34,0.21,38.00,0.2,301000000,"[16,11,16,8,46,37,16,100,7,13,31,20]",2026-04-15,Image pack,,"Local pack, AI overview"
rental,37,0,49500,89,0.66,commercial,https://www.reedyandcompany.com/rental-properties/,34,0.18,22.00,0.33,2810000000,"[81,54,66,66,66,81,66,81,66,66,54,81]",2026-04-25,Organic,,
reedy property management,2,2,390,25,0.36,navigational,https://www.reedyandcompany.com/,31,0.28,18.00,0.11,1240000,"[54,54,44,44,54,54,66,44,44,44,44,44]",2026-04-09,Organic,,
ready company,2,1,260,29,0.56,navigational,https://www.reedyandcompany.com/,-30,0.18,19.00,0.09,88,"[53,43,66,66,82,82,66,100,66,53,82,82]",2026-04-20,Organic,,
memphis rental homes,4,6,720,50,0.49,commercial,https://www.reedyandcompany.com/rental-properties/,29,0.25,22.00,0.61,5650000,"[36,36,20,27,10,13,20,16,20,13,13,13]",2026-04-19,Organic,,
memphis tennessee rental properties,1,0,480,45,0.79,commercial,https://www.reedyandcompany.com/rental-properties/,29,0.16,22.00,0.58,5960000,"[24,45,62,100,45,20,24,16,13,10,10,16]",2026-04-11,AI overview,,
2 bedroom houses,1,0,720,23,0.65,informational,https://www.reedyandcompany.com/blog/2-bedroom-houses-for-rent-does-size-matter-a-guide-for-renters/,29,0.16,18.00,0.74,221000000,"[24,13,13,13,13,13,13,8,13,24,10,13]",2026-04-18,Image pack,,
graceland flats,3,3,390,23,0.39,informational,https://gracelandflats.reedyandcompany.com/,-26,0.02,1.00,0.25,142,"[30,24,36,36,24,45,55,45,24,30,24,24]",2026-04-08,Organic,,People also ask
acceptable reasons for late rent payments,1,6,210,8,2.02,informational,https://www.reedyandcompany.com/blog/18-acceptable-reasons-for-late-rent-payments-a-landlords-guide/,26,0.14,54.00,0.02,16500000,"[24,20,16,16,20,20,20,20,20,13,13,8]",2026-04-26,Organic,,
reedy & company memphis property rentals photos,1,1,110,26,0.36,"informational, transactional",https://www.reedyandcompany.com/rental-properties/,-24,0.48,31.00,0.22,9340,"[80,65,100,80,53,53,26,11,11,7,11,11]",2026-04-08,Organic,,Image pack
reedy property group,17,7,1000,22,1.72,informational,https://www.reedyandcompany.com/,-21,0,1.00,0.08,98,"[44,44,34,34,34,44,44,24,34,30,24,24]",2026-04-17,Organic,People also ask,
homes for rent memphis tn,5,6,2400,40,0.49,commercial,https://www.reedyandcompany.com/rental-properties/,21,0.58,51.00,0.61,3580000,"[53,44,44,53,44,44,44,35,35,35,35,35]",2026-04-24,Organic,,
apartmenrs,2,2,1600,73,0.79,navigational,https://www.reedyandcompany.com/blog/what-are-the-different-types-of-apartments/,-19,0,0.00,0.25,1870000000,"[36,19,2,29,4,4,8,10,19,19,19,13]",2026-04-15,Things to know,,
property managment companies near me,1,8,320,53,4.76,transactional,https://www.reedyandcompany.com/,18,0.11,95.00,0.34,797000000,"[0,7,3,3,66,4,13,4,4,1,0,0]",2026-04-01,Organic,,People also ask
graceland farms,0,1,140,16,0.91,commercial,http://www.reedyandcompany.com/graceland-pointe,-18,0,0.00,0.05,448000,"[23,28,23,18,18,18,18,23,23,18,23,23]",2026-04-20,Local pack,,
apartment houses,1,1,480,97,0.99,commercial,https://www.reedyandcompany.com/blog/apartment-vs-a-house-which-is-better-for-your-needs/,17,0.11,20.00,0.2,175000000,"[24,30,8,41,30,10,5,8,10,24,16,8]",2026-04-16,Image pack,,People also ask
aparmtent,1,0,1000,93,0.00,commercial,https://www.reedyandcompany.com/blog/what-are-the-different-types-of-apartments/,17,0.09,0.00,0,1890000000,"[5,8,19,10,8,8,10,15,10,0,0,0]",2026-04-11,Things to know,,
ready and company,0,1,70,43,0.68,navigational,https://www.reedyandcompany.com/rental-properties/,-17,0,0.00,0.02,2770000000,"[0,0,0,0,0,1,1,1,1,1,1,1]",2026-04-25,Organic,,
reedy and company houses for rent,1,1,70,25,0.24,transactional,https://www.reedyandcompany.com/rental-properties/,16,0.3,13.00,0.45,206000,"[5,5,5,5,12,23,23,17,17,28,23,23]",2026-04-10,Organic,,
houses for rent in memphis tennessee,4,13,260,40,0.46,informational,https://www.reedyandcompany.com/rental-properties/,16,0.08,7.00,0.6,5630000,"[24,20,24,30,20,20,20,20,20,20,16,16]",2026-04-11,Organic,,People also ask
graceland flats apartments,3,4,320,19,0.59,navigational,https://gracelandflats.reedyandcompany.com/,-15,0.02,2.00,0.24,105,"[44,35,28,44,35,54,81,81,100,66,66,54]",2026-04-06,Organic,,
duplex for rent near me,20,0,9900,67,0.43,transactional,https://www.reedyandcompany.com/rental-properties/,14,0.07,6.00,0.67,34500000,"[54,29,24,24,24,29,24,29,24,29,24,19]",2026-04-25,Organic,,
rental companies in memphis,2,5,880,57,1.09,commercial,https://www.reedyandcompany.com/,14,0.21,41.00,0.43,21500000,"[100,66,41,30,36,24,30,16,20,24,30,30]",2026-04-23,Organic,,
renting in memphis,9,9,720,49,0.83,informational,https://www.reedyandcompany.com/rental-properties/,13,0.09,14.00,0.68,65700000,"[13,100,100,100,67,67,13,13,76,55,55,45]",2026-04-12,Organic,,"Local pack, People also ask"
apartment home,2,2,1600,81,1.72,informational,https://www.reedyandcompany.com/blog/apartment-vs-a-house-which-is-better-for-your-needs/,13,0.12,39.00,0.4,1460000000,"[43,100,8,13,8,19,15,2,28,2,2,8]",2026-04-19,Image pack,Video Carousel,People also ask
apatment,0,2,880,79,0.00,commercial,https://www.reedyandcompany.com/blog/apartment-vs-a-house-which-is-better-for-your-needs/,-13,0,0.00,0,1690000000,"[2,2,0,1,2,1,0,0,0,0,0,0]",2026-04-09,Things to know,,
property manager resume,4,0,1000,24,1.10,informational,https://www.reedyandcompany.com/blog/9-key-skills-needed-for-becoming-a-property-manager/,12,0.06,13.00,0.31,111000000,"[30,30,24,30,30,34,34,34,34,44,34,24]",2026-04-17,Things to know,,
apatment,1,2,720,91,0.00,commercial,https://www.reedyandcompany.com/blog/what-are-the-different-types-of-apartments/,12,0.06,0.00,0,1910000000,"[2,0,1,2,1,0,0,0,0,0,0,0]",2026-04-10,Things to know,,People also ask
acceptable reasons for late rent payments,1,0,210,8,2.02,informational,https://www.reedyandcompany.com/blog/18-acceptable-reasons-for-late-rent-payments-a-landlords-guide/,12,0.06,24.00,0.02,16500000,"[24,20,16,16,20,20,20,20,20,13,13,8]",2026-04-26,AI overview,,
rental places near me,59,16,8100,89,1.12,transactional,https://www.reedyandcompany.com/rental-properties/,-12,0,0.00,0.41,393000000,"[36,29,44,36,36,44,36,36,29,36,24,19]",2026-04-23,Organic,People also ask,AI overview
house for rent memphis tn,7,13,720,36,0.42,commercial,https://www.reedyandcompany.com/rental-properties/,12,0.09,7.00,0.64,21600000,"[30,24,24,24,24,20,24,24,24,16,20,24]",2026-04-03,Organic,,
what can a landlord look at during an inspection,1,0,390,6,0.13,informational,https://www.reedyandcompany.com/blog/what-can-a-landlord-look-at-during-an-inspection/,12,0.06,1.00,0.04,22700000,"[39,39,39,39,32,26,39,32,39,48,39,39]",2026-04-09,AI overview,,
tenant recommendation letter,5,10,590,13,0.76,informational,https://www.reedyandcompany.com/blog/the-tenant-reference-letter-tips-and-best-practices-for-memphis-landlords/,11,0.06,9.00,0.68,8140000,"[36,45,67,45,55,67,55,36,30,30,30,24]",2026-04-13,Organic,,
tenant letter of recommendation,3,9,170,17,0.76,informational,https://www.reedyandcompany.com/blog/the-tenant-reference-letter-tips-and-best-practices-for-memphis-landlords/,11,0.06,8.00,0.68,8780000,"[11,28,44,54,54,15,23,44,23,23,23,18]",2026-04-24,Organic,Discussions and forums,
reedy and company memphis tennessee,4,0,2900,47,0.46,navigational,https://www.reedyandcompany.com/blog/rehab-your-property-with-reedy-companys-professional-help/,11,0.06,5.00,0.02,199000,"[3,81,100,100,43,54,1,0,24,36,43,54]",2026-04-25,People also ask,,
2 bedroom house,9,44,2900,26,0.65,informational,https://www.reedyandcompany.com/blog/2-bedroom-houses-for-rent-does-size-matter-a-guide-for-renters/,11,0.06,7.00,0.74,1630000000,"[65,65,81,65,65,65,81,65,54,65,65,65]",2026-04-24,Organic,,
at will tenants,5,0,480,18,0.44,informational,https://www.reedyandcompany.com/blog/tenant-at-will-explained-everything-you-need-to-know/,11,0.06,4.00,0.02,148,"[44,100,81,100,81,100,81,66,81,44,81,66]",2026-04-02,Organic,,
apartmetn,2,3,720,91,0.79,commercial,https://www.reedyandcompany.com/blog/what-are-the-different-types-of-apartments/,10,0.05,7.00,0.25,1910000000,"[12,2,0,19,8,2,19,8,4,12,7,4]",2026-04-09,Things to know,,People also ask
memphis homes for rent,6,7,480,43,0.49,informational,https://www.reedyandcompany.com/rental-properties/,-10,0.02,1.00,0.61,6410000,"[39,32,32,32,32,39,59,59,59,72,59,88]",2026-04-10,Organic,,
midsouth best rentals memphis,6,0,3600,42,0.57,"commercial, navigational",https://www.reedyandcompany.com/blog/the-realities-of-owning-a-memphis-rental-property-what-to-expect/,10,0.05,5.00,0.07,116000,"[1,100,44,0,1,1,0,0,36,36,0,2]",2026-04-25,People also ask,,
reedy & company memphis property rentals reviews,1,0,170,18,0.48,"commercial, informational",https://www.reedyandcompany.com/property-management/,10,0.05,4.00,0.08,6220,"[80,53,80,100,80,80,80,53,34,53,53,42]",2026-04-06,AI overview,,
apartment vs home,1,0,260,12,0.00,commercial,https://www.reedyandcompany.com/blog/apartment-vs-a-house-which-is-better-for-your-needs/,9,0.04,0.00,0,764000000,"[81,81,44,44,54,66,100,28,35,18,15,11]",2026-04-23,AI overview,,
reed and company,2,3,170,26,0.46,commercial,https://www.reedyandcompany.com/,9,0.12,10.00,0.02,110,"[22,43,66,35,22,100,43,22,22,18,14,29]",2026-04-06,Organic,,
rental companies memphis tn,2,5,390,56,1.09,commercial,https://www.reedyandcompany.com/,8,0.09,18.00,0.43,4330000,"[72,72,48,26,32,39,39,26,26,21,21,21]",2026-04-13,Organic,Related searches,
places to rent,30,0,12100,82,0.50,informational,https://www.reedyandcompany.com/rental-properties/,8,0.04,4.00,0.68,2250000000,"[54,36,44,36,29,36,36,29,29,29,24,24]",2026-04-23,Organic,,
apartment',1,2,480,87,0.79,commercial,https://www.reedyandcompany.com/blog/what-are-the-different-types-of-apartments/,8,0.04,6.00,0.25,1950000000,"[0,54,0,0,0,0,0,0,0,0,0,65]",2026-04-10,Things to know,,People also ask
memphis houses for rent,7,7,1300,42,0.42,informational,https://www.reedyandcompany.com/rental-properties/,-8,0.17,13.00,0.64,5470000,"[54,13,20,20,81,29,20,16,20,16,20,36]",2026-04-09,Organic,,
property management near me,29,0,12100,67,4.46,transactional,https://www.reedyandcompany.com/,8,0.04,35.00,0.3,1170000000,"[36,16,29,36,16,67,54,19,67,44,36,29]",2026-04-26,Organic,,
memphis tennessee rental properties,3,5,480,45,0.79,commercial,https://www.reedyandcompany.com/rental-properties/,8,0.07,11.00,0.58,5960000,"[24,45,62,100,45,20,24,16,13,10,10,16]",2026-04-11,Organic,AI overview,
can a property manager evict a tenant,1,1,70,5,0.90,informational,https://www.reedyandcompany.com/blog/can-a-property-manager-evict-a-tenant/,8,0.09,15.00,0.1,2890000,"[11,11,11,17,11,64,82,100,52,29,64,64]",2026-04-26,Organic,Discussions and forums,AI overview
homes for rent memphis,5,6,880,30,0.42,commercial,https://www.reedyandcompany.com/rental-properties/,8,0.21,15.00,0.64,110,"[30,30,30,30,36,24,100,30,30,36,36,36]",2026-04-02,Organic,,People also ask
can a landlord evict you for no reason,6,9,590,5,0.46,informational,https://www.reedyandcompany.com/blog/can-a-landlord-evict-you-for-no-reason/,7,0.06,5.00,0.09,3610000,"[67,55,67,45,36,36,30,67,36,30,45,45]",2026-04-12,Organic,,
rental companies memphis,2,7,320,55,1.09,commercial,https://www.reedyandcompany.com/,7,0.07,15.00,0.43,11000000,"[100,66,54,36,54,36,36,29,36,23,29,29]",2026-04-20,Organic,Discussions and forums,
memphis real estate investment,5,3,110,36,6.43,commercial,https://www.reedyandcompany.com/investments/,-7,0.01,12.00,0.27,7090000,"[19,33,42,23,33,33,80,100,80,66,66,66]",2026-04-09,Organic,,People also ask
they will kick us out by the manager means,1,0,210,20,0.00,informational,https://www.reedyandcompany.com/blog/can-a-property-manager-evict-a-tenant/,7,0.03,0.00,0,78,"[0,0,0,100,0,0,0,0]",2026-04-19,AI overview,,
property management companies near me,13,32,8100,66,4.76,transactional,https://www.reedyandcompany.com/,7,0.06,57.00,0.34,734000000,"[66,54,36,54,66,36,44,29,44,36,29,36]",2026-04-26,Organic,People also ask,
private owners,10,0,1300,24,0.71,informational,https://www.reedyandcompany.com/blog/risks-of-private-owners-renting-houses-how-to-protect-your-property/,6,0.03,4.00,0.46,134,"[29,16,35,24,18,24,29,24,35,29,35,16]",2026-04-14,Organic,,
how to calculate vacancy rate,6,0,320,9,0.00,informational,https://www.reedyandcompany.com/blog/what-is-your-vacancy-rate-keeping-your-cash-flow-stable/,6,0.03,0.00,0.01,16700000,"[66,81,81,100,81,81,66,66,43,54,43,35]",2026-04-20,Organic,,
what rights do tenants have without a lease,8,0,1300,17,0.75,informational,https://www.reedyandcompany.com/blog/understanding-tenant-rights-without-a-lease-agreement/,6,0.03,4.00,0.07,36500000,"[66,54,54,54,66,54,66,79,66,54,36,24]",2026-04-21,Organic,,
what are my rights as a tenant without a lease,7,97,320,10,0.41,informational,https://www.reedyandcompany.com/blog/understanding-tenant-rights-without-a-lease-agreement/,6,0.03,2.00,0.08,173,"[16,13,10,16,13,13,16,16,16,13,8,8]",2026-04-03,Organic,,People also ask
living in memphis,5,22,260,14,0.79,informational,https://www.reedyandcompany.com/blog/everything-you-need-to-know-about-living-in-memphis-tn/,6,0.03,4.00,0.05,125,"[44,44,44,44,44,36,44,36,36,29,36,29]",2026-04-16,Organic,AI overview,"People also ask, Discussions and forums"
rental of properties,28,41,14800,85,0.67,"commercial, informational",https://www.reedyandcompany.com/rental-properties/,6,0.05,6.00,0.39,156,"[24,29,54,100,81,29,24,67,10,54,8,8]",2026-04-27,Organic,People also ask,
memphis rental properties,4,3,480,50,0.79,commercial,https://www.reedyandcompany.com/rental-properties/,-6,0.07,11.00,0.58,4450000,"[24,24,30,41,20,16,16,20,13,16,13,20]",2026-04-15,Organic,,People also ask
rental house,19,0,4400,89,0.53,informational,https://www.reedyandcompany.com/rental-properties/,6,0.03,3.00,0.54,2440000000,"[10,10,16,13,13,24,24,13,13,13,13,13]",2026-04-24,Organic,,
2 bd house for rent,10,0,480,13,0.33,informational,https://www.reedyandcompany.com/blog/2-bedroom-houses-for-rent-does-size-matter-a-guide-for-renters/,6,0.03,1.00,0.66,52700000,"[48,39,39,59,26,48,48,32,48,48,48,100]",2026-04-20,Organic,,
rental homes near me,0,32,18100,71,0.54,transactional,https://www.reedyandcompany.com/rental-properties/,-5,0,0.00,0.77,227000000,"[29,24,36,44,29,36,29,36,29,29,24,24]",2026-04-21,Organic,,
home rental companies memphis tn,1,3,140,53,0.85,commercial,https://www.reedyandcompany.com/,5,0.04,7.00,0.47,171,"[43,29,22,14,10,14,29,54,35,35,29,29]",2026-04-06,Organic,,
memphis home rentals,5,14,210,41,0.49,commercial,https://www.reedyandcompany.com/rental-properties/,5,0.02,2.00,0.61,11100000,"[100,3,7,3,7,3,14,21,21,21,21,21]",2026-04-26,Organic,,
what do property managers charge,3,25,170,29,1.46,informational,https://www.reedyandcompany.com/blog/how-much-do-property-management-companies-charge-rates-explained/,5,0.02,7.00,0.45,110000000,"[100,80,100,100,65,65,80,65,53,53,53,34]",2026-04-25,Organic,,Short videos
homes available for rent near me,31,0,8100,69,0.41,"informational, transactional",https://www.reedyandcompany.com/rental-properties/,5,0.02,2.00,0.62,159000000,"[2,2,1,7,5,5,3,7,100,29,3,5]",2026-04-26,Organic,,
management company near me,1,0,90,55,3.87,transactional,https://www.reedyandcompany.com/,5,0.02,19.00,0.47,1840000000,"[8,2,3,1,1,1,11,7,8,2,4,4]",2026-04-25,Organic,,
best metrics to evaluate commercial property investments,1,0,90,6,0.00,commercial,https://www.reedyandcompany.com/blog/8-key-metrics-to-enhance-your-real-estate-portfolio-management/,5,0.02,0.00,0,58700000,"[0,82,82,100,64,41,17]",2026-04-09,AI overview,,
for rent in memphis tn,6,0,170,54,0.65,informational,https://www.reedyandcompany.com/rental-properties/,5,0.02,3.00,0.73,13500000,"[5,53,100,100,82,28,35,35,35,23,17,35]",2026-04-08,Organic,,
rental property,0,25,8100,89,0.67,commercial,https://www.reedyandcompany.com/rental-properties/,-5,0,0.00,0.39,4360000000,"[36,29,36,36,29,24,29,36,13,44,13,19]",2026-04-26,Organic,,
house rental companies in memphis tn,1,4,140,53,0.85,commercial,https://www.reedyandcompany.com/,5,0.04,7.00,0.47,5930000,"[65,19,80,80,53,34,42,53,53,53,53,53]",2026-04-17,Organic,,
what do property management companies charge,4,17,140,29,1.74,informational,https://www.reedyandcompany.com/blog/how-much-do-property-management-companies-charge-rates-explained/,4,0.02,6.00,0.48,189,"[53,53,43,43,34,43,43,43,43,34,100,34]",2026-04-11,Organic,,People also ask
houses in memphis for rent,5,8,170,46,0.42,informational,https://www.reedyandcompany.com/rental-properties/,4,0.03,2.00,0.64,5370000,"[12,9,15,15,15,15,29,36,23,29,36,29]",2026-04-13,Organic,,
rental home memphis,6,7,260,43,0.42,informational,https://www.reedyandcompany.com/rental-properties/,4,0.04,3.00,0.64,50300000,"[0,10,0,36,81,54,10,5,19,100,3,7]",2026-04-11,Organic,,
section 8 houses for rent private owners,3,23,70,26,0.38,informational,https://www.reedyandcompany.com/blog/section-8-houses-for-rent-by-owner-tips-for-memphis-landlords/,4,0.02,1.00,0.4,94100000,"[9,9,19,12,12,12,29,6,6,5,2,4]",2026-04-26,Organic,People also ask,
property managers checklist,1,0,70,9,5.48,informational,https://www.reedyandcompany.com/blog/a-property-manager-duties-checklist-for-beginners/,4,0.02,21.00,0.95,188000000,"[28,50,64,35,50,28,64,50,35,35,35,100]",2026-04-09,AI overview,,
memphis tn rental homes,5,5,170,43,0.49,informational,https://www.reedyandcompany.com/rental-properties/,4,0.03,3.00,0.61,110,"[11,11,11,15,18,11,35,54,44,35,35,35]",2026-04-12,Organic,,
how much do property managers charge,11,0,2900,36,2.96,informational,https://www.reedyandcompany.com/blog/how-much-do-property-management-companies-charge-rates-explained/,4,0.02,11.00,0.45,114000000,"[81,43,100,81,81,100,65,81,54,43,43,43]",2026-04-27,Organic,,
rental homes of america memphis tn,13,29,1000,24,0.49,informational,https://www.reedyandcompany.com/rental-properties/,4,0.02,1.00,0.61,106,"[7,100,0,0,82,100,1,5,65,44,0,0]",2026-04-17,Organic,,"People also ask, AI overview"
landlord letter of recommendation,0,4,390,17,0.96,informational,https://www.reedyandcompany.com/blog/the-tenant-reference-letter-tips-and-best-practices-for-memphis-landlords/,-4,0,0.00,0.73,5490000,"[29,36,67,36,36,44,29,54,44,44,23,44]",2026-04-15,People also ask,,
homes for rent 38125,16,12,880,27,0.51,commercial,https://www.reedyandcompany.com/rental-properties/,-4,0.01,1.00,0.54,598000,"[100,100,100,88,88,88,72,88,72,72,59,72]",2026-04-03,Organic,,
for rent in memphis,5,12,110,54,0.65,informational,https://www.reedyandcompany.com/rental-properties/,4,0.02,2.00,0.73,113,"[26,42,34,42,42,34,80,65,34,42,26,42]",2026-04-27,Organic,,
properties for rent,0,15,1600,94,0.61,informational,https://www.reedyandcompany.com/rental-properties/,-4,0,0.00,0.53,2700000000,"[4,19,19,15,13,8,8,19,10,10,13,10]",2026-04-04,Organic,,
pictures of houses for rent,1,0,110,35,0.24,informational,https://www.reedyandcompany.com/blog/2-bedroom-houses-for-rent-does-size-matter-a-guide-for-renters/,4,0.02,0.00,0.09,48800000,"[52,52,52,52,42,42,66,52,42,52,42,52]",2026-04-01,Image pack,,
property manager duties checklist,1,1,70,9,2.54,informational,https://www.reedyandcompany.com/blog/a-property-manager-duties-checklist-for-beginners/,4,0.02,10.00,0.36,3870000,"[33,42,42,23,14,33,42,42,19,23,23,23]",2026-04-14,AI overview,Image pack,People also ask
rent home memphis,9,10,260,40,0.42,informational,https://www.reedyandcompany.com/rental-properties/,4,0.03,2.00,0.64,34700000,"[0,81,0,36,81,15,0,7,19,100,3,7]",2026-04-17,Organic,People also ask,Local pack
memphis rent,7,8,210,51,0.83,informational,https://www.reedyandcompany.com/rental-properties/,4,0.03,4.00,0.68,33400000,"[3,3,100,1,2,0,55,2,8,5,5,3]",2026-04-11,Organic,,People also ask
property rentals near me,18,0,2900,89,0.47,transactional,https://www.reedyandcompany.com/rental-properties/,4,0.02,1.00,0.69,133000000,"[81,7,5,8,4,5,13,8,5,8,4,3]",2026-04-25,Organic,,
tenant screening checklist,9,0,260,14,1.41,informational,https://www.reedyandcompany.com/blog/tenant-screening-checklist-a-helpful-tool-for-landlords/,4,0.02,5.00,0.22,1890000,"[19,15,23,19,23,19,66,100,81,19,4,19]",2026-04-07,Organic,,
living in memphis tennessee,5,10,170,13,0.79,informational,https://www.reedyandcompany.com/blog/everything-you-need-to-know-about-living-in-memphis-tn/,4,0.02,3.00,0.05,54200000,"[43,43,35,28,17,17,66,35,53,43,43,43]",2026-04-10,Organic,,People also ask
property management companies memphis,1,2,170,50,4.09,commercial,https://www.reedyandcompany.com/,4,0.06,44.00,0.54,113,"[35,23,35,28,35,28,53,53,53,100,82,43]",2026-04-06,Organic,,
how much does a property manager charge,0,10,880,24,3.13,informational,https://www.reedyandcompany.com/blog/how-much-do-property-management-companies-charge-rates-explained/,-4,0,0.00,0.44,215000000,"[10,16,76,76,100,100,100,100,67,55,55,45]",2026-04-15,Organic,,
good tenant letter,1,0,70,12,0.00,informational,https://www.reedyandcompany.com/blog/the-tenant-reference-letter-tips-and-best-practices-for-memphis-landlords/,4,0.02,0.00,0.33,63000000,"[5,5,5,5,5,5,12,12,10,10,100,10]",2026-04-23,People also ask,,
rent a house in memphis,4,18,70,41,0.42,commercial,https://www.reedyandcompany.com/rental-properties/,4,0.02,1.00,0.64,18700000,"[3,2,7,0,0,0,2,0,0,0,0,0]",2026-04-12,Organic,,
home for rent memphis tn,9,5,210,35,0.42,informational,https://www.reedyandcompany.com/rental-properties/,-3,0.02,1.00,0.64,26000000,"[10,6,5,8,8,6,16,20,16,16,13,13]",2026-04-01,Organic,,
rent house,0,40,12100,69,0.53,commercial,https://www.reedyandcompany.com/rental-properties/,-3,0,0.00,0.54,3410000000,"[36,36,54,36,81,54,54,44,36,36,36,36]",2026-04-26,Organic,,
rental realtors,15,0,2400,83,1.04,commercial,https://www.reedyandcompany.com/rental-properties/,3,0.01,3.00,0.51,158,"[54,29,66,3,19,36,13,16,16,2,16,7]",2026-04-25,Organic,,
appartment building,1,0,170,55,1.30,commercial,https://www.reedyandcompany.com/blog/what-are-the-different-types-of-apartments/,3,0.01,3.00,0.05,175,"[0,0,7,0,0,3,0,0,0,0,7,0]",2026-04-09,Things to know,,
eviction notice tennessee,4,0,210,13,1.22,informational,https://www.reedyandcompany.com/blog/can-a-landlord-evict-you-for-no-reason/,3,0.01,3.00,0.56,39000,"[28,35,82,53,66,66,66,66,43,35,43,35]",2026-04-01,Organic,,
tenant at will rights,4,0,90,49,0.20,informational,https://www.reedyandcompany.com/blog/tenant-at-will-explained-everything-you-need-to-know/,3,0.01,0.00,0.11,148,"[26,26,19,26,42,34,42,42,42,26,26,34]",2026-04-07,Organic,,
best location for rental property,9,5,140,18,1.24,commercial,https://www.reedyandcompany.com/blog/figuring-out-the-best-place-to-buy-a-rental-property/,-3,0,0.00,0.21,404000000,"[53,65,65,65,100,80,53,53,34,34,34,53]",2026-04-06,Organic,,People also ask
property management responsibilities list,3,5,70,22,0.89,informational,https://www.reedyandcompany.com/blog/a-property-manager-duties-checklist-for-beginners/,3,0.02,3.00,0.09,138,"[41,29,41,23,29,0,41,82,100,41,23,11]",2026-04-09,Organic,,People also ask
properties for let near me,0,38,12100,64,0.51,"informational, transactional",https://www.reedyandcompany.com/rental-properties/,-3,0,0.00,0.66,692000000,"[0,0,5,100,67,36,0,3,44,54,54,54]",2026-04-18,Organic,,
landlord recommendation letter template,0,5,320,20,0.87,informational,https://www.reedyandcompany.com/blog/the-tenant-reference-letter-tips-and-best-practices-for-memphis-landlords/,-3,0,0.00,0.66,1590000,"[14,7,48,48,100,26,17,21,39,21,5,7]",2026-04-22,People also ask,,
houses for rent by owner accepting section 8,0,12,720,26,0.40,informational,https://www.reedyandcompany.com/blog/section-8-houses-for-rent-by-owner-tips-for-memphis-landlords/,-3,0,0.00,0.35,56300000,"[29,5,0,2,1,3,7,3,35,1,1,2]",2026-04-05,Organic,,
letter of recommendation tenant,5,10,170,14,0.76,informational,https://www.reedyandcompany.com/blog/the-tenant-reference-letter-tips-and-best-practices-for-memphis-landlords/,3,0.01,2.00,0.68,9200000,"[53,80,100,80,53,80,80,53,42,26,19,42]",2026-04-24,Organic,,
reedy rentals,4,5,70,36,0.77,informational,https://www.reedyandcompany.com/,-3,0,0.00,0.27,1330000,"[50,78,35,100,64,35,28,28,21,14,14,50]",2026-04-06,Organic,Top stories,
homes for rent 38119,9,12,170,13,0.40,informational,https://www.reedyandcompany.com/rental-properties/,3,0.02,1.00,0.48,106,"[53,43,43,35,43,35,43,43,53,35,35,43]",2026-04-07,Organic,,
effective marketing strategies for affluent homeowners,1,1,40,5,0.00,informational,https://www.reedyandcompany.com/blog/12-key-strategies-for-luxury-property-marketing-success/,3,0.02,0.00,0,37200000,"[33,100,44,0]",2026-04-08,Organic,,"People also ask, Discussions and forums"
can i be evicted for no reason,5,10,90,12,0.51,informational,https://www.reedyandcompany.com/blog/can-a-landlord-ask-you-to-vacate-for-no-reason-find-out-here/,3,0.01,1.00,0.18,15700000,"[100,42,52,52,52,42,42,33,33,23,23,19]",2026-04-07,Organic,,People also ask
memphis rental property management,0,2,70,50,0.00,commercial,https://www.reedyandcompany.com/,-3,0,0.00,0.79,1430000,"[4,6,4,22,6,4,8,22,22,22,22,22]",2026-04-01,Organic,,
section 8 houses for rent in memphis tn,8,11,140,17,0.28,informational,https://www.reedyandcompany.com/blog/section-8-houses-for-rent-by-owner-tips-for-memphis-landlords/,3,0.01,0.00,0.47,569000,"[28,28,44,28,23,23,23,18,28,15,18,23]",2026-04-07,Organic,,People also ask
homesforrent,0,11,720,25,0.57,commercial,https://www.reedyandcompany.com/rental-properties/,-3,0,0.00,0.62,491000000,"[55,24,16,20,20,16,16,24,30,16,16,34]",2026-04-20,Organic,,
how to introduce yourself to neighbors,5,7,110,13,0.00,informational,https://www.reedyandcompany.com/blog/new-neighbors-how-to-introduce-yourself-to-the-community/,3,0.01,0.00,0,11700000,"[34,28,34,34,43,28,34,53,43,43,43,34]",2026-04-19,Organic,Short videos,"Video Carousel, People also ask"
how much do management companies charge for rentals,4,21,110,31,2.85,informational,https://www.reedyandcompany.com/blog/how-much-do-property-management-companies-charge-rates-explained/,3,0.01,8.00,0.52,183,"[42,34,34,53,80,34,42,42,26,42,34,26]",2026-04-06,Organic,,People also ask
tenant background verification,0,31,4400,58,6.42,informational,https://www.reedyandcompany.com/blog/how-to-conduct-a-tenant-background-check-effectively/,-3,0,0.00,0.79,150,"[1,81,100,81,36,3,0,1,54,44,0,1]",2026-04-05,Organic,,
renting without a lease agreement,4,0,70,9,2.11,informational,https://www.reedyandcompany.com/blog/understanding-tenant-rights-without-a-lease-agreement/,3,0.01,6.00,0.05,98700000,"[100,64,52,41,52,41,41,41,41,29,29,17]",2026-04-10,Organic,,
rental services property management,8,0,170,71,7.66,commercial,https://www.reedyandcompany.com/,3,0.01,22.00,0.03,263000000,"[66,28,28,53,100,43,82,35,53,17,23,17]",2026-04-09,Organic,,
homes apartment,1,7,40,69,1.07,commercial,https://www.reedyandcompany.com/blog/apartment-vs-a-house-which-is-better-for-your-needs/,3,0.01,3.00,0.23,401000000,"[0,0,0,2,0,0,2,5,2,100,2,2]",2026-04-12,Image pack,,
rental company,0,31,4400,33,1.85,commercial,https://www.reedyandcompany.com/,-3,0,0.00,0.39,149,"[44,44,36,15,29,54,54,54,36,36,44,19]",2026-04-01,Organic,,
houses for rent by owner in memphis,10,0,170,34,0.46,informational,https://www.reedyandcompany.com/rental-properties/,3,0.01,1.00,0.6,6430000,"[53,81,100,100,65,65,21,34,65,65,34,28]",2026-04-03,Organic,,
landlord repair notice to tenant,1,0,90,14,1.07,informational,https://www.reedyandcompany.com/blog/landlord-repair-notice-to-tenant-how-to-properly-notify-tenants-in-memphis-tn/,3,0.01,3.00,0.18,183,"[53,28,28,10,23,23,35,23,12,12,12,12]",2026-04-15,AI overview,,
reedy & company memphis property rentals reviews,10,0,170,18,0.48,"commercial, informational",https://www.reedyandcompany.com/property-management/,3,0.01,1.00,0.08,6220,"[80,53,80,100,80,80,80,53,34,53,53,42]",2026-04-06,Organic,,
apartment or home,1,0,90,26,1.04,informational,https://www.reedyandcompany.com/blog/apartment-vs-a-house-which-is-better-for-your-needs/,3,0.01,3.00,0.2,1400000000,"[52,66,52,66,100,66,66,52,4,0,4,0]",2026-04-24,AI overview,,
eviction notice house,1,0,70,45,1.40,informational,https://www.reedyandcompany.com/blog/how-to-evict-a-tenant-your-guide-to-the-eviction-process/,3,0.01,4.00,0.54,30700000,"[55,55,55,77,77,77,77,77,77,100,77,44]",2026-04-11,Image pack,,
landlord letter of reference,12,66,1000,16,0.96,informational,https://www.reedyandcompany.com/blog/the-tenant-reference-letter-tips-and-best-practices-for-memphis-landlords/,3,0.01,2.00,0.77,34100000,"[31,68,100,84,84,37,37,46,37,31,13,16]",2026-04-20,Organic,,
renters rights without a lease,7,8,170,10,0.27,informational,https://www.reedyandcompany.com/blog/understanding-tenant-rights-without-a-lease-agreement/,3,0.02,1.00,0.15,34000000,"[53,43,53,43,43,43,43,35,35,28,28,28]",2026-04-07,Organic,,People also ask
2 bedroom house rent,8,0,390,15,0.33,informational,https://www.reedyandcompany.com/blog/2-bedroom-houses-for-rent-does-size-matter-a-guide-for-renters/,3,0.01,0.00,0.66,173000000,"[0,35,3,3,0,7,3,8,1,0,2,13]",2026-04-23,Image pack,,
how much does a property management company charge,6,10,170,31,2.69,informational,https://www.reedyandcompany.com/blog/how-much-do-property-management-companies-charge-rates-explained/,3,0.01,8.00,0.49,425000000,"[43,35,43,14,29,14,29,54,29,29,100,35]",2026-04-11,Organic,Discussions and forums,People also ask
how much should a property manager charge,13,0,1300,33,2.96,informational,https://www.reedyandcompany.com/blog/how-much-do-property-management-companies-charge-rates-explained/,3,0.01,8.00,0.45,177,"[3,53,100,2,5,10,0,16,35,24,29,1]",2026-04-18,Organic,,
section 8 homes in memphis tn,10,8,720,18,0.62,informational,https://www.reedyandcompany.com/blog/section-8-houses-for-rent-by-owner-tips-for-memphis-landlords/,-2,0.08,9.00,0.13,4540000,"[13,55,100,100,100,76,8,55,67,45,36,45]",2026-04-09,Organic,See results about,Knowledge panel
rental property near me,12,9,5400,64,0.51,"informational, transactional",https://www.reedyandcompany.com/rental-properties/,2,0.08,8.00,0.66,414000000,"[29,10,29,10,10,29,19,19,16,24,16,8]",2026-04-22,Organic,AI overview,
rental companies in memphis that accept bankruptcies,1,0,40,31,0.93,commercial,https://www.reedyandcompany.com/,2,0.01,1.00,0.26,85,"[9,33,23,23,19,9,14,14,9,14,14,14]",2026-04-25,Organic,,
rental.houses near me,21,0,1900,66,0.41,"informational, transactional",https://www.reedyandcompany.com/rental-properties/,2,0.01,0.00,0.68,185000000,"[0,0,0,0,0,0,0,0,0,0,0,100]",2026-04-24,Organic,,
home rental companies,20,0,1900,88,2.60,commercial,https://www.reedyandcompany.com/,2,0.01,5.00,0.65,394000000,"[66,66,10,8,35,29,29,44,29,35,35,18]",2026-04-23,Organic,,
5155 citation drive,6,0,70,22,0.00,informational,https://www.reedyandcompany.com/blog/memphis-welcome-second-amazon-facility/,2,0.01,0.00,0.01,53,"[1,2,3,1,1,2,2,1,2,4,3,3]",2026-04-20,Organic,,
landlord responsibilities for repairs,3,0,40,25,0.17,informational,https://www.reedyandcompany.com/blog/6-key-landlord-repair-obligations-explained/,2,0.01,0.00,0.15,146,"[11,15,19,15,19,3,34,19,3,42,3,3]",2026-04-14,Organic,,
rentals memphis tn,6,10,140,44,0.65,commercial,https://www.reedyandcompany.com/rental-properties/,2,0.01,1.00,0.73,19900000,"[23,15,15,12,15,12,19,19,19,19,15,15]",2026-04-06,Organic,,
best cities to buy rental property,16,9,720,34,1.13,commercial,https://www.reedyandcompany.com/blog/figuring-out-the-best-place-to-buy-a-rental-property/,-2,0,1.00,0.24,106000000,"[66,41,41,30,41,24,36,24,24,20,20,24]",2026-04-23,Organic,,
new homes for rent,26,0,1900,63,1.36,informational,https://www.reedyandcompany.com/rental-properties/,2,0.01,2.00,0.69,423000000,"[66,100,44,36,44,36,52,66,66,52,44,52]",2026-04-26,Organic,,
property for rent near me,26,0,1900,72,0.51,"informational, transactional",https://www.reedyandcompany.com/rental-properties/,2,0.01,1.00,0.67,438000000,"[8,7,19,36,4,29,29,8,10,5,10,5]",2026-04-21,Organic,,
renting a room in your house to a family member,1,0,70,5,0.00,informational,https://www.reedyandcompany.com/blog/rent-to-a-family-member-tax-rules-you-should-know/,2,0.01,0.00,0.1,140,"[15,12,6,12,6,12,15,6,43,34,34,34]",2026-04-15,AI overview,,
private home owners that accept section 8 in tennessee,11,9,110,8,0.49,informational,https://www.reedyandcompany.com/blog/section-8-houses-for-rent-by-owner-tips-for-memphis-landlords/,-2,0,0.00,0.25,12000000,"[10,12,4,10,19,15,29,7,12,12,7,7]",2026-04-25,Organic,Discussions and forums,AI overview
rental property management memphis,3,1,70,41,1.53,commercial,https://www.reedyandcompany.com/,-2,0.01,3.00,0.69,89100,"[33,9,23,19,19,9,52,42,52,42,42,42]",2026-04-02,Organic,,
reedy & company memphis property rentals photos,5,3,110,26,0.36,"informational, transactional",https://www.reedyandcompany.com/property-management/single-family/,-2,0,0.00,0.22,9340,"[80,65,100,80,53,53,26,11,11,7,11,11]",2026-04-08,Organic,,Image pack
can landlords evict you for no reason,5,6,110,21,0.46,informational,https://www.reedyandcompany.com/blog/can-a-landlord-evict-you-for-no-reason/,-2,0,0.00,0.09,5070000,"[8,18,10,18,100,22,22,22,22,14,22,14]",2026-04-02,Organic,"People also ask, Short videos, Discussions and forums","Video Carousel, AI overview"
can landlords go through your stuff during an inspection,1,0,70,14,0.65,informational,https://www.reedyandcompany.com/blog/what-can-a-landlord-look-at-during-an-inspection/,2,0.01,1.00,0.04,1890000,"[29,29,41,29,29,41,29,41,52,52,52,82]",2026-04-03,AI overview,,
tenants at will definition,0,1,70,11,0.00,informational,https://www.reedyandcompany.com/blog/tenant-at-will-explained-everything-you-need-to-know/,-2,0,0.00,0.01,20500000,"[63,45,45,45,36,81,45,45,81,100,81,81]",2026-04-21,People also ask,,
tenant at will eviction massachusetts,1,0,70,19,0.94,informational,https://www.reedyandcompany.com/blog/tenant-at-will-explained-everything-you-need-to-know/,2,0.01,1.00,0.15,1620000,"[35,78,50,50,64,50,28,50,64,64,50,64]",2026-04-26,People also ask,,
rental house near me,29,0,3600,67,0.41,"informational, transactional",https://www.reedyandcompany.com/rental-properties/,2,0.01,0.00,0.68,612000000,"[54,16,19,13,16,13,13,13,16,10,8,10]",2026-04-26,Organic,,
memphis rental property management,3,0,70,9,0.00,commercial,https://www.reedyandcompany.com/blog/unmatched-property-management-boost-your-property-investments/,2,0.01,0.00,0.33,85500,"[6,4,22,6,4,8,22,22,22,22,22,22]",2026-04-01,Organic,,
tenant at will georgia,1,2,90,22,0.33,informational,https://www.reedyandcompany.com/blog/tenant-at-will-explained-everything-you-need-to-know/,2,0.01,0.00,0.07,132,"[42,34,34,42,34,34,42,34,34,26,34,19]",2026-04-23,People also ask,,
do landlords have to provide heat,4,0,110,19,0.33,informational,https://www.reedyandcompany.com/blog/how-long-can-a-landlord-leave-you-without-heat/,2,0.01,0.00,0.01,16600000,"[66,43,23,17,17,12,12,12,12,35,53,53]",2026-04-24,Organic,,
letter of reference from landlord,8,9,260,16,0.96,informational,https://www.reedyandcompany.com/blog/the-tenant-reference-letter-tips-and-best-practices-for-memphis-landlords/,2,0.01,1.00,0.77,36800000,"[3,23,44,44,35,28,54,54,66,28,100,18]",2026-04-02,Organic,,People also ask
shift apartments,23,0,1900,19,1.39,navigational,https://www.reedyandcompany.com/property-management/multi-family/,2,0.01,2.00,0.19,40100000,"[65,36,43,43,43,54,65,43,22,29,43,43]",2026-04-22,Organic,,
rentals in memphis,5,14,110,52,0.83,commercial,https://www.reedyandcompany.com/rental-properties/,2,0.01,1.00,0.68,42400000,"[15,2,4,1,2,2,5,10,12,100,7,7]",2026-04-27,Organic,Image pack,
property manager duties list,3,4,50,18,0.68,informational,https://www.reedyandcompany.com/blog/a-property-manager-duties-checklist-for-beginners/,2,0.01,1.00,0.14,75700000,"[35,21,21,28,28,28,50,35,35,35,35,35]",2026-04-10,Organic,,People also ask
house for rent memphis,7,8,390,37,0.42,commercial,https://www.reedyandcompany.com/rental-properties/,2,0.06,4.00,0.64,44900000,"[24,30,30,30,24,24,45,24,36,30,36,24]",2026-04-12,Organic,,
reed and company,12,10,170,26,0.46,commercial,https://www.reedyandcompany.com/rental-properties/,-2,0,0.00,0.02,110,"[22,43,66,35,22,100,43,22,22,18,14,29]",2026-04-06,Organic,,
no lease rental laws,6,15,90,22,0.27,informational,https://www.reedyandcompany.com/blog/understanding-tenant-rights-without-a-lease-agreement/,2,0.01,0.00,0.15,155,"[28,34,21,34,43,43,28,21,34,34,12,28]",2026-04-11,Organic,,People also ask
how long can landlord leave you without heating,6,9,70,7,0.00,informational,https://www.reedyandcompany.com/blog/how-long-can-a-landlord-leave-you-without-heat/,2,0.01,0.00,0.01,17800000,"[0,0,0,14,0,14,10,10,14,35,35,35]",2026-04-16,Organic,,People also ask
good tenant letter from landlord,4,14,110,14,0.63,informational,https://www.reedyandcompany.com/blog/the-tenant-reference-letter-tips-and-best-practices-for-memphis-landlords/,2,0.01,1.00,0.53,38400000,"[3,3,18,3,3,3,18,18,18,18,100,8]",2026-04-21,Organic,"Video Carousel, Discussions and forums, Ads middle",
rental houses memphis,8,4,170,42,0.42,commercial,https://www.reedyandcompany.com/rental-properties/,-2,0.01,1.00,0.64,7290000,"[35,43,18,18,14,14,22,35,100,43,43,54]",2026-04-04,Organic,,
houses that accept section 8,16,0,1900,22,0.55,informational,https://www.reedyandcompany.com/blog/section-8-houses-for-rent-by-owner-tips-for-memphis-landlords/,2,0.01,1.00,0.24,374000000,"[53,29,29,16,44,44,66,24,35,24,24,29]",2026-04-23,Organic,,
does mold make a house uninhabitable,4,0,70,14,0.00,informational,https://www.reedyandcompany.com/blog/are-landlords-legally-responsible-for-mold-concerns/,2,0.01,0.00,0.06,156,"[3,5,6,5,5,5,5,5,3,5,100,5]",2026-04-22,Organic,,
checklist for property management,1,0,40,10,5.48,informational,https://www.reedyandcompany.com/blog/a-property-manager-duties-checklist-for-beginners/,2,0.01,10.00,0.95,139,"[55,55,77,55,44,33,44,55,44,22,0,22]",2026-04-06,AI overview,,
tenant at will california,1,1,90,11,1.27,informational,https://www.reedyandcompany.com/blog/tenant-at-will-explained-everything-you-need-to-know/,2,0.01,3.00,0.13,62800000,"[43,28,28,34,21,34,34,28,28,21,21,15]",2026-04-28,People also ask,,
real estate valuation metrics analysis,7,29,140,13,0.00,informational,https://www.reedyandcompany.com/blog/8-key-metrics-to-enhance-your-real-estate-portfolio-management/,2,0.01,0.00,0,133,"[100,28,6,21,53,65]",2026-04-11,Organic,,People also ask
real estate metrics,0,1,70,26,2.83,informational,https://www.reedyandcompany.com/blog/8-key-metrics-to-enhance-your-real-estate-portfolio-management/,-2,0,0.00,0.29,91500000,"[11,64,100,64,100,41,11,52,41,17,23,29]",2026-04-23,AI overview,,
tenant at will meaning,1,1,110,14,0.00,informational,https://www.reedyandcompany.com/blog/tenant-at-will-explained-everything-you-need-to-know/,2,0.02,0.00,0.01,65100000,"[50,50,78,64,78,78,78,100,100,100,78,100]",2026-04-23,People also ask,,Instant answer
when can a landlord legally reject an esa,7,0,210,15,0.50,informational,https://www.reedyandcompany.com/blog/when-can-a-landlord-legally-reject-an-esa/,2,0.01,1.00,0.21,110000,"[7,8,7,13,16,10,8,8,7,8,8,7]",2026-04-21,Organic,,
apartment s,0,3,170,65,0.79,"commercial, navigational",https://www.reedyandcompany.com/blog/apartment-vs-a-house-which-is-better-for-your-needs/,-2,0,0.00,0.27,1460000000,"[0,1,0,0,0,0,0,0,0,0,0,0]",2026-04-16,Things to know,,
property management companies in memphis tn,3,1,90,50,3.74,commercial,https://www.reedyandcompany.com/,-2,0.01,11.00,0.4,4360000,"[65,11,15,19,19,26,42,42,42,53,42,53]",2026-04-02,Organic,,
reedy & company memphis property rentals reviews,0,5,170,18,0.71,commercial,https://www.reedyandcompany.com/blog/tenant-screening-checklist-a-helpful-tool-for-landlords/,-2,0,0.00,0.06,7270,"[53,80,53,80,100,80,80,80,53,34,53,53]",2026-04-05,People also ask,,
rental property management companies,23,0,1600,81,5.70,commercial,https://www.reedyandcompany.com/,2,0.01,11.00,0.36,174000000,"[29,36,36,29,36,43,36,36,36,16,43,13]",2026-04-11,Organic,,
luxury real estate marketing ideas,5,7,170,14,4.43,informational,https://www.reedyandcompany.com/blog/12-key-strategies-for-luxury-property-marketing-success/,2,0.02,22.00,0.85,44700000,"[65,42,80,65,80,80,80,100,53,42,34,26]",2026-04-16,Organic,Video Carousel,Discussions and forums
memphis rental homes by owner,12,9,170,23,0.24,informational,https://www.reedyandcompany.com/rental-properties/,-2,0,0.00,0.49,11500000,"[0,0,0,0,0,44,15,15,29,29,44,29]",2026-04-21,Organic,,
real estate investing memphis,3,8,50,36,6.43,informational,https://www.reedyandcompany.com/investments/,2,0.01,19.00,0.27,2630000,"[28,28,71,71,57,71,100,100,100,100,100,100]",2026-04-08,Organic,,People also ask
who is responsible for pest control in a rental property,1,0,70,8,0.00,informational,https://www.reedyandcompany.com/blog/who-is-responsible-for-pest-control-when-renting/,2,0.01,0.00,0.02,10200000,"[10,12,12,7,12,10,35,28,28,12,17,5]",2026-04-21,AI overview,,
how seo helps luxury home realtors reach affluent buyers,0,1,70,0,0.00,informational,https://www.reedyandcompany.com/blog/12-key-strategies-for-luxury-property-marketing-success/,-2,0,0.00,0,1370000,"[9,100]",2026-04-23,AI overview,,
how much does a credit check cost,0,6,110,40,2.18,informational,https://www.reedyandcompany.com/blog/why-skipping-credit-checks-in-resident-screening-is-risky/,-2,0,0.00,0.38,1250000000,"[80,42,52,66,33,52,52,66,42,23,66,23]",2026-04-23,Organic,,
rental properties memphis,0,3,170,39,0.80,commercial,https://www.reedyandcompany.com/blog/how-to-build-a-thriving-rental-portfolio-in-memphis/,-2,0,0.00,0.57,5160000,"[28,53,65,53,34,21,28,100,53,53,34,53]",2026-04-23,People also ask,,
rental properties memphis,2,3,170,46,0.79,commercial,https://www.reedyandcompany.com/rental-properties/,2,0.03,5.00,0.58,6650000,"[53,65,53,34,21,28,100,53,53,34,53,65]",2026-04-23,Organic,,People also ask
house rental,38,39,8100,89,0.57,commercial,https://www.reedyandcompany.com/rental-properties/,2,0.01,1.00,0.65,2340000000,"[36,20,13,24,16,16,36,13,13,44,16,8]",2026-04-22,Organic,,"People also ask, See results about, AI overview"
negotiating rent with a property management company,1,0,40,11,0.00,informational,https://www.reedyandcompany.com/blog/can-you-negotiate-rent-with-a-property-management-company/,2,0.01,0.00,0,9290000,"[7,7,7,7,7,7,26,26,26,26,26,26]",2026-04-17,AI overview,,
negotiating rent with a property management company,2,3,40,11,0.00,informational,https://www.reedyandcompany.com/blog/can-you-negotiate-rent-with-a-property-management-company/,2,0.01,0.00,0,9290000,"[7,7,7,7,7,7,26,26,26,26,26,26]",2026-04-17,Organic,AI overview,People also ask
property and rentals,38,52,9900,100,0.67,commercial,https://www.reedyandcompany.com/rental-properties/,2,0.01,1.00,0.39,503000000,"[0,0,0,100,100,54,0,5,44,81,81,66]",2026-04-24,Organic,People also ask,
real estate investment property data metrics,11,6,170,10,0.00,informational,https://www.reedyandcompany.com/blog/8-key-metrics-to-enhance-your-real-estate-portfolio-management/,-2,0,0.00,0,61600000,"[21,21,100]",2026-04-03,Organic,Discussions and forums,
vacation home market,5,0,90,37,0.00,"commercial, informational",https://www.reedyandcompany.com/blog/how-to-navigate-vacation-property-prices-in-2025/,2,0.01,0.00,0.18,344000000,"[3,3,5,8,15,3,100,18,3,11,3,8]",2026-04-14,Organic,,
best marketing strategies for luxury homes 2025,1,0,40,8,0.00,"commercial, informational",https://www.reedyandcompany.com/blog/12-key-strategies-for-luxury-property-marketing-success/,2,0.01,0.00,0,153000000,"[100,100,20]",2026-04-07,AI overview,,
emotional support animal laws tennessee,0,3,70,16,1.08,informational,https://www.reedyandcompany.com/blog/when-can-a-landlord-legally-reject-an-esa/,-1,0,0.00,0.4,2510000,"[26,26,42,34,34,26,19,26,19,19,26,7]",2026-04-03,People also ask,,
can landlord charge for painting,16,4,110,0,0.00,informational,https://www.reedyandcompany.com/blog/can-a-landlord-charge-for-painting-the-rental-property/,-1,0,0.00,0,126,"[34,28,34,53,28,21,34,53,34,28,34,43]",2026-04-17,Organic,,People also ask
rental property income statement,0,9,880,23,6.94,informational,https://www.reedyandcompany.com/blog/real-estate-finance-why-you-need-a-rental-property-income-statement/,-1,0,0.00,0.7,127000000,"[7,11,8,11,82,100,20,44,44,8,5,3]",2026-04-07,Organic,,
the shift apartments,10,10,90,31,2.02,commercial,https://www.reedyandcompany.com/property-management/multi-family/,-1,0,0.00,0.48,95,"[42,53,42,42,34,26,26,26,26,26,26,26]",2026-04-07,Organic,,
rent houses,0,43,6600,67,0.53,informational,https://www.reedyandcompany.com/rental-properties/,-1,0,0.00,0.54,2780000000,"[29,29,36,36,36,36,36,36,36,29,36,29]",2026-04-27,Organic,,
how much property manager charge,7,0,50,30,1.52,informational,https://www.reedyandcompany.com/blog/how-much-do-property-management-companies-charge-rates-explained/,1,0,1.00,0.47,287000000,"[14,19,23,19,23,14,19,19,14,14,80,23]",2026-04-09,Organic,,
homes for rent 38133,10,0,90,12,0.39,informational,https://www.reedyandcompany.com/rental-properties/,1,0,0.00,0.66,110,"[34,42,42,42,42,34,42,26,34,42,34,34]",2026-04-22,Organic,,
tenant reference letter from landlord,6,10,90,10,0.96,informational,https://www.reedyandcompany.com/blog/the-tenant-reference-letter-tips-and-best-practices-for-memphis-landlords/,1,0,0.00,0.77,11500000,"[54,19,10,1,1,1,7,3,2,3,15,3]",2026-04-10,Organic,Discussions and forums,
what does a property management company charge,3,35,30,31,1.74,informational,https://www.reedyandcompany.com/blog/how-much-do-property-management-companies-charge-rates-explained/,1,0,1.00,0.48,184,"[77,22,33,22,55,11,33,33,44,33,11,22]",2026-04-02,Organic,,People also ask
reedy and company houses for rent,3,3,70,25,0.24,transactional,https://www.reedyandcompany.com/property-management/single-family/,1,0,0.00,0.45,206000,"[5,5,5,5,12,23,23,17,17,28,23,23]",2026-04-10,Organic,,
house rent,34,0,6600,79,0.71,commercial,https://www.reedyandcompany.com/rental-properties/,1,0,0.00,0.55,142,"[19,54,29,44,24,13,24,16,13,13,13,16]",2026-04-26,Organic,,
strategies to optimize property portfolio performance,8,0,70,3,0.00,informational,https://www.reedyandcompany.com/blog/8-key-metrics-to-enhance-your-real-estate-portfolio-management/,1,0,0.00,0,139,"[81,100,45,81,27,9]",2026-04-04,Organic,,
real estate investor software,14,20,720,41,0.00,"commercial, informational",https://www.reedyandcompany.com/blog/a-guide-to-the-best-real-estate-investor-software/,1,0,0.00,0,149000000,"[54,81,100,81,100,100,100,100,81,29,67,100]",2026-04-09,Organic,Video Carousel,
memphis rent houses,5,10,40,38,0.42,informational,https://www.reedyandcompany.com/rental-properties/,1,0,0.00,0.64,124,"[0,0,0,0,0,1,0,0,0,0,2,0]",2026-04-03,Organic,,
can a landlord make you pay for repairs,5,5,50,15,0.44,informational,https://www.reedyandcompany.com/blog/can-a-landlord-make-a-tenant-pay-for-repairs/,1,0,0.00,0.05,35500000,"[12,5,17,5,5,5,12,28,12,12,12,12]",2026-04-25,Organic,,Discussions and forums
2 bedroom apartments with den near me,0,1,50,19,1.95,transactional,https://www.reedyandcompany.com/blog/what-are-the-different-types-of-apartments/,-1,0,0.00,0.89,26100000,"[9,9,52,52,66,9,9,9,9,9,9,9]",2026-04-09,People also ask,,
neighbor people,0,1,70,63,0.00,informational,https://www.reedyandcompany.com/blog/new-neighbors-how-to-introduce-yourself-to-the-community/,-1,0,0.00,0.33,357000000,"[0,0,0,0,3,80,42,100,26,80,26,7]",2026-04-21,Image pack,,
questions to ask prospective renters,6,0,70,16,0.13,"commercial, informational",https://www.reedyandcompany.com/blog/7-essential-questions-to-ask-prospective-tenants/,1,0,0.00,0.49,2010000,"[42,66,19,19,66,52,14,14,33,14,23,14]",2026-04-04,Organic,,
is the tenant responsible for repairs,5,9,90,15,0.09,informational,https://www.reedyandcompany.com/blog/can-a-landlord-make-a-tenant-pay-for-repairs/,1,0,0.00,0.11,9470000,"[27,100,100,100,63,100,100,63,36,27,100,36]",2026-04-04,Organic,Discussions and forums,
homes for rent in 38109,20,11,140,13,0.23,informational,https://www.reedyandcompany.com/rental-properties/,-1,0,0.00,0.49,379000,"[66,66,33,33,80,52,100,100,42,42,66,80]",2026-04-16,Organic,,
home rentals memphis,4,8,110,39,0.42,commercial,https://www.reedyandcompany.com/rental-properties/,1,0.01,1.00,0.64,47000000,"[9,1,5,4,6,2,12,9,12,100,6,9]",2026-04-17,Organic,,
homes to rent memphis,6,7,90,42,0.42,informational,https://www.reedyandcompany.com/rental-properties/,1,0.01,1.00,0.64,6260000,"[0,6,0,14,10,81,0,10,10,29,35,14]",2026-04-11,Organic,,
houses for rent 38116,12,13,210,19,0.26,informational,https://www.reedyandcompany.com/rental-properties/,1,0,0.00,0.5,511000,"[35,18,35,43,29,43,54,43,43,43,43,81]",2026-04-09,Organic,,
how to report a property manager,0,1,50,13,0.00,informational,https://www.reedyandcompany.com/blog/tell-tale-signs-you-have-an-unprofessional-property-manager-and-what-to-do/,-1,0,0.00,0.02,519000000,"[19,19,26,19,19,34,11,34,26,7,7,7]",2026-04-03,People also ask,,
rent a home,0,43,3600,86,0.76,commercial,https://www.reedyandcompany.com/rental-properties/,-1,0,0.00,0.54,2970000000,"[29,29,44,24,66,29,36,29,29,29,29,29]",2026-04-15,Organic,,
at will tenant rights,0,1,50,34,0.00,informational,https://www.reedyandcompany.com/blog/tenant-at-will-explained-everything-you-need-to-know/,-1,0,0.00,0.03,115000000,"[15,21,15,9,15,21,12,21,9,9,12,21]",2026-04-23,People also ask,,
house rentals memphis,6,8,70,47,0.42,commercial,https://www.reedyandcompany.com/rental-properties/,1,0,0.00,0.64,23900000,"[29,29,41,11,29,29,41,41,52,41,41,29]",2026-04-13,Organic,,
rental property memphis tn,5,4,210,52,0.79,commercial,https://www.reedyandcompany.com/rental-properties/,1,0.03,4.00,0.58,6080000,"[24,16,16,8,16,16,13,13,8,13,10,16]",2026-04-11,Organic,,
renting without lease or rental agreement,7,3,90,17,2.11,informational,https://www.reedyandcompany.com/blog/understanding-tenant-rights-without-a-lease-agreement/,-1,0,2.00,0.05,93500000,"[65,42,42,26,26,26,26,26,26,19,19,26]",2026-04-22,Organic,,
reedy & company memphis property rentals photos,2,2,110,26,0.36,"informational, transactional",https://www.reedyandcompany.com/,-1,0.01,0.00,0.22,9340,"[80,65,100,80,53,53,26,11,11,7,11,11]",2026-04-08,Organic,,Image pack
fixed term lease,0,7,260,8,1.65,informational,https://www.reedyandcompany.com/blog/maximize-rental-success-with-a-fixed-term-lease/,-1,0,0.00,0.09,79500000,"[28,35,35,28,66,54,54,66,44,35,35,35]",2026-04-16,Organic,,
can you sue your property management company,0,1,40,15,0.00,"commercial, informational",https://www.reedyandcompany.com/blog/tell-tale-signs-you-have-an-unprofessional-property-manager-and-what-to-do/,-1,0,0.00,0.09,45200000,"[22,22,22,22,22,22,22,22,77,100,100,77]",2026-04-14,People also ask,,
homes for rent in 38118,11,9,110,22,0.31,commercial,https://www.reedyandcompany.com/rental-properties/,-1,0,0.00,0.51,458000,"[42,34,65,34,65,26,42,42,26,65,42,53]",2026-04-11,Organic,,
houses to rent in memphis tn,5,9,90,38,0.42,informational,https://www.reedyandcompany.com/rental-properties/,1,0.01,1.00,0.64,2560000,"[28,28,78,50,50,78,35,78,35,78,100,35]",2026-04-12,Organic,,
how much do property managers charge per month,7,14,110,30,1.83,informational,https://www.reedyandcompany.com/blog/how-much-do-property-management-companies-charge-rates-explained/,1,0,1.00,0.36,120000000,"[14,14,22,22,29,18,22,22,14,22,66,14]",2026-04-08,Organic,,People also ask
tenant letter of recommendation,4,0,170,17,0.76,informational,https://www.reedyandcompany.com/blog/the-tenant-reference-letter-tips-and-best-practices-for-memphis-landlords/,1,0,0.00,0.68,8780000,"[11,28,44,54,54,15,23,44,23,23,23,18]",2026-04-24,People also ask,,
recommendation letter tenant,7,6,90,10,0.76,informational,https://www.reedyandcompany.com/blog/the-tenant-reference-letter-tips-and-best-practices-for-memphis-landlords/,-1,0,0.00,0.68,9260000,"[1,8,15,5,3,5,8,8,8,6,100,6]",2026-04-08,Organic,Video Carousel,
home rental agencies in memphis tn,4,2,110,52,0.85,commercial,https://www.reedyandcompany.com/,-1,0.01,2.00,0.47,12900000,"[53,65,65,42,53,42,15,26,26,42,19,15]",2026-04-02,Organic,,People also ask
rent reference letter,3,7,90,14,0.94,informational,https://www.reedyandcompany.com/blog/the-tenant-reference-letter-tips-and-best-practices-for-memphis-landlords/,1,0.01,1.00,0.72,137000000,"[22,4,2,0,8,29,43,43,35,29,10,14]",2026-04-23,Organic,AI overview,
effective marketing strategies for affluent homeowners,1,0,40,5,0.00,informational,https://www.reedyandcompany.com/blog/12-key-strategies-for-luxury-property-marketing-success/,1,0,0.00,0,37200000,"[33,100,44,0]",2026-04-08,AI overview,,
apartments with upstairs and downstairs,14,5,90,27,1.16,commercial,https://www.reedyandcompany.com/blog/what-are-the-different-types-of-apartments/,-1,0,0.00,0.68,153,"[29,14,14,14,14,22,14,14,14,29,29,29]",2026-04-19,Organic,,Image pack
at will lease,0,1,40,12,0.54,informational,https://www.reedyandcompany.com/blog/tenant-at-will-explained-everything-you-need-to-know/,-1,0,0.00,0.08,295000000,"[18,45,100,18,100,18,18,18,18,18,27,18]",2026-04-20,People also ask,,
property management company cost,10,10,590,35,2.66,informational,https://www.reedyandcompany.com/blog/how-much-do-property-management-companies-charge-rates-explained/,-1,0.01,5.00,0.24,540000000,"[16,79,66,5,24,16,7,54,4,7,4,4]",2026-04-21,Organic,,
luxury real estate marketing strategies 2025,6,0,40,10,0.00,"commercial, informational",https://www.reedyandcompany.com/blog/12-key-strategies-for-luxury-property-marketing-success/,1,0,0.00,0,325000000,"[0,0,55,22,55,100,77,44]",2026-04-17,Organic,,
unprofessional property manager,1,0,140,1,0.00,informational,https://www.reedyandcompany.com/blog/tell-tale-signs-you-have-an-unprofessional-property-manager-and-what-to-do/,1,0,0.00,0.03,6510000,"[21,81,81,100,65,28,34,21,21,28,21,21]",2026-04-20,AI overview,,
renting homes near me,29,0,2400,67,0.54,transactional,https://www.reedyandcompany.com/rental-properties/,1,0,0.00,0.77,207000000,"[10,10,16,13,10,10,16,16,13,10,13,13]",2026-04-27,Organic,,
home rental companies in memphis,2,6,90,55,0.85,commercial,https://www.reedyandcompany.com/,1,0.01,2.00,0.47,18500000,"[34,19,15,11,42,15,42,53,53,53,53,53]",2026-04-24,Organic,Discussions and forums,
apartment rental agency memphis,2,0,40,52,0.00,commercial,https://www.reedyandcompany.com/,1,0,0.00,0,111,"[100,100,75,100,100,75]",2026-04-26,Organic,,
rehab real estate,5,9,110,7,0.00,informational,https://www.reedyandcompany.com/blog/property-rehab-a-lucrative-opportunity-for-real-estate-investors/,1,0,0.00,0.02,143,"[34,28,34,28,34,34,21,28,100,34,28,21]",2026-04-05,Organic,Video Carousel,People also ask
how to report property management company,0,1,70,28,1.78,informational,https://www.reedyandcompany.com/blog/tell-tale-signs-you-have-an-unprofessional-property-manager-and-what-to-do/,-1,0,0.00,0.03,516000000,"[63,63,63,45,63,45,81,100,81,63,100,45]",2026-04-15,People also ask,,
houses for rent memphis tn by owner,8,5,40,33,0.21,informational,https://www.reedyandcompany.com/rental-properties/,-1,0,0.00,0.61,2240000,"[100,18,18,18,100,18,18,36,27,45,36,45]",2026-04-12,Organic,,
luxury real estate marketing strategies,5,14,40,13,0.00,informational,https://www.reedyandcompany.com/blog/12-key-strategies-for-luxury-property-marketing-success/,1,0,0.00,0,301000000,"[9,18,27,18,18,36,81,100,45,18]",2026-04-17,Organic,,
house cleaning rules for tenants,0,1,70,13,0.00,informational,https://www.reedyandcompany.com/blog/can-a-landlord-remove-your-belongings-without-permission-legal-insights/,-1,0,0.00,0.33,7340000,"[4,6,8,8,8,8,8,6,6,4,6,100]",2026-04-23,People also ask,,
for rent by owner memphis tn,11,7,170,31,0.35,informational,https://www.reedyandcompany.com/rental-properties/,-1,0,0.00,0.67,13000000,"[43,53,43,53,34,53,81,53,53,34,43,34]",2026-04-19,Organic,,
casas en renta memphis tn,5,8,50,35,0.37,informational,https://www.reedyandcompany.com/rental-properties/,1,0.01,0.00,0.7,43700,"[14,28,35,50,28,64,50,50,21,28,28,21]",2026-04-12,Organic,,
what is a security deposit for renting,0,1,90,46,0.09,informational,https://www.reedyandcompany.com/blog/security-deposit-law-what-memphis-landlords-can-and-cant-do/,-1,0,0.00,0.03,29800000,"[0,0,0,0,29,0,81,0,8,0,0,100]",2026-04-14,People also ask,,
how long do landlords have to give back security deposit,0,1,90,24,0.11,informational,https://www.reedyandcompany.com/blog/security-deposit-law-what-memphis-landlords-can-and-cant-do/,-1,0,0.00,0.03,6050000,"[33,33,33,52,42,52,42,33,42,42,33,33]",2026-04-22,People also ask,,
2 br house for rent,21,0,1000,15,0.33,commercial,https://www.reedyandcompany.com/blog/2-bedroom-houses-for-rent-does-size-matter-a-guide-for-renters/,1,0,0.00,0.66,132000000,"[62,81,81,81,81,55,100,100,30,62,62,81]",2026-04-01,Organic,,
tenancy at will agreement,1,2,30,5,1.39,informational,https://www.reedyandcompany.com/blog/tenant-at-will-explained-everything-you-need-to-know/,1,0,1.00,0.34,25300000,"[78,14,14,14,28,14,14,21,14,28,14,14]",2026-04-27,People also ask,"Image pack, Discussions and forums",Video Carousel
ready and company,0,6,70,43,0.68,navigational,https://www.reedyandcompany.com/,-1,0,0.00,0.02,2770000000,"[0,0,0,0,0,1,1,1,1,1,1,1]",2026-04-25,People also ask,,
emotional support animal laws in tennessee,0,2,70,12,1.08,informational,https://www.reedyandcompany.com/blog/when-can-a-landlord-legally-reject-an-esa/,-1,0,0.00,0.4,654000,"[29,29,41,52,52,41,29,41,29,29,41,11]",2026-04-01,People also ask,,
luxury property marketing,2,5,90,15,0.00,informational,https://www.reedyandcompany.com/blog/12-key-strategies-for-luxury-property-marketing-success/,1,0.03,0.00,0.33,133000000,"[3,1,3,2,4,5,5,6,5,6,8,10]",2026-04-02,Organic,"Image pack, Things to know",Video Carousel
houses for rent in memphis tn 38104,10,18,70,19,0.35,informational,https://www.reedyandcompany.com/rental-properties/,1,0,0.00,0.67,133,"[33,23,14,33,33,33,33,33,23,23,33,33]",2026-04-05,Organic,,
tenant reference letter sample,3,0,140,12,0.71,informational,https://www.reedyandcompany.com/blog/the-tenant-reference-letter-tips-and-best-practices-for-memphis-landlords/,1,0,0.00,0.62,12200000,"[35,53,100,53,28,7,35,53,28,23,28,10]",2026-04-17,People also ask,,
how to find tenants fast,3,3,90,2,8.15,informational,https://www.reedyandcompany.com/blog/quickly-and-effective-rentals-how-to-find-tenants-that-work/,1,0,8.00,0.46,54100000,"[19,9,52,52,9,9,33,52,52,52,100,33]",2026-04-09,Organic,,People also ask
tenant at will form,2,3,70,17,1.24,informational,https://www.reedyandcompany.com/blog/tenant-at-will-explained-everything-you-need-to-know/,1,0.01,2.00,0.91,174000000,"[100,42,33,33,42,33,23,23,33,23,23,19]",2026-04-24,People also ask,,
letter of recommendation rental,6,0,70,10,0.94,informational,https://www.reedyandcompany.com/blog/the-tenant-reference-letter-tips-and-best-practices-for-memphis-landlords/,1,0,0.00,0.72,24600000,"[4,2,6,8,8,4,4,6,8,6,100,8]",2026-04-19,Organic,,
tasks of a property manager,8,4,70,21,0.53,informational,https://www.reedyandcompany.com/blog/a-property-manager-duties-checklist-for-beginners/,-1,0,0.00,0.12,112000000,"[1,19,1,0,0,1,0,1,0,0,100,0]",2026-04-20,Organic,,People also ask
how long do landlords have to fix hot water,6,17,70,13,0.00,informational,https://www.reedyandcompany.com/blog/how-long-do-landlords-have-to-fix-hot-water-in-memphis-tn/,1,0,0.00,0,4160000,"[52,52,64,41,29,41,23,0,29,41,29,41]",2026-04-12,Organic,Discussions and forums,People also ask
property management duties and responsibilities,15,29,590,33,0.53,informational,https://www.reedyandcompany.com/blog/a-property-manager-duties-checklist-for-beginners/,1,0,0.00,0.12,93500000,"[81,36,45,81,62,36,36,16,24,24,20,24]",2026-04-04,Organic,,People also ask
what are my rights as a tenant without a lease,1,0,320,10,0.41,informational,https://www.reedyandcompany.com/blog/understanding-tenant-rights-without-a-lease-agreement/,1,0,0.00,0.08,173,"[16,13,10,16,13,13,16,16,16,13,8,8]",2026-04-03,AI overview,,
do property management companies pay for repairs,8,9,50,0,0.00,informational,https://www.reedyandcompany.com/blog/how-much-do-property-management-companies-charge-rates-explained/,1,0,0.00,0.04,157,"[77,55,55,55,44,22,77,77,55,55,44,22]",2026-04-11,Organic,,People also ask
how to find a tenant quickly,1,0,70,2,8.15,informational,https://www.reedyandcompany.com/blog/quickly-and-effective-rentals-how-to-find-tenants-that-work/,1,0,8.00,0.46,62400000,"[17,17,64,64,11,17,41,52,52,41,100,52]",2026-04-09,AI overview,,
how to find a tenant quickly,6,3,70,2,8.15,informational,https://www.reedyandcompany.com/blog/quickly-and-effective-rentals-how-to-find-tenants-that-work/,-1,0,0.00,0.46,62400000,"[17,17,64,64,11,17,41,52,52,41,100,52]",2026-04-09,Organic,,People also ask
renting out a house for the first time,8,14,260,19,1.99,"commercial, informational",https://www.reedyandcompany.com/blog/a-beginners-guide-to-renting-out-a-house-for-the-first-time/,1,0,1.00,0.6,5750000000,"[44,44,66,54,36,36,19,29,23,29,66,15]",2026-04-13,Organic,AI overview,People also ask
rent split,56,32,1900,29,1.92,informational,https://www.reedyandcompany.com/blog/how-to-split-rent-in-your-apartment/,-1,0,0.00,0.63,407000000,"[27,16,16,44,24,27,52,66,66,100,80,66]",2026-04-24,Organic,People also ask,Short videos
house for rent in memphis tn,7,8,140,36,0.42,informational,https://www.reedyandcompany.com/rental-properties/,1,0.02,1.00,0.64,7450000,"[0,13,6,16,5,13,20,20,13,13,3,5]",2026-04-24,Organic,,
rent homes,0,43,5400,60,0.65,commercial,https://www.reedyandcompany.com/rental-properties/,-1,0,0.00,0.61,138,"[19,19,19,19,19,19,19,19,19,19,19,66]",2026-04-02,Organic,,
rent homes in memphis,7,7,40,34,0.46,commercial,https://www.reedyandcompany.com/rental-properties/,1,0,0.00,0.6,6180000,"[18,5,3,15,5,3,5,8,1,5,8,3]",2026-04-13,Organic,,
rental home companies in memphis,3,2,70,52,0.85,commercial,https://www.reedyandcompany.com/,-1,0.01,1.00,0.47,9360000,"[29,22,8,14,14,29,8,14,14,6,10,8]",2026-04-03,Organic,,
home rentals,45,81,6600,98,0.85,informational,https://www.reedyandcompany.com/rental-properties/,1,0,0.00,0.59,2570000000,"[16,19,19,29,19,19,19,19,19,19,19,19]",2026-04-27,Organic,,
homes for lease,0,23,1000,84,0.83,informational,https://www.reedyandcompany.com/rental-properties/,-1,0,0.00,0.59,89000000,"[16,24,34,30,24,30,20,24,24,65,55,55]",2026-04-13,Organic,,
investing in memphis real estate,7,0,70,18,6.43,informational,https://www.reedyandcompany.com/investments/,1,0,6.00,0.27,134,"[29,0,52,52,29,23,23,64,41,52,29,29]",2026-04-02,Organic,,
renting security deposit,0,1,50,30,1.53,informational,https://www.reedyandcompany.com/blog/security-deposit-law-what-memphis-landlords-can-and-cant-do/,-1,0,0.00,0.04,190000000,"[0,0,0,0,0,0,0,100,8,0,2,0]",2026-04-24,People also ask,,
no ac in apartment laws,0,1,50,6,0.00,informational,https://www.reedyandcompany.com/blog/how-long-can-a-landlord-leave-you-without-heat/,-1,0,0.00,0.33,16300000,"[7,7,7,7,7,42,42,53,7,7,7,7]",2026-04-16,People also ask,,
property management rates,0,15,1000,34,2.86,informational,https://www.reedyandcompany.com/blog/how-much-do-property-management-companies-charge-rates-explained/,-1,0,0.00,0.28,437000000,"[36,27,20,20,36,27,20,36,44,13,27,44]",2026-04-17,Organic,,
how long does a landlord have to fix hot water,6,15,90,2,0.00,informational,https://www.reedyandcompany.com/blog/how-long-do-landlords-have-to-fix-hot-water-in-memphis-tn/,1,0,0.00,0,145,"[34,28,21,28,28,28,21,28,15,28,21,28]",2026-04-20,Organic,Discussions and forums,People also ask
small 2 bedroom apartment,0,1,70,21,1.29,informational,https://www.reedyandcompany.com/blog/what-are-the-different-types-of-apartments/,-1,0,0.00,0.39,432000000,"[18,18,63,100,63,81,81,63,63,63,63,63]",2026-04-07,People also ask,,
short term rental agreement,18,0,1000,25,1.83,informational,https://www.reedyandcompany.com/blog/how-to-craft-the-perfect-short-term-rental-agreement-today/,1,0,1.00,1,112000000,"[81,81,100,81,62,55,81,55,62,45,55,55]",2026-04-17,Organic,,
property management gary indiana,0,1,70,20,2.80,commercial,https://www.reedyandcompany.com/blog/tell-tale-signs-you-have-an-unprofessional-property-manager-and-what-to-do/,-1,0,0.00,0.3,62300000,"[33,66,52,33,23,23,33,19,33,33,33,23]",2026-04-15,People also ask,,
reliant property management reviews,6,0,110,26,0.00,commercial,https://www.reedyandcompany.com/blog/what-is-included-in-a-property-management-report-a-landlords-guide/,1,0,0.00,0.02,79,"[19,15,15,5,15,6,9,9,6,19,36,29]",2026-04-13,People also ask,,
reedy & company memphis property rentals reviews,0,5,170,18,0.71,commercial,https://www.reedyandcompany.com/,-1,0,0.00,0.06,7270,"[53,80,53,80,100,80,80,80,53,34,53,53]",2026-04-05,People also ask,,
reedy & company memphis property rentals reviews,0,5,170,18,0.71,commercial,https://www.reedyandcompany.com/blog/unmatched-property-management-boost-your-property-investments/,-1,0,0.00,0.06,7270,"[53,80,53,80,100,80,80,80,53,34,53,53]",2026-04-05,People also ask,,
introducing yourself to neighbors,6,0,50,16,0.00,informational,https://www.reedyandcompany.com/blog/new-neighbors-how-to-introduce-yourself-to-the-community/,1,0,0.00,0.02,25000000,"[14,14,14,14,14,14,14,14,78,78,78,100]",2026-04-16,Organic,,
memphis property manager,4,0,40,24,2.86,commercial,https://www.reedyandcompany.com/,1,0,2.00,0.47,12800000,"[42,28,42,42,42,28,100,57,71,57,71,71]",2026-04-21,Organic,,
landlord home inspection,0,1,50,13,2.88,informational,https://www.reedyandcompany.com/blog/what-can-a-landlord-look-at-during-an-inspection/,-1,0,0.00,0.38,31600000,"[7,7,11,42,11,11,11,15,15,15,15,100]",2026-04-10,AI overview,,
casas en renta memphis,5,7,50,35,0.38,informational,https://www.reedyandcompany.com/rental-properties/,1,0.01,0.00,0.63,392000,"[11,5,41,11,100,64,29,17,23,17,17,23]",2026-04-12,Organic,,
heat not working in apartment,0,1,90,22,10.68,informational,https://www.reedyandcompany.com/blog/how-long-can-a-landlord-leave-you-without-heat/,-1,0,0.00,0.36,270000000,"[29,19,15,12,5,2,3,2,2,2,12,23]",2026-04-10,People also ask,,
2 bedroom 1 bathroom apartments for rent,0,3,70,,0.99,informational,https://www.reedyandcompany.com/blog/what-are-the-different-types-of-apartments/,-1,0,0.00,0.7,54900000,"[100,100,100,18,18,63,18,100,18,63,45,63]",2026-04-07,People also ask,,
compañias de renta de casas,1,0,50,50,1.01,informational,https://www.reedyandcompany.com/rental-properties/,1,0,1.00,0.63,6450000,"[12,17,17,12,12,17,5,5,5,28,5,5]",2026-04-14,AI overview,,
rental properties for rent,0,25,720,86,0.60,commercial,https://www.reedyandcompany.com/rental-properties/,-1,0,0.00,0.33,160000000,"[13,27,20,44,13,16,16,10,16,10,24,16]",2026-04-02,Organic,,
what is a fixed lease,5,16,70,19,0.12,informational,https://www.reedyandcompany.com/blog/maximize-rental-success-with-a-fixed-term-lease/,1,0,0.00,0.04,144,"[100,18,100,18,100,100,18,100,45,45,18,18]",2026-04-07,Organic,,
tennessee emotional support animal laws,0,3,70,17,1.08,informational,https://www.reedyandcompany.com/blog/when-can-a-landlord-legally-reject-an-esa/,-1,0,0.00,0.4,640000,"[41,52,41,52,52,41,29,41,29,29,41,17]",2026-04-05,People also ask,,
house rental companies,30,0,1900,97,2.42,commercial,https://www.reedyandcompany.com/,1,0,2.00,0.59,246000000,"[53,35,53,35,44,35,35,44,13,29,35,18]",2026-04-24,Organic,,
reedy & company memphis property rentals,4,5,90,33,0.63,navigational,https://www.reedyandcompany.com/contact-us/,1,0,0.00,0.32,125000,"[10,10,12,12,7,10,10,12,5,5,5,5]",2026-04-01,Organic,,
city of chicago heat ordinance,0,2,320,14,0.00,informational,https://www.reedyandcompany.com/blog/how-long-can-a-landlord-leave-you-without-heat/,-1,0,0.00,0,1100000,"[20,20,10,16,30,30,8,5,8,16,55,20]",2026-04-14,People also ask,,
how do property management companies charge,4,18,40,20,1.79,informational,https://www.reedyandcompany.com/blog/how-much-do-property-management-companies-charge-rates-explained/,1,0,1.00,0.57,432000000,"[60,40,80,80,80,40,100,100,80,80,100,60]",2026-04-08,Organic,,People also ask
storefront with apartment above for sale,0,6,110,13,0.27,transactional,https://www.reedyandcompany.com/blog/what-are-the-different-types-of-apartments/,-1,0,0.00,0.18,3650000,"[52,64,52,64,64,52,52,82,64,100,41,100]",2026-04-22,People also ask,,
wilson townhomes memphis,1,0,40,19,0.50,informational,https://www.reedyandcompany.com/property-management/multi-family/,1,0,0.00,0.21,93500,"[11,41,11,17,5,41,41,23,29,11,23,23]",2026-04-04,AI overview,,
apperment,1,0,110,88,0.79,commercial,https://www.reedyandcompany.com/blog/what-are-the-different-types-of-apartments/,1,0,0.00,0.25,1920000000,"[13,0,0,7,0,0,7,8,0,0,0,0]",2026-04-10,Things to know,,
property management duties list,3,3,30,28,0.68,informational,https://www.reedyandcompany.com/blog/a-property-manager-duties-checklist-for-beginners/,1,0,0.00,0.14,141000000,"[80,40,40,40,80,80,40,40,40,40,40,40]",2026-04-02,Organic,AI overview,People also ask
amartment,1,2,90,87,0.79,commercial,https://www.reedyandcompany.com/blog/what-are-the-different-types-of-apartments/,1,0,0.00,0.25,1950000000,"[48,0,0,0,0,0,39,0,5,0,0,0]",2026-04-10,Things to know,,People also ask
management companies near me,19,0,1300,49,3.87,transactional,https://www.reedyandcompany.com/,1,0,3.00,0.47,1710000000,"[79,66,79,54,41,30,30,54,41,54,30,36]",2026-04-13,Organic,,
building management fee,0,18,1300,28,2.86,informational,https://www.reedyandcompany.com/blog/how-much-do-property-management-companies-charge-rates-explained/,-1,0,0.00,0.28,486000000,"[24,3,3,100,66,2,5,0,13,24,19,1]",2026-04-15,Organic,,
tenant at will contract,1,0,30,6,1.39,informational,https://www.reedyandcompany.com/blog/tenant-at-will-explained-everything-you-need-to-know/,1,0,1.00,0.34,85100000,"[52,9,9,9,9,9,9,9,9,9,9,9]",2026-04-27,People also ask,,
tenant at will contract,2,3,30,6,1.39,informational,https://www.reedyandcompany.com/blog/tenant-at-will-explained-everything-you-need-to-know/,-1,0,0.00,0.34,85100000,"[52,9,9,9,9,9,9,9,9,9,9,9]",2026-04-27,Organic,People also ask,Ads middle
bent tree apartments memphis,0,3,50,24,1.38,informational,https://www.reedyandcompany.com/blog/how-to-build-a-thriving-rental-portfolio-in-memphis/,-1,0,0.00,0.25,236000,"[29,29,41,29,29,29,29,41,41,41,41,41]",2026-04-22,People also ask,,
homes for rent by owner memphis tn,0,9,70,39,0.25,informational,https://www.reedyandcompany.com/rental-properties/,-1,0,0.00,0.63,2860000,"[64,11,64,64,52,52,41,52,29,29,29,29]",2026-04-16,Organic,,
rental companies that accept section 8,10,14,210,30,0.47,informational,https://www.reedyandcompany.com/blog/section-8-houses-for-rent-by-owner-tips-for-memphis-landlords/,1,0,0.00,0.14,155000000,"[81,35,43,43,43,35,43,35,35,35,18,22]",2026-04-24,Organic,,AI overview
cost of property management,0,13,480,32,2.86,informational,https://www.reedyandcompany.com/blog/how-much-do-property-management-companies-charge-rates-explained/,-1,0,0.00,0.28,527000000,"[10,24,62,45,30,45,6,62,13,6,10,16]",2026-04-05,Organic,,
property rental companies,17,25,1300,94,3.20,commercial,https://www.reedyandcompany.com/,1,0,3.00,0.52,124000000,"[52,44,66,36,27,36,36,36,27,27,24,24]",2026-04-01,Organic,,People also ask
what can a landlord look at during an inspection,4,5,390,6,0.13,informational,https://www.reedyandcompany.com/blog/what-can-a-landlord-look-at-during-an-inspection/,1,0.01,0.00,0.04,22700000,"[39,39,39,39,32,26,39,32,39,48,39,39]",2026-04-09,Organic,,
memphis tennessee property management companies,0,1,30,50,4.58,"commercial, informational",https://www.reedyandcompany.com/,-1,0,0.00,0.55,9480000,"[28,14,28,28,28,14,28,57,57,100,57,57]",2026-04-18,AI overview,,
property rental,34,24,880,99,0.64,commercial,https://www.reedyandcompany.com/rental-properties/,-1,0,0.00,0.56,813000000,"[23,7,16,10,3,19,23,4,3,12,0,7]",2026-04-23,Organic,,See results about
good tenant letter,2,3,70,12,0.00,informational,https://www.reedyandcompany.com/blog/the-tenant-reference-letter-tips-and-best-practices-for-memphis-landlords/,1,0.01,0.00,0.33,63000000,"[5,5,5,5,5,5,12,12,10,10,100,10]",2026-04-23,Organic,"Video Carousel, AI overview",
rentals homes near me,22,0,1300,66,0.54,"informational, transactional",https://www.reedyandcompany.com/rental-properties/,1,0,0.00,0.77,97000000,"[23,4,5,4,8,3,10,54,3,4,3,4]",2026-04-11,Organic,,
property management companies in memphis tennessee,1,2,50,52,3.74,commercial,https://www.reedyandcompany.com/,1,0.01,11.00,0.4,121,"[21,14,28,100,14,14,35,28,50,78,50,78]",2026-04-09,Organic,,
graceland pointe apartments,11,8,260,28,0.46,"informational, transactional",https://www.reedyandcompany.com/property-management/multi-family/,-1,0,0.00,0.16,52500,"[29,23,19,23,29,44,36,54,54,44,44,44]",2026-04-23,Organic,,
screening tenants checklist,9,37,50,12,1.41,informational,https://www.reedyandcompany.com/blog/tenant-screening-checklist-a-helpful-tool-for-landlords/,1,0,1.00,0.22,135,"[21,21,50,35,50,35,78,100,28,0,7,7]",2026-04-10,Organic,,
can i get evicted for no reason,4,0,40,11,0.00,informational,https://www.reedyandcompany.com/blog/can-a-landlord-evict-you-for-no-reason/,1,0,0.00,0.08,15700000,"[36,45,45,45,27,36,36,63,27,18,18,18]",2026-04-07,Organic,,
how long do landlords have to fix heating,6,82,50,13,0.00,informational,https://www.reedyandcompany.com/blog/how-long-can-a-landlord-leave-you-without-heat/,1,0,0.00,0.01,5340000,"[34,21,21,6,6,6,6,6,6,6,34,43]",2026-04-27,Organic,,AI overview
leasing companies memphis tn,2,3,50,53,0.00,commercial,https://www.reedyandcompany.com/,1,0.01,0.00,0.67,1990000,"[18,100,18,18,18,100,100,18,18,18,18,18]",2026-04-09,Organic,,
tn rent,12,0,40,43,0.58,informational,https://www.reedyandcompany.com/rental-properties/,0,0,0.00,0.66,284000000,"[0,0,33,33,23,14,19,4,33,23,14,42]",2026-04-17,Organic,,
investment property experts,45,0,40,57,0.00,informational,https://www.reedyandcompany.com/,0,0,0.00,0.5,118,"[33,55,77,77,77,100,22,22,22,22,22,22]",2026-04-09,Organic,,
do property management companies handle repairs,0,1,50,0,0.00,informational,https://www.reedyandcompany.com/blog/tell-tale-signs-you-have-an-unprofessional-property-manager-and-what-to-do/,0,0,0.00,0.06,18200000,"[7,7,7,7,7,19,42,100,15,15,15,19]",2026-04-20,People also ask,,
property manager duties and responsibilities,19,72,260,23,0.89,informational,https://www.reedyandcompany.com/blog/a-property-manager-duties-checklist-for-beginners/,0,0,0.00,0.09,48000000,"[16,5,11,11,8,13,8,8,7,7,8,5]",2026-04-10,Organic,,People also ask
re investment,37,0,110,20,5.31,informational,https://www.reedyandcompany.com/investments/,0,0,0.00,0.07,128,"[35,17,43,53,43,23,12,10,12,23,23,17]",2026-04-02,Organic,,
atera apartments photos,0,9,50,24,1.61,informational,https://www.reedyandcompany.com/blog/what-are-the-different-types-of-apartments/,0,0,0.00,0.42,5860,"[9,0,15,21,21,21,21,21,15,15,9,15]",2026-04-19,People also ask,,
section 8 property management rental listing,51,0,50,19,0.70,informational,https://www.reedyandcompany.com/blog/section-8-houses-for-rent-by-owner-tips-for-memphis-landlords/,0,0,0.00,0.36,153,"[52,19,23,19,23,19,33,33,14,9,14,14]",2026-04-08,Organic,,
the sheraton apartments,0,96,70,21,0.69,"informational, transactional",https://www.reedyandcompany.com/property-management/multi-family/,0,0,0.00,0.28,6630000,"[35,14,78,78,14,78,78,78,50,50,50,50]",2026-04-26,Organic,,
calculating vacancy rate,16,0,70,19,0.00,informational,https://www.reedyandcompany.com/blog/how-to-calculate-the-vacancy-rate-of-the-properties-in-your-memphis-portfolio/,0,0,0.00,0,34200000,"[77,55,77,77,77,55,100,100,77,100,55,77]",2026-04-03,Organic,,
calculating vacancy rate,26,0,70,19,0.00,informational,https://www.reedyandcompany.com/blog/what-is-your-vacancy-rate-keeping-your-cash-flow-stable/,0,0,0.00,0,34200000,"[77,55,77,77,77,55,100,100,77,100,55,77]",2026-04-03,Organic,,
memphis prime properties,35,0,40,25,0.00,informational,https://www.reedyandcompany.com/investments/,0,0,0.00,0.03,99,"[18,18,100,18,100,100,18,18,18,18,18,18]",2026-04-12,Organic,,
find a rent,0,96,90,94,1.01,"informational, transactional",https://www.reedyandcompany.com/rental-properties/,0,0,0.00,0.62,940000000,"[29,29,100,64,41,52,52,52,41,41,41,41]",2026-04-11,Organic,,
deerfield woods livonia michigan,0,5,320,19,0.26,navigational,https://www.reedyandcompany.com/blog/what-are-the-different-types-of-apartments/,0,0,0.00,0.08,181000,"[23,19,29,29,15,100,100,0,0,44,54,0]",2026-04-10,People also ask,,
crestcore realty memphis,54,0,170,31,1.28,navigational,https://www.reedyandcompany.com/,0,0,0.00,0.02,20900,"[44,36,36,19,36,29,9,19,19,12,9,9]",2026-04-14,Organic,,
crestcore realty memphis,77,0,170,31,1.28,navigational,https://www.reedyandcompany.com/rental-properties/,0,0,0.00,0.02,20900,"[44,36,36,19,36,29,9,19,19,12,9,9]",2026-04-14,Organic,,
property manager collects money,0,1,1300,13,0.00,informational,https://www.reedyandcompany.com/blog/tell-tale-signs-you-have-an-unprofessional-property-manager-and-what-to-do/,0,0,0.00,0,104000000,"[100,0,0]",2026-04-22,People also ask,,
property manager collects money,0,66,1300,13,0.00,informational,https://www.reedyandcompany.com/blog/know-your-tennessee-property-management-laws/,0,0,0.00,0,104000000,"[100,0,0]",2026-04-22,Organic,,
landlord not renew a lease,0,15,40,15,0.00,informational,https://www.reedyandcompany.com/blog/can-a-landlord-not-renew-a-lease/,0,0,0.00,0.33,3330000,"[28,28,28,28,28,28,28,100,100,100,100,100]",2026-04-16,Organic,,
real estate corporate,65,0,70,27,1.60,informational,https://www.reedyandcompany.com/investments/,0,0,0.00,0.2,151,"[50,50,100,78,78,35,28,14,14,78,21,28]",2026-04-06,Organic,,
what is a reference for renting,0,60,90,22,0.00,informational,https://www.reedyandcompany.com/blog/the-tenant-reference-letter-tips-and-best-practices-for-memphis-landlords/,0,0,0.00,0,551000000,"[26,42,42,34,34,65,26,65,26,34,26,26]",2026-04-07,Organic,,
split my rent into 4 payments,0,94,30,25,2.39,commercial,https://www.reedyandcompany.com/blog/how-to-split-rent-in-your-apartment/,0,0,0.00,0.81,94900000,"[36,18,18,0,18,0,27,18,27,27,63,100]",2026-04-18,Organic,,
living in memphis tn pros and cons,9,8,40,11,0.00,informational,https://www.reedyandcompany.com/blog/everything-you-need-to-know-about-living-in-memphis-tn/,0,0,0.00,0.33,593000,"[7,7,42,7,42,7,7,7,7,7,7,7]",2026-04-03,Organic,Discussions and forums,People also ask
living in memphis tn pros and cons,62,0,40,11,0.00,informational,https://www.reedyandcompany.com/blog/how-to-select-the-best-area-to-rent-in-memphis-tn/,0,0,0.00,0.33,593000,"[7,7,42,7,42,7,7,7,7,7,7,7]",2026-04-03,Organic,,
houses for rent in memphis tn 38106,14,29,40,11,0.26,informational,https://www.reedyandcompany.com/rental-properties/,0,0,0.00,0.48,131,"[23,23,33,23,23,33,33,9,9,9,9,9]",2026-04-06,Organic,,
how much does a two bedroom house cost,20,32,70,19,0.59,informational,https://www.reedyandcompany.com/blog/2-bedroom-houses-for-rent-does-size-matter-a-guide-for-renters/,0,0,0.00,0.32,186,"[63,18,100,81,100,45,63,63,63,63,81,45]",2026-04-25,Organic,,
becoming a landlord for the first time,41,54,110,21,1.46,informational,https://www.reedyandcompany.com/blog/12-things-you-should-know-before-becoming-a-landlord/,0,0,0.00,0.75,223000000,"[9,6,4,6,6,4,12,9,12,9,100,5]",2026-04-27,Organic,,
fielder square apartments,66,0,140,18,0.77,navigational,https://www.reedyandcompany.com/property-management/multi-family/,0,0,0.00,0.4,262000,"[43,23,23,28,28,35,53,43,28,35,35,28]",2026-04-02,Organic,,
when can landlords turn off heat,23,0,40,17,0.00,informational,https://www.reedyandcompany.com/blog/how-long-can-a-landlord-leave-you-without-heat/,0,0,0.00,0.33,163,"[6,6,34,34,34,6,0,6,6,6,6,6]",2026-04-07,Organic,,
different apartments,35,17,30,32,1.72,commercial,https://www.reedyandcompany.com/blog/what-are-the-different-types-of-apartments/,0,0,0.00,0.24,244000000,"[18,18,18,100,18,18,18,18,18,18,18,18]",2026-04-21,Organic,,"Local pack, People also ask"
skyline peaks apartments photos,0,8,50,26,0.65,navigational,https://www.reedyandcompany.com/blog/what-are-the-different-types-of-apartments/,0,0,0.00,0.16,425000,"[22,44,22,55,44,44,55,55,55,77,100,55]",2026-04-21,People also ask,,
housing rental,82,0,880,87,0.50,commercial,https://www.reedyandcompany.com/rental-properties/,0,0,0.00,0.63,705000000,"[36,22,22,5,8,13,54,22,16,1,1,13]",2026-04-05,Organic,,
berg management,0,7,210,29,0.00,navigational,https://www.reedyandcompany.com/blog/a-property-manager-duties-checklist-for-beginners/,0,0,0.00,0.01,135000000,"[35,54,35,54,43,43,43,43,43,35,35,29]",2026-04-19,People also ask,,
jacques company,0,9,170,18,0.00,"informational, transactional",https://www.reedyandcompany.com/blog/local-landlords-handling-property-management-duties-in-house-vs-hiring-a-management-company/,0,0,0.00,0.01,187000000,"[34,80,80,65,65,65,100,65,80,65,53,65]",2026-04-13,People also ask,,
the molino apartments,0,7,260,27,1.01,navigational,https://www.reedyandcompany.com/blog/what-are-the-different-types-of-apartments/,0,0,0.00,0.09,1360000,"[82,66,66,66,66,100,82,82,100,53,28,53]",2026-04-20,People also ask,,
for rent websites,89,0,70,91,0.70,informational,https://www.reedyandcompany.com/rental-properties/,0,0,0.00,0.61,532000000,"[8,5,6,6,6,6,2,10,0,6,6,5]",2026-04-19,Organic,,
bryant companies,0,7,320,28,7.59,navigational,https://www.reedyandcompany.com/blog/local-landlords-handling-property-management-duties-in-house-vs-hiring-a-management-company/,0,0,0.00,0.03,46800000,"[28,35,44,54,66,35,35,66,66,54,54,44]",2026-04-14,People also ask,,
rent net,0,77,110,34,0.82,informational,https://www.reedyandcompany.com/rental-properties/,0,0,0.00,0.14,632000000,"[12,15,15,15,15,10,15,12,12,15,10,10]",2026-04-24,Organic,,
1 bedroom houses for rent in memphis,0,59,40,12,0.42,"informational, transactional",https://www.reedyandcompany.com/rental-properties/,0,0,0.00,0.53,2140000,"[9,9,9,33,9,9,33,52,33,19,9,19]",2026-04-21,Organic,,
buying an apartment vs house,23,15,50,20,0.98,"commercial, informational",https://www.reedyandcompany.com/blog/apartment-vs-a-house-which-is-better-for-your-needs/,0,0,0.00,0.04,839000000,"[45,63,36,27,45,27,63,81,27,45,63,36]",2026-04-17,Organic,Video Carousel,"People also ask, Short videos, Discussions and forums"
who rents,89,0,70,62,0.00,informational,https://www.reedyandcompany.com/rental-properties/,0,0,0.00,0.03,1830000000,"[35,50,50,50,50,35,35,78,50,64,28,35]",2026-04-23,Organic,,
properties in,66,0,50,67,2.41,commercial,https://www.reedyandcompany.com/rental-properties/,0,0,0.00,0.07,1400000000,"[21,0,100,21,28,35,35,50,50,50,35,28]",2026-04-10,Organic,,
background check and credit score,52,45,30,29,4.39,informational,https://www.reedyandcompany.com/blog/everything-you-need-to-know-about-tenant-background-checks/,0,0,0.00,0.7,368000000,"[57,42,71,71,57,57,42,28,28,28,28,28]",2026-04-06,Organic,,"People also ask, Ads middle"
no heat in apartment laws,0,42,50,17,1.27,informational,https://www.reedyandcompany.com/blog/how-long-can-a-landlord-leave-you-without-heat/,0,0,0.00,0.03,39100000,"[100,100,18,18,18,18,18,18,18,18,100,100]",2026-04-17,Organic,,
memphis housing market,35,24,140,31,0.76,"informational, transactional",https://www.reedyandcompany.com/blog/the-2025-memphis-real-estate-market-trends-you-need-to-know/,0,0,0.00,0.14,13000000,"[64,41,64,100,64,64,100,82,82,82,64,82]",2026-04-20,Organic,AI overview,People also ask
property management after hours emergency,0,4,40,12,0.00,informational,https://www.reedyandcompany.com/blog/tell-tale-signs-you-have-an-unprofessional-property-manager-and-what-to-do/,0,0,0.00,0.33,105000000,"[14,14,14,28,21,21,14,35,50,50,35,35]",2026-04-18,People also ask,,
how long does landlord have to give back security deposit,0,1,90,27,0.11,informational,https://www.reedyandcompany.com/blog/security-deposit-law-what-memphis-landlords-can-and-cant-do/,0,0,0.00,0.03,24500000,"[50,50,50,78,64,100,100,64,64,64,64,50]",2026-04-08,People also ask,,
bartlett tn housing market predictions,0,87,140,17,0.00,"informational, transactional",https://www.reedyandcompany.com/blog/the-2025-memphis-real-estate-market-trends-you-need-to-know/,0,0,0.00,0,1280000,[100],2026-04-06,Organic,,
the kennedy apartments,0,77,1000,26,0.79,informational,https://www.reedyandcompany.com/property-management/multi-family/,0,0,0.00,0.09,17500000,"[37,46,37,52,37,46,46,52,52,84,84,37]",2026-04-03,Organic,,
key towers apartments,0,7,480,24,1.27,navigational,https://www.reedyandcompany.com/blog/what-are-the-different-types-of-apartments/,0,0,0.00,0.13,16400000,"[24,24,24,45,24,45,55,30,30,24,55,36]",2026-04-14,People also ask,,
landlord station background check,0,38,40,0,4.17,"informational, transactional",https://www.reedyandcompany.com/blog/how-to-run-a-background-check-on-a-tenant/,0,0,0.00,0.71,8450000,"[28,42,71,42,71,71,57,71,71,28,28,42]",2026-04-02,Organic,,
not renewing lease letter to landlord,89,90,110,14,0.77,informational,https://www.reedyandcompany.com/blog/can-a-landlord-not-renew-a-lease/,0,0,0.00,0.2,4480000,"[22,29,29,29,29,35,29,22,22,18,14,29]",2026-04-22,Organic,,Discussions and forums
apartn,3,0,110,56,0.79,"commercial, navigational",https://www.reedyandcompany.com/blog/what-are-the-different-types-of-apartments/,0,0,0.00,0.25,1960000000,"[0,0,0,0,0,30,0,13,0,36,0,0]",2026-04-09,Things to know,,
what is considered normal wear and tear when renting,48,0,40,19,0.06,informational,https://www.reedyandcompany.com/blog/what-is-normal-wear-and-tear-in-a-rental-home/,0,0,0.00,0.38,207,"[0,23,2,17,2,7,10,5,10,7,28,2]",2026-04-06,Organic,,
rental property management services,44,0,390,73,7.66,commercial,https://www.reedyandcompany.com/,0,0,0.00,0.03,134,"[36,10,8,16,30,100,30,24,13,8,16,16]",2026-04-21,Organic,,
homes for rent in midtown memphis,0,45,70,12,0.24,informational,https://www.reedyandcompany.com/rental-properties/,0,0,0.00,0.63,526000,"[23,14,33,9,52,52,42,19,33,19,19,23]",2026-04-21,Organic,,
tenant home inspection,0,1,110,26,2.95,informational,https://www.reedyandcompany.com/blog/can-landlords-do-inspections-in-memphis-tn-know-your-rights-and-responsibilities/,0,0,0.00,0.1,18100000,"[19,52,52,52,52,66,42,42,42,42,52,66]",2026-04-26,People also ask,,
greenbrook shelby farms apartments,0,53,30,24,0.75,navigational,https://www.reedyandcompany.com/property-management/multi-family/,0,0,0.00,0.38,11300,"[18,100,18,18,18,18,18,18,18,18,18,18]",2026-04-18,Organic,,
flats at big tex,0,3,1600,26,0.95,navigational,https://www.reedyandcompany.com/blog/what-are-the-different-types-of-apartments/,0,0,0.00,0.1,1990000,"[66,54,66,54,66,66,54,79,66,66,54,54]",2026-04-24,People also ask,,
can a landlord evict you for no reason,24,44,590,5,0.46,informational,https://www.reedyandcompany.com/blog/can-a-landlord-ask-you-to-vacate-for-no-reason-find-out-here/,0,0,0.00,0.09,3610000,"[67,55,67,45,36,36,30,67,36,30,45,45]",2026-04-12,Organic,,
foster square apartments photos,0,9,50,19,0.35,"informational, transactional",https://www.reedyandcompany.com/blog/what-are-the-different-types-of-apartments/,0,0,0.00,0.24,3780000,"[9,9,9,100,100,18,18,100,100,18,18,18]",2026-04-21,People also ask,,
scriber creek apartments,0,7,1600,25,0.53,navigational,https://www.reedyandcompany.com/blog/what-are-the-different-types-of-apartments/,0,0,0.00,0.11,13800,"[34,65,30,34,34,34,30,65,65,65,65,100]",2026-04-18,People also ask,,
how much is a property manager per month,12,16,40,27,2.24,informational,https://www.reedyandcompany.com/blog/how-much-do-property-management-companies-charge-rates-explained/,0,0,0.00,0.37,251000000,"[11,23,17,17,23,41,23,23,17,17,52,23]",2026-04-21,Organic,,"People also ask, Ads middle"
611 park avenue apartments baltimore,0,9,210,22,0.52,navigational,https://www.reedyandcompany.com/blog/what-are-the-different-types-of-apartments/,0,0,0.00,0.08,134000,"[35,28,28,12,35,82,100,35,35,66,66,100]",2026-04-21,People also ask,,
olive tree property group,0,8,70,11,0.00,navigational,https://www.reedyandcompany.com/blog/local-landlords-handling-property-management-duties-in-house-vs-hiring-a-management-company/,0,0,0.00,0,21200000,"[63,45,63,63,81,100,100,63,45,63,45,27]",2026-04-15,People also ask,,
for rent houses,23,0,390,55,0.57,informational,https://www.reedyandcompany.com/rental-properties/,0,0,0.00,0.65,250000000,"[13,55,45,24,16,20,13,30,36,24,16,30]",2026-04-13,Organic,,
prairie hills apartments reviews,0,8,70,32,0.42,commercial,https://www.reedyandcompany.com/blog/apartment-vs-a-house-which-is-better-for-your-needs/,0,0,0.00,0.04,2140000,"[11,11,11,11,11,64,64,11,64,11,82,100]",2026-04-19,People also ask,,
perch on the lake,0,7,260,23,0.26,navigational,https://www.reedyandcompany.com/blog/what-are-the-different-types-of-apartments/,0,0,0.00,0.1,22100000,"[36,67,19,3,15,36,44,54,44,19,23,29]",2026-04-13,People also ask,,
280 vance flats,0,84,90,16,0.44,informational,https://www.reedyandcompany.com/property-management/multi-family/,0,0,0.00,0.11,239000,"[7,7,7,7,7,9,9,7,26,7,7,7]",2026-04-09,Organic,,
advertise your rental,43,62,40,18,0.00,commercial,https://www.reedyandcompany.com/blog/5-best-ways-to-advertise-your-rental-property-online/,0,0,0.00,0.86,130,"[44,33,100,55,77,22,44,55,33,22,22,22]",2026-04-09,Organic,,
phase 1 memphis tn,69,0,50,19,0.00,informational,https://www.reedyandcompany.com/property-management/multi-family/,0,0,0.00,0.33,6300000,"[26,19,26,26,19,19,19,19,19,7,7,7]",2026-04-22,Organic,,
what is a landlord inspection,20,14,50,14,0.00,informational,https://www.reedyandcompany.com/blog/what-can-a-landlord-look-at-during-an-inspection/,0,0,0.00,0.02,38700000,"[23,23,42,33,19,19,33,23,33,14,42,23]",2026-04-08,Organic,,People also ask
poplar plaza apartments,71,60,90,26,0.00,"informational, transactional",https://www.reedyandcompany.com/property-management/multi-family/,0,0,0.00,0.03,683000,"[63,45,45,81,100,81,63,63,81,81,100,100]",2026-04-02,Organic,,"Image pack, People also ask"
casa socarras,0,10,70,8,0.00,"informational, transactional",https://www.reedyandcompany.com/blog/what-are-the-different-types-of-apartments/,0,0,0.00,0.05,353000,"[14,14,14,78,78,78,78,35,100,64,78,50]",2026-04-10,People also ask,,
best rental property management,28,0,70,90,5.40,commercial,https://www.reedyandcompany.com/,0,0,0.00,0.61,215000000,"[17,11,64,64,64,100,41,29,23,17,11,64]",2026-04-20,Organic,,
rental deposit refund,0,1,320,39,0.38,informational,https://www.reedyandcompany.com/blog/security-deposit-law-what-memphis-landlords-can-and-cant-do/,0,0,0.00,0.08,69200000,"[44,44,44,66,66,66,66,66,54,44,35,35]",2026-04-20,People also ask,,
emotional support animal laws tennessee,0,89,70,16,1.08,informational,https://www.reedyandcompany.com/blog/support-animals-in-rental-properties-a-guide-for-landlords-in-memphis/,0,0,0.00,0.4,2510000,"[26,26,42,34,34,26,19,26,19,19,26,7]",2026-04-03,Organic,,
emotional support animal laws tennessee,1,0,70,18,1.12,informational,https://www.reedyandcompany.com/blog/when-can-a-landlord-legally-reject-an-esa/,0,0,0.00,0.52,2300000,"[26,42,34,34,26,19,26,19,19,26,7,7]",2026-04-03,AI overview,,
emotional support animal laws tennessee,36,0,70,18,1.12,informational,https://www.reedyandcompany.com/blog/when-can-a-landlord-legally-reject-an-esa/,0,0,0.00,0.52,2300000,"[26,42,34,34,26,19,26,19,19,26,7,7]",2026-04-03,Organic,,
the artistry emeryville,0,10,50,26,1.17,informational,https://www.reedyandcompany.com/blog/what-are-the-different-types-of-apartments/,0,0,0.00,0.44,2410000,"[5,7,5,10,17,17,10,17,12,23,17,12]",2026-04-11,People also ask,,
landlord trying to charge me for repairs,0,34,70,37,2.34,informational,https://www.reedyandcompany.com/blog/can-a-landlord-make-a-tenant-pay-for-repairs/,0,0,0.00,0.09,29500000,"[50,64,50,50,64,50,14,35,50,50,35,21]",2026-04-25,Organic,,
annex of memphis,0,4,140,10,0.65,"informational, transactional",https://www.reedyandcompany.com/blog/exploring-the-best-memphis-neighborhoods-for-investors/,0,0,0.00,0.21,829000,"[18,29,22,22,29,35,29,54,54,29,22,18]",2026-04-27,People also ask,,
marketing for property,0,55,110,32,6.14,informational,https://www.reedyandcompany.com/blog/12-key-strategies-for-luxury-property-marketing-success/,0,0,0.00,0.24,1450000000,"[66,52,52,33,42,80,66,42,33,33,52,33]",2026-04-24,Organic,,
house and apartment difference,20,0,90,8,0.00,informational,https://www.reedyandcompany.com/blog/apartment-vs-a-house-which-is-better-for-your-needs/,0,0,0.00,0,356000000,"[78,50,50,64,64,64,64,78,78,64,78,100]",2026-04-12,Organic,,
what is an apartment home,45,0,140,10,0.00,informational,https://www.reedyandcompany.com/blog/apartment-vs-a-house-which-is-better-for-your-needs/,0,0,0.00,0,1530000000,"[34,42,53,53,65,53,65,53,53,53,53,42]",2026-04-04,Organic,,
morningside apartments imperial,0,9,70,24,0.00,"informational, transactional",https://www.reedyandcompany.com/blog/what-are-the-different-types-of-apartments/,0,0,0.00,0.04,195000,"[33,33,33,33,42,42,52,33,42,33,33,33]",2026-04-11,People also ask,,
aparptments,3,0,110,75,0.79,navigational,https://www.reedyandcompany.com/blog/what-are-the-different-types-of-apartments/,0,0,0.00,0.25,1950000000,"[100,0,5,0,0,0,0,0,0,0,0,0]",2026-04-08,Things to know,,
real estate companies with rental properties,59,0,40,82,1.25,commercial,https://www.reedyandcompany.com/rental-properties/,0,0,0.00,0.61,62200000,"[8,11,6,11,11,8,11,6,3,3,3,3]",2026-04-15,Organic,,
apartments on poplar ave,0,66,40,12,0.91,navigational,https://www.reedyandcompany.com/property-management/multi-family/,0,0,0.00,0.64,88900000,"[23,23,33,33,23,23,9,19,23,9,9,9]",2026-04-06,Organic,,
memphis best rentals,0,13,390,45,0.85,"commercial, navigational",https://www.reedyandcompany.com/blog/how-to-find-the-best-rental-properties-in-memphis-tn/,0,0,0.00,0.17,36000000,"[36,54,44,54,54,44,54,36,44,36,36,29]",2026-04-14,Organic,,
memphis best rentals,41,81,390,31,0.80,"commercial, navigational",https://www.reedyandcompany.com/rental-properties/,0,0,0.00,0.23,10900000,"[54,44,54,54,44,54,36,44,36,36,29,36]",2026-04-14,Organic,,Discussions and forums
house for rent in raleigh memphis,59,34,40,10,0.31,commercial,https://www.reedyandcompany.com/rental-properties/,0,0,0.00,0.73,124,"[55,0,11,0,0,77,11,55,77,77,77,77]",2026-04-06,Organic,,
property management companies apartments,64,0,390,83,2.87,commercial,https://www.reedyandcompany.com/,0,0,0.00,0.46,41100000,"[2,1,0,100,0,0,3,2,1,1,0,0]",2026-04-12,Organic,,
apartments allowing more than 2 pets,0,45,30,3,1.74,informational,https://www.reedyandcompany.com/blog/apartment-living-with-pets-what-you-need-to-know/,0,0,0.00,0.71,22100000,"[18,100,18,18,18,18,18,18,18,18,18,18]",2026-04-27,Organic,,
apartments allowing more than 2 pets,2,0,30,4,1.66,informational,https://www.reedyandcompany.com/blog/declining-tenants-over-pets-whats-the-legal-stand/,0,0,0.00,0.6,26300000,"[100,18,18,18,18,18,18,18,18,18,18,18]",2026-04-27,People also ask,,
deposit apartment,0,56,40,35,0.00,informational,https://www.reedyandcompany.com/blog/how-much-is-a-security-deposit-for-an-apartment-in-memphis-tn-find-out-now/,0,0,0.00,0.33,146000000,"[7,7,7,2,5,10,5,17,17,12,5,10]",2026-04-18,Organic,,
sync at kingsland ranch,0,8,1300,27,0.95,navigational,https://www.reedyandcompany.com/blog/what-are-the-different-types-of-apartments/,0,0,0.00,0.15,21800,"[84,100,25,20,100,37,84,84,68,52,52,68]",2026-04-16,People also ask,,
addendum to rental agreement,36,84,260,24,1.33,informational,https://www.reedyandcompany.com/blog/how-to-incorporate-an-addendum-to-your-lease-agreement/,0,0,0.00,0.69,3860000,"[100,6,44,44,29,36,36,36,15,9,23,36]",2026-04-21,Organic,,
inspection for rental property,0,1,30,22,3.14,informational,https://www.reedyandcompany.com/blog/can-landlords-do-inspections-in-memphis-tn-know-your-rights-and-responsibilities/,0,0,0.00,0.17,54000000,"[14,50,28,14,14,21,21,28,35,21,0,7]",2026-04-26,People also ask,,
noisy neighbours,0,68,170,26,0.15,informational,https://www.reedyandcompany.com/blog/how-to-handle-noisy-apartment-neighbors/,0,0,0.00,0.01,8340000,"[1,4,3,2,8,5,5,30,8,2,10,4]",2026-04-27,Organic,,
heatherwood apartments mill creek,0,7,210,27,1.22,navigational,https://www.reedyandcompany.com/blog/what-are-the-different-types-of-apartments/,0,0,0.00,0.37,54400,"[29,29,29,35,35,54,66,66,66,54,43,43]",2026-04-19,People also ask,,
how much does it cost to file eviction papers,69,53,40,26,0.00,informational,https://www.reedyandcompany.com/blog/can-a-landlord-charge-for-eviction-fees-in-tennessee/,0,0,0.00,0,6210000,"[0,23,23,0,19,33,33,23,33,4,9,19]",2026-04-18,Organic,,People also ask
recommendation letter for tenants,6,20,110,4,0.76,informational,https://www.reedyandcompany.com/blog/the-tenant-reference-letter-tips-and-best-practices-for-memphis-landlords/,0,0,0.00,0.68,4830000,"[0,80,100,65,26,65,80,42,34,11,15,15]",2026-04-11,Organic,Discussions and forums,
no lease agreement,6,0,90,12,1.63,informational,https://www.reedyandcompany.com/blog/understanding-tenant-rights-without-a-lease-agreement/,0,0,0.00,0.05,183000000,"[42,33,42,66,52,42,52,52,33,33,33,23]",2026-04-26,Organic,,
houses for rent in memphis no credit check,42,47,140,29,0.23,commercial,https://www.reedyandcompany.com/rental-properties/,0,0,0.00,0.27,1520000,"[29,35,14,18,35,35,29,14,22,29,22,22]",2026-04-04,Organic,,People also ask
claridge house memphis,58,81,140,6,0.85,informational,https://www.reedyandcompany.com/property-management/multi-family/,0,0,0.00,0.08,120000,"[29,22,29,35,29,35,43,35,35,35,29,22]",2026-04-17,Organic,,People also ask
apaertments,2,3,320,87,0.79,navigational,https://www.reedyandcompany.com/blog/what-are-the-different-types-of-apartments/,0,0,0.00,0.25,160,"[20,5,8,0,5,5,0,0,0,0,0,66]",2026-04-23,Things to know,,Top stories
apartments belleville mi,0,3,90,35,0.89,commercial,https://www.reedyandcompany.com/blog/what-are-the-different-types-of-apartments/,0,0,0.00,0.79,1650000,"[42,26,65,0,15,19,19,53,65,42,15,26]",2026-04-20,People also ask,,
what is rental security deposit,0,1,110,34,0.09,informational,https://www.reedyandcompany.com/blog/security-deposit-law-what-memphis-landlords-can-and-cant-do/,0,0,0.00,0.03,53300000,"[2,0,0,0,29,0,81,0,54,0,0,100]",2026-04-14,People also ask,,
apartment management companies near me,29,76,390,55,3.03,transactional,https://www.reedyandcompany.com/,0,0,0.00,0.39,190,"[66,100,100,66,54,44,66,44,81,44,44,35]",2026-04-09,Organic,,People also ask
kent farm apartments,0,9,140,11,0.75,navigational,https://www.reedyandcompany.com/blog/what-are-the-different-types-of-apartments/,0,0,0.00,0.2,3240000,"[26,34,26,53,53,80,80,100,65,80,53,34]",2026-04-16,People also ask,,
rental companies memphis tn,52,0,390,56,1.09,commercial,https://www.reedyandcompany.com/rental-properties/,0,0,0.00,0.43,4330000,"[72,72,48,26,32,39,39,26,26,21,21,21]",2026-04-13,Organic,,
evernest colorado,0,1,140,35,3.75,navigational,https://www.reedyandcompany.com/blog/tell-tale-signs-you-have-an-unprofessional-property-manager-and-what-to-do/,0,0,0.00,0.32,15000,"[19,23,29,36,19,23,12,10,7,5,3,4]",2026-04-16,People also ask,,
rental property management company near me,29,0,110,58,6.11,transactional,https://www.reedyandcompany.com/,0,0,0.00,0.62,220000000,"[23,6,9,5,4,19,23,23,36,12,12,6]",2026-04-24,Organic,,
240 flats apartments,44,95,30,22,0.69,navigational,https://www.reedyandcompany.com/property-management/multi-family/,0,0,0.00,0.52,92,"[18,18,18,100,18,18,18,18,18,18,18,18]",2026-04-11,Organic,,
ai for lease management,0,78,50,47,0.00,informational,https://www.reedyandcompany.com/blog/15-must-have-ai-property-management-tools-for-memphis-tn-landlords/,0,0,0.00,0,43000000,"[22,33,33,55,33,100,77,33,55,77]",2026-04-12,Organic,,
2 bed apartments las vegas,0,8,590,22,2.05,commercial,https://www.reedyandcompany.com/blog/what-are-the-different-types-of-apartments/,0,0,0.00,0.84,9500000,"[1,10,100,81,13,24,45,4,45,81,62,6]",2026-04-27,People also ask,,
leco realty inc property management memphis tn,14,15,50,33,0.87,informational,https://www.reedyandcompany.com/,0,0,0.00,0.23,1670,"[100,100,18,18,18,18,81,63,36,45,18,18]",2026-04-17,Organic,,
leco realty inc property management memphis tn,60,59,50,33,0.87,informational,https://www.reedyandcompany.com/rental-properties/,0,0,0.00,0.23,1670,"[100,100,18,18,18,18,81,63,36,45,18,18]",2026-04-17,Organic,,
rd properties,0,64,70,48,0.00,commercial,https://www.reedyandcompany.com/investments/,0,0,0.00,0.02,350000000,"[23,33,33,33,33,33,33,42,33,33,33,33]",2026-04-23,Organic,,
real estate rehab,6,0,50,7,0.00,commercial,https://www.reedyandcompany.com/blog/6-mistakes-that-kill-real-estate-rehab-roi-and-how-to-avoid-them/,0,0,0.00,0.02,38100000,"[45,36,27,9,27,36,63,63,45,36,36,100]",2026-04-20,Organic,,
real estate rehab,23,8,50,7,0.00,commercial,https://www.reedyandcompany.com/blog/property-rehab-a-lucrative-opportunity-for-real-estate-investors/,0,0,0.00,0.02,38100000,"[45,36,27,9,27,36,63,63,45,36,36,100]",2026-04-20,Organic,People also ask,Video Carousel
real estate rehab,33,23,50,7,0.00,commercial,https://www.reedyandcompany.com/blog/giving-rehab-property-a-makeover-a-real-estate-investors-guide/,0,0,0.00,0.02,38100000,"[45,36,27,9,27,36,63,63,45,36,36,100]",2026-04-20,Organic,People also ask,Video Carousel
home rentals companies,34,0,260,96,2.60,commercial,https://www.reedyandcompany.com/,0,0,0.00,0.65,94300000,"[0,0,100,0,0,0,0,0,0,0,0,0]",2026-04-23,Organic,,
revid realty,0,49,390,,1.00,navigational,https://www.reedyandcompany.com/contact-us/,0,0,0.00,0.02,5310,"[54,54,67,100,23,36,23,67,44,54,29,10]",2026-04-03,Organic,,
revid realty,0,65,390,,1.00,navigational,https://www.reedyandcompany.com/investments/,0,0,0.00,0.02,5310,"[54,54,67,100,23,36,23,67,44,54,29,10]",2026-04-03,Organic,,
revid realty,39,32,390,43,1.06,navigational,https://www.reedyandcompany.com/,0,0,0.00,0.02,6470,"[54,67,100,23,36,23,67,44,54,29,10,12]",2026-04-03,Organic,,
revid realty,54,63,390,43,1.06,navigational,https://www.reedyandcompany.com/property-management/,0,0,0.00,0.02,6470,"[54,67,100,23,36,23,67,44,54,29,10,12]",2026-04-03,Organic,,
revid realty,56,59,390,43,1.06,navigational,https://www.reedyandcompany.com/property-management/single-family/,0,0,0.00,0.02,6470,"[54,67,100,23,36,23,67,44,54,29,10,12]",2026-04-03,Organic,,
revid realty,60,54,390,43,1.06,navigational,https://www.reedyandcompany.com/rental-properties/,0,0,0.00,0.02,6470,"[54,67,100,23,36,23,67,44,54,29,10,12]",2026-04-03,Organic,,
foundation property management memphis,7,0,70,33,0.00,navigational,https://www.reedyandcompany.com/blog/what-landlords-cant-do-in-memphis/,0,0,0.00,0.06,4510000,"[5,8,13,8,5,3,2,3,5,5,5,5]",2026-04-20,People also ask,,
normal security deposit rental house,0,1,40,31,0.00,informational,https://www.reedyandcompany.com/blog/security-deposit-law-what-memphis-landlords-can-and-cant-do/,0,0,0.00,0.03,23500000,"[18,18,18,18,18,100,100,18,18,18,18,18]",2026-04-19,People also ask,,
newberry heights memphis tn,53,36,70,7,0.00,informational,https://www.reedyandcompany.com/property-management/multi-family/,0,0,0.00,0.07,89,"[45,81,63,63,63,63,45,45,63,63,45,63]",2026-04-27,Organic,,
when does security deposit have to be returned,0,1,40,37,0.00,informational,https://www.reedyandcompany.com/blog/security-deposit-law-what-memphis-landlords-can-and-cant-do/,0,0,0.00,0.01,291000000,"[17,29,29,23,29,23,23,23,41,17,11,11]",2026-04-23,People also ask,,
home rentals in tennessee,0,68,90,33,0.45,informational,https://www.reedyandcompany.com/rental-properties/,0,0,0.00,0.5,51800000,"[5,7,4,5,7,10,5,15,1,19,19,15]",2026-04-06,Organic,,
are pigs allowed in apartments,40,0,40,16,0.00,informational,https://www.reedyandcompany.com/blog/apartment-living-with-pets-what-you-need-to-know/,0,0,0.00,0,2470000,"[33,11,11,11,33,22,77,77,100,55,55,100]",2026-04-14,Organic,,
the bottling plant apartments,0,74,50,28,0.00,navigational,https://www.reedyandcompany.com/property-management/multi-family/,0,0,0.00,0.12,606000,"[1,1,8,8,1,1,1,8,1,2,1,1]",2026-04-09,Organic,,
stranda apartments,0,10,70,20,0.74,"informational, transactional",https://www.reedyandcompany.com/blog/what-are-the-different-types-of-apartments/,0,0,0.00,0.05,44000,"[11,11,11,11,64,11,64,82,11,64,64,11]",2026-04-21,People also ask,,
cresfund property management,35,0,110,13,1.35,navigational,https://www.reedyandcompany.com/,0,0,0.00,0.05,2980,"[80,34,26,26,26,42,65,80,34,65,53,42]",2026-04-26,Organic,,
house.rent,39,0,110,81,0.57,"commercial, informational",https://www.reedyandcompany.com/rental-properties/,0,0,0.00,0.65,1090000000,"[0,0,0,0,0,0,100,0,0,0,0,0]",2026-04-15,Organic,,
pressbox lofts memphis tn,0,10,70,12,0.95,informational,https://www.reedyandcompany.com/blog/how-to-build-a-thriving-rental-portfolio-in-memphis/,0,0,0.00,0.96,2240,"[64,52,41,29,100,64,64,41,52,11,11,11]",2026-04-20,People also ask,,
pressbox lofts memphis tn,0,43,70,12,0.95,informational,https://www.reedyandcompany.com/property-management/multi-family/,0,0,0.00,0.96,2240,"[64,52,41,29,100,64,64,41,52,11,11,11]",2026-04-20,Organic,,
leco property management,0,59,90,34,0.00,informational,https://www.reedyandcompany.com/property-management/,0,0,0.00,0.04,314000,"[42,33,52,52,66,52,42,33,33,52,66,42]",2026-04-11,Organic,,
leco property management,72,0,90,34,0.00,informational,https://www.reedyandcompany.com/rental-properties/,0,0,0.00,0.02,320000,"[33,52,52,66,52,42,33,33,52,66,42,33]",2026-04-11,Organic,,
owning rental houses,0,67,30,21,0.57,commercial,https://www.reedyandcompany.com/blog/the-realities-of-owning-a-memphis-rental-property-what-to-expect/,0,0,0.00,0.17,9810000,"[11,11,11,0,11,64,0,17,23,11,11,11]",2026-04-27,Organic,,
can a landlord charge for repainting,14,23,110,3,0.00,informational,https://www.reedyandcompany.com/blog/can-a-landlord-charge-for-painting-the-rental-property/,0,0,0.00,0,683000,"[66,80,80,52,66,52,66,33,42,23,23,33]",2026-04-09,Organic,Discussions and forums,AI overview
regency apartments west memphis,83,0,70,26,0.82,informational,https://www.reedyandcompany.com/property-management/multi-family/,0,0,0.00,0.24,260000,"[64,11,11,23,23,82,100,52,23,52,11,11]",2026-04-11,Organic,,
images of apartments,0,2,70,30,0.72,"commercial, informational",https://www.reedyandcompany.com/blog/what-are-the-different-types-of-apartments/,0,0,0.00,0.01,154000000,"[33,0,23,0,66,33,0,33,100,52,14,23]",2026-04-09,People also ask,,
lynd management,0,1,90,27,1.55,navigational,https://www.reedyandcompany.com/blog/local-landlords-handling-property-management-duties-in-house-vs-hiring-a-management-company/,0,0,0.00,0.04,894000,"[52,52,41,29,41,29,41,52,82,52,100,52]",2026-04-13,People also ask,,
find a property to rent,0,48,40,85,0.60,informational,https://www.reedyandcompany.com/rental-properties/,0,0,0.00,0.61,680000000,"[7,19,3,7,7,7,7,26,34,11,19,7]",2026-04-16,Organic,,
renewing lease agreement,40,76,50,22,1.54,informational,https://www.reedyandcompany.com/blog/6-things-to-include-in-lease-renewal-agreements/,0,0,0.00,0.98,11500000,"[29,11,23,11,23,17,41,5,17,17,100,29]",2026-04-21,Organic,,
can you be evicted for not paying a late fee,0,35,50,19,0.00,informational,https://www.reedyandcompany.com/blog/paying-rent-late-what-should-landlords-do/,0,0,0.00,0.04,12300000,"[50,35,50,50,50,50,50,50,50,0,35,14]",2026-04-25,Organic,,
rent a house real estate,0,60,140,90,0.89,commercial,https://www.reedyandcompany.com/rental-properties/,0,0,0.00,0.39,183000000,"[26,14,11,7,9,21,14,14,7,14,14,4]",2026-04-16,Organic,,
eastman heights apartments,0,10,110,19,0.49,informational,https://www.reedyandcompany.com/blog/what-are-the-different-types-of-apartments/,0,0,0.00,0.12,313000,"[33,42,52,19,66,42,42,33,80,52,100,100]",2026-04-19,People also ask,,
fieldstone apartments memphis memphis tn,0,65,70,28,0.57,navigational,https://www.reedyandcompany.com/property-management/multi-family/,0,0,0.00,0.32,35600,"[43,43,34,21,28,0,100,0,0,0,15,3]",2026-04-21,Organic,,
houses for rent in memphis tn 38114,29,26,70,14,0.31,informational,https://www.reedyandcompany.com/rental-properties/,0,0,0.00,0.5,128,"[29,41,17,29,41,41,29,41,41,41,41,41]",2026-04-06,Organic,,
letting family live in second home rent-free gift tax,5,33,40,0,0.00,informational,https://www.reedyandcompany.com/blog/rent-to-a-family-member-tax-rules-you-should-know/,0,0,0.00,0.33,5100000,"[52,64,52,17,0,5,5,5,5,5,5,29]",2026-04-13,Organic,Discussions and forums,People also ask
